invoice_id,supplier,country,category,currency,amount,issue_date,due_date,expected_payment_date,payment_date,status,payment_terms_days
AP-50000,Steelworks Holding,DE,Raw Materials,EUR,20145.8,2024-05-23,2024-07-07,2024-07-07,2024-07-07,Paid,45
AP-50001,Steelworks Holding,DE,Raw Materials,EUR,36659.98,2024-05-18,2024-07-02,2024-07-02,2024-07-02,Paid,45
AP-50002,Steelworks Holding,DE,Raw Materials,EUR,49695.81,2024-05-01,2024-06-15,2024-06-17,2024-06-17,Paid,45
AP-50003,Steelworks Holding,DE,Raw Materials,EUR,39341.77,2024-05-20,2024-07-04,2024-07-07,2024-07-07,Paid,45
AP-50004,Steelworks Holding,DE,Raw Materials,EUR,100823.78,2024-05-01,2024-06-15,2024-06-15,2024-06-15,Paid,45
AP-50005,Steelworks Holding,DE,Raw Materials,EUR,183907.8,2024-05-24,2024-07-08,2024-07-14,2024-07-14,Paid,45
AP-50006,Steelworks Holding,DE,Raw Materials,EUR,125175.27,2024-05-13,2024-06-27,2024-06-29,2024-06-29,Paid,45
AP-50007,Steelworks Holding,DE,Raw Materials,EUR,202359.95,2024-05-25,2024-07-09,2024-07-13,2024-07-13,Paid,45
AP-50008,Steelworks Holding,DE,Raw Materials,EUR,135203.55,2024-06-09,2024-07-24,2024-07-25,2024-07-25,Paid,45
AP-50009,Steelworks Holding,DE,Raw Materials,EUR,471133.68,2024-06-25,2024-08-09,2024-08-11,2024-08-11,Paid,45
AP-50010,Steelworks Holding,DE,Raw Materials,EUR,170767.96,2024-06-10,2024-07-25,2024-07-26,2024-07-26,Paid,45
AP-50011,Steelworks Holding,DE,Raw Materials,EUR,210555.96,2024-07-08,2024-08-22,2024-08-20,2024-08-20,Paid,45
AP-50012,Steelworks Holding,DE,Raw Materials,EUR,87489.32,2024-07-28,2024-09-11,2024-09-13,2024-09-13,Paid,45
AP-50013,Steelworks Holding,DE,Raw Materials,EUR,182477.95,2024-07-09,2024-08-23,2024-08-24,2024-08-24,Paid,45
AP-50014,Steelworks Holding,DE,Raw Materials,EUR,300561.06,2024-07-09,2024-08-23,2024-08-27,2024-08-27,Paid,45
AP-50015,Steelworks Holding,DE,Raw Materials,EUR,42343.14,2024-08-28,2024-10-12,2024-10-13,2024-10-13,Paid,45
AP-50016,Steelworks Holding,DE,Raw Materials,EUR,68401.11,2024-08-20,2024-10-04,2024-10-10,2024-10-10,Paid,45
AP-50017,Steelworks Holding,DE,Raw Materials,EUR,98131.16,2024-08-16,2024-09-30,2024-10-04,2024-10-04,Paid,45
AP-50018,Steelworks Holding,DE,Raw Materials,EUR,123804.16,2024-08-11,2024-09-25,2024-09-24,2024-09-24,Paid,45
AP-50019,Steelworks Holding,DE,Raw Materials,EUR,168571.27,2024-08-17,2024-10-01,2024-10-05,2024-10-05,Paid,45
AP-50020,Steelworks Holding,DE,Raw Materials,EUR,52931.47,2024-08-07,2024-09-21,2024-09-24,2024-09-24,Paid,45
AP-50021,Steelworks Holding,DE,Raw Materials,EUR,46073.43,2024-08-12,2024-09-26,2024-09-25,2024-09-25,Paid,45
AP-50022,Steelworks Holding,DE,Raw Materials,EUR,86485.28,2024-09-27,2024-11-11,2024-11-14,2024-11-14,Paid,45
AP-50023,Steelworks Holding,DE,Raw Materials,EUR,78678.78,2024-09-06,2024-10-21,2024-10-22,2024-10-22,Paid,45
AP-50024,Steelworks Holding,DE,Raw Materials,EUR,200037.43,2024-09-01,2024-10-16,2024-10-21,2024-10-21,Paid,45
AP-50025,Steelworks Holding,DE,Raw Materials,EUR,121186.91,2024-09-23,2024-11-07,2024-11-11,2024-11-11,Paid,45
AP-50026,Steelworks Holding,DE,Raw Materials,EUR,87233.73,2024-09-24,2024-11-08,2024-11-07,2024-11-07,Paid,45
AP-50027,Steelworks Holding,DE,Raw Materials,EUR,77944.72,2024-09-07,2024-10-22,2024-10-20,2024-10-20,Paid,45
AP-50028,Steelworks Holding,DE,Raw Materials,EUR,29047.28,2024-09-16,2024-10-31,2024-11-03,2024-11-03,Paid,45
AP-50029,Steelworks Holding,DE,Raw Materials,EUR,65321.62,2024-09-15,2024-10-30,2024-10-26,2024-10-26,Paid,45
AP-50030,Steelworks Holding,DE,Raw Materials,EUR,238735.27,2024-10-15,2024-11-29,2024-12-02,2024-12-02,Paid,45
AP-50031,Steelworks Holding,DE,Raw Materials,EUR,167915.66,2024-10-12,2024-11-26,2024-11-27,2024-11-27,Paid,45
AP-50032,Steelworks Holding,DE,Raw Materials,EUR,204923.1,2024-10-20,2024-12-04,2024-12-04,2024-12-04,Paid,45
AP-50033,Steelworks Holding,DE,Raw Materials,EUR,106742.69,2024-10-02,2024-11-16,2024-11-17,2024-11-17,Paid,45
AP-50034,Steelworks Holding,DE,Raw Materials,EUR,406708.14,2024-11-19,2025-01-03,2025-01-03,2025-01-03,Paid,45
AP-50035,Steelworks Holding,DE,Raw Materials,EUR,77578.39,2024-11-07,2024-12-22,2024-12-30,2024-12-30,Paid,45
AP-50036,Steelworks Holding,DE,Raw Materials,EUR,107034.33,2024-11-25,2025-01-09,2025-01-14,2025-01-14,Paid,45
AP-50037,Steelworks Holding,DE,Raw Materials,EUR,28063.83,2024-11-27,2025-01-11,2025-01-14,2025-01-14,Paid,45
AP-50038,Steelworks Holding,DE,Raw Materials,EUR,94266.34,2024-11-09,2024-12-24,2024-12-24,2024-12-24,Paid,45
AP-50039,Steelworks Holding,DE,Raw Materials,EUR,62555.61,2024-11-19,2025-01-03,2024-12-30,2024-12-30,Paid,45
AP-50040,Steelworks Holding,DE,Raw Materials,EUR,272989.83,2024-12-25,2025-02-08,2025-02-05,2025-02-05,Paid,45
AP-50041,Steelworks Holding,DE,Raw Materials,EUR,93888.83,2024-12-24,2025-02-07,2025-02-11,2025-02-11,Paid,45
AP-50042,Steelworks Holding,DE,Raw Materials,EUR,110529.05,2024-12-20,2025-02-03,2025-02-03,2025-02-03,Paid,45
AP-50043,Steelworks Holding,DE,Raw Materials,EUR,64992.57,2024-12-24,2025-02-07,2025-02-09,2025-02-09,Paid,45
AP-50044,Steelworks Holding,DE,Raw Materials,EUR,218118.26,2024-12-23,2025-02-06,2025-02-07,2025-02-07,Paid,45
AP-50045,Steelworks Holding,DE,Raw Materials,EUR,222720.76,2025-01-16,2025-03-02,2025-03-07,2025-03-07,Paid,45
AP-50046,Steelworks Holding,DE,Raw Materials,EUR,238746.78,2025-01-16,2025-03-02,2025-03-07,2025-03-07,Paid,45
AP-50047,Steelworks Holding,DE,Raw Materials,EUR,218136.62,2025-01-23,2025-03-09,2025-03-10,2025-03-10,Paid,45
AP-50048,Steelworks Holding,DE,Raw Materials,EUR,15555.83,2025-02-13,2025-03-30,2025-04-03,2025-04-03,Paid,45
AP-50049,Steelworks Holding,DE,Raw Materials,EUR,50309.76,2025-02-18,2025-04-04,2025-04-03,2025-04-03,Paid,45
AP-50050,Steelworks Holding,DE,Raw Materials,EUR,124672.55,2025-02-09,2025-03-26,2025-03-26,2025-03-26,Paid,45
AP-50051,Steelworks Holding,DE,Raw Materials,EUR,182551.22,2025-02-04,2025-03-21,2025-03-22,2025-03-22,Paid,45
AP-50052,Steelworks Holding,DE,Raw Materials,EUR,74487.85,2025-02-27,2025-04-13,2025-04-16,2025-04-16,Paid,45
AP-50053,Steelworks Holding,DE,Raw Materials,EUR,67921.33,2025-02-16,2025-04-02,2025-03-31,2025-03-31,Paid,45
AP-50054,Steelworks Holding,DE,Raw Materials,EUR,84437.9,2025-02-13,2025-03-30,2025-03-28,2025-03-28,Paid,45
AP-50055,Steelworks Holding,DE,Raw Materials,EUR,95999.82,2025-02-21,2025-04-07,2025-04-12,2025-04-12,Paid,45
AP-50056,Steelworks Holding,DE,Raw Materials,EUR,134100.09,2025-03-09,2025-04-23,2025-04-26,2025-04-26,Paid,45
AP-50057,Steelworks Holding,DE,Raw Materials,EUR,109447.39,2025-03-21,2025-05-05,2025-05-09,2025-05-09,Paid,45
AP-50058,Steelworks Holding,DE,Raw Materials,EUR,62177.63,2025-03-15,2025-04-29,2025-04-28,2025-04-28,Paid,45
AP-50059,Steelworks Holding,DE,Raw Materials,EUR,84625.65,2025-03-26,2025-05-10,2025-05-17,2025-05-17,Paid,45
AP-50060,Steelworks Holding,DE,Raw Materials,EUR,98102.06,2025-03-09,2025-04-23,2025-04-25,2025-04-25,Paid,45
AP-50061,Steelworks Holding,DE,Raw Materials,EUR,233122.62,2025-03-11,2025-04-25,2025-04-30,2025-04-30,Paid,45
AP-50062,Steelworks Holding,DE,Raw Materials,EUR,46698.22,2025-04-09,2025-05-24,2025-05-25,2025-05-25,Paid,45
AP-50063,Steelworks Holding,DE,Raw Materials,EUR,151212.12,2025-04-28,2025-06-12,2025-06-14,2025-06-14,Paid,45
AP-50064,Steelworks Holding,DE,Raw Materials,EUR,117553.19,2025-04-14,2025-05-29,2025-05-29,2025-05-29,Paid,45
AP-50065,Steelworks Holding,DE,Raw Materials,EUR,81599.59,2025-04-24,2025-06-08,2025-06-16,2025-06-16,Paid,45
AP-50066,Steelworks Holding,DE,Raw Materials,EUR,101837.9,2025-04-08,2025-05-23,2025-05-26,2025-05-26,Paid,45
AP-50067,Steelworks Holding,DE,Raw Materials,EUR,16286.11,2025-04-19,2025-06-03,2025-06-02,2025-06-02,Paid,45
AP-50068,Steelworks Holding,DE,Raw Materials,EUR,194056.0,2025-04-26,2025-06-10,2025-06-16,2025-06-16,Paid,45
AP-50069,Steelworks Holding,DE,Raw Materials,EUR,45716.5,2025-04-18,2025-06-02,2025-06-02,2025-06-02,Paid,45
AP-50070,Steelworks Holding,DE,Raw Materials,EUR,214744.71,2025-05-22,2025-07-06,2025-07-09,2025-07-09,Paid,45
AP-50071,Steelworks Holding,DE,Raw Materials,EUR,300137.69,2025-05-08,2025-06-22,2025-06-23,2025-06-23,Paid,45
AP-50072,Steelworks Holding,DE,Raw Materials,EUR,26375.8,2025-05-22,2025-07-06,2025-07-08,2025-07-08,Paid,45
AP-50073,Steelworks Holding,DE,Raw Materials,EUR,106271.65,2025-05-24,2025-07-08,2025-07-13,2025-07-13,Paid,45
AP-50074,Steelworks Holding,DE,Raw Materials,EUR,43752.36,2025-05-09,2025-06-23,2025-06-27,2025-06-27,Paid,45
AP-50075,Steelworks Holding,DE,Raw Materials,EUR,93343.86,2025-05-09,2025-06-23,2025-06-29,2025-06-29,Paid,45
AP-50076,Steelworks Holding,DE,Raw Materials,EUR,47969.6,2025-06-05,2025-07-20,2025-07-24,2025-07-24,Paid,45
AP-50077,Steelworks Holding,DE,Raw Materials,EUR,224532.09,2025-06-24,2025-08-08,2025-08-08,2025-08-08,Paid,45
AP-50078,Steelworks Holding,DE,Raw Materials,EUR,344831.42,2025-06-07,2025-07-22,2025-07-25,2025-07-25,Paid,45
AP-50079,Steelworks Holding,DE,Raw Materials,EUR,50815.99,2025-06-10,2025-07-25,2025-08-01,2025-08-01,Paid,45
AP-50080,Steelworks Holding,DE,Raw Materials,EUR,125533.01,2025-06-02,2025-07-17,2025-07-17,2025-07-17,Paid,45
AP-50081,Steelworks Holding,DE,Raw Materials,EUR,10988.42,2025-06-14,2025-07-29,2025-07-29,2025-07-29,Paid,45
AP-50082,Steelworks Holding,DE,Raw Materials,EUR,423541.01,2025-07-23,2025-09-06,2025-09-11,2025-09-11,Paid,45
AP-50083,Steelworks Holding,DE,Raw Materials,EUR,89886.34,2025-07-24,2025-09-07,2025-09-09,2025-09-09,Paid,45
AP-50084,Steelworks Holding,DE,Raw Materials,EUR,295807.12,2025-07-25,2025-09-08,2025-09-10,2025-09-10,Paid,45
AP-50085,Steelworks Holding,DE,Raw Materials,EUR,15905.45,2025-08-03,2025-09-17,2025-09-22,2025-09-22,Paid,45
AP-50086,Steelworks Holding,DE,Raw Materials,EUR,86578.11,2025-08-21,2025-10-05,2025-10-05,2025-10-05,Paid,45
AP-50087,Steelworks Holding,DE,Raw Materials,EUR,73283.34,2025-08-21,2025-10-05,2025-10-09,2025-10-09,Paid,45
AP-50088,Steelworks Holding,DE,Raw Materials,EUR,170490.24,2025-08-16,2025-09-30,2025-09-30,2025-09-30,Paid,45
AP-50089,Steelworks Holding,DE,Raw Materials,EUR,80549.27,2025-08-15,2025-09-29,2025-09-28,2025-09-28,Paid,45
AP-50090,Steelworks Holding,DE,Raw Materials,EUR,26625.94,2025-08-15,2025-09-29,2025-09-29,2025-09-29,Paid,45
AP-50091,Steelworks Holding,DE,Raw Materials,EUR,168777.17,2025-08-17,2025-10-01,2025-10-03,2025-10-03,Paid,45
AP-50092,Steelworks Holding,DE,Raw Materials,EUR,114941.94,2025-09-18,2025-11-02,2025-11-02,2025-11-02,Paid,45
AP-50093,Steelworks Holding,DE,Raw Materials,EUR,118082.06,2025-09-03,2025-10-18,2025-10-19,2025-10-19,Paid,45
AP-50094,Steelworks Holding,DE,Raw Materials,EUR,31918.54,2025-09-08,2025-10-23,2025-10-25,2025-10-25,Paid,45
AP-50095,Steelworks Holding,DE,Raw Materials,EUR,227007.23,2025-09-27,2025-11-11,2025-11-08,2025-11-08,Paid,45
AP-50096,Steelworks Holding,DE,Raw Materials,EUR,107389.23,2025-09-06,2025-10-21,2025-10-21,2025-10-21,Paid,45
AP-50097,Steelworks Holding,DE,Raw Materials,EUR,55988.67,2025-09-15,2025-10-30,2025-11-02,2025-11-02,Paid,45
AP-50098,Steelworks Holding,DE,Raw Materials,EUR,28805.86,2025-09-10,2025-10-25,2025-10-25,2025-10-25,Paid,45
AP-50099,Steelworks Holding,DE,Raw Materials,EUR,89327.12,2025-09-22,2025-11-06,2025-11-10,2025-11-10,Paid,45
AP-50100,Steelworks Holding,DE,Raw Materials,EUR,220471.16,2025-10-17,2025-12-01,2025-12-03,2025-12-03,Paid,45
AP-50101,Steelworks Holding,DE,Raw Materials,EUR,38734.15,2025-10-28,2025-12-12,2025-12-11,2025-12-11,Paid,45
AP-50102,Steelworks Holding,DE,Raw Materials,EUR,148324.28,2025-10-24,2025-12-08,2025-12-08,2025-12-08,Paid,45
AP-50103,Steelworks Holding,DE,Raw Materials,EUR,337284.3,2025-10-03,2025-11-17,2025-11-24,2025-11-24,Paid,45
AP-50104,Steelworks Holding,DE,Raw Materials,EUR,473623.08,2025-11-11,2025-12-26,2026-01-01,2026-01-01,Paid,45
AP-50105,Steelworks Holding,DE,Raw Materials,EUR,65281.83,2025-11-17,2026-01-01,2026-01-04,2026-01-04,Paid,45
AP-50106,Steelworks Holding,DE,Raw Materials,EUR,265615.26,2025-11-17,2026-01-01,2026-01-06,2026-01-06,Paid,45
AP-50107,Steelworks Holding,DE,Raw Materials,EUR,319741.2,2025-12-19,2026-02-02,2026-02-08,2026-02-08,Paid,45
AP-50108,Steelworks Holding,DE,Raw Materials,EUR,84153.51,2025-12-12,2026-01-26,2026-01-26,2026-01-26,Paid,45
AP-50109,Steelworks Holding,DE,Raw Materials,EUR,82752.02,2025-12-02,2026-01-16,2026-01-15,2026-01-15,Paid,45
AP-50110,Steelworks Holding,DE,Raw Materials,EUR,94690.34,2025-12-11,2026-01-25,2026-01-29,2026-01-29,Paid,45
AP-50111,Steelworks Holding,DE,Raw Materials,EUR,125910.07,2025-12-22,2026-02-05,2026-02-11,2026-02-11,Paid,45
AP-50112,Steelworks Holding,DE,Raw Materials,EUR,4350.87,2025-12-06,2026-01-20,2026-01-19,2026-01-19,Paid,45
AP-50113,Steelworks Holding,DE,Raw Materials,EUR,71915.51,2025-12-18,2026-02-01,2026-02-01,2026-02-01,Paid,45
AP-50114,Steelworks Holding,DE,Raw Materials,EUR,4183.28,2025-12-22,2026-02-05,2026-02-09,2026-02-09,Paid,45
AP-50115,Steelworks Holding,DE,Raw Materials,EUR,151512.15,2026-01-22,2026-03-08,2026-03-09,2026-03-09,Paid,45
AP-50116,Steelworks Holding,DE,Raw Materials,EUR,72823.12,2026-01-19,2026-03-05,2026-03-08,2026-03-08,Paid,45
AP-50117,Steelworks Holding,DE,Raw Materials,EUR,26470.47,2026-01-22,2026-03-08,2026-03-09,2026-03-09,Paid,45
AP-50118,Steelworks Holding,DE,Raw Materials,EUR,161051.64,2026-01-07,2026-02-21,2026-02-26,2026-02-26,Paid,45
AP-50119,Steelworks Holding,DE,Raw Materials,EUR,26216.39,2026-01-20,2026-03-06,2026-03-13,2026-03-13,Paid,45
AP-50120,Steelworks Holding,DE,Raw Materials,EUR,68383.2,2026-01-08,2026-02-22,2026-02-19,2026-02-19,Paid,45
AP-50121,Steelworks Holding,DE,Raw Materials,EUR,197039.54,2026-01-17,2026-03-03,2026-03-04,2026-03-04,Paid,45
AP-50122,Steelworks Holding,DE,Raw Materials,EUR,114642.25,2026-02-26,2026-04-12,2026-04-15,2026-04-15,Paid,45
AP-50123,Steelworks Holding,DE,Raw Materials,EUR,54543.74,2026-02-04,2026-03-21,2026-03-21,2026-03-21,Paid,45
AP-50124,Steelworks Holding,DE,Raw Materials,EUR,37356.63,2026-02-26,2026-04-12,2026-04-11,2026-04-11,Paid,45
AP-50125,Steelworks Holding,DE,Raw Materials,EUR,171676.76,2026-02-22,2026-04-08,2026-04-08,2026-04-08,Paid,45
AP-50126,Steelworks Holding,DE,Raw Materials,EUR,20880.38,2026-02-13,2026-03-30,2026-03-27,2026-03-27,Paid,45
AP-50127,Steelworks Holding,DE,Raw Materials,EUR,147416.4,2026-02-03,2026-03-20,2026-03-20,2026-03-20,Paid,45
AP-50128,Steelworks Holding,DE,Raw Materials,EUR,132817.75,2026-02-28,2026-04-14,2026-04-15,2026-04-15,Paid,45
AP-50129,Steelworks Holding,DE,Raw Materials,EUR,40997.39,2026-02-19,2026-04-05,2026-04-09,2026-04-09,Paid,45
AP-50130,Steelworks Holding,DE,Raw Materials,EUR,247491.77,2026-03-15,2026-04-29,2026-05-02,2026-05-02,Paid,45
AP-50131,Steelworks Holding,DE,Raw Materials,EUR,104447.75,2026-03-07,2026-04-21,2026-04-21,2026-04-21,Paid,45
AP-50132,Steelworks Holding,DE,Raw Materials,EUR,132384.0,2026-03-23,2026-05-07,2026-05-15,,Open,45
AP-50133,Steelworks Holding,DE,Raw Materials,EUR,51728.77,2026-03-18,2026-05-02,2026-05-04,2026-05-04,Paid,45
AP-50134,Steelworks Holding,DE,Raw Materials,EUR,32962.48,2026-03-21,2026-05-05,2026-05-06,,Open,45
AP-50135,Steelworks Holding,DE,Raw Materials,EUR,162287.28,2026-03-26,2026-05-10,2026-05-13,,Open,45
AP-50136,Steelworks Holding,DE,Raw Materials,EUR,15493.5,2026-03-20,2026-05-04,2026-04-29,2026-04-29,Paid,45
AP-50137,Steelworks Holding,DE,Raw Materials,EUR,103508.01,2026-04-15,2026-05-30,2026-05-29,,Open,45
AP-50138,Steelworks Holding,DE,Raw Materials,EUR,263315.5,2026-04-26,2026-06-10,2026-06-11,,Open,45
AP-50139,Steelworks Holding,DE,Raw Materials,EUR,92880.38,2026-04-10,2026-05-25,2026-05-27,,Open,45
AP-50140,Steelworks Holding,DE,Raw Materials,EUR,47781.06,2026-04-19,2026-06-03,2026-06-04,,Open,45
AP-50141,Steelworks Holding,DE,Raw Materials,EUR,207676.5,2026-04-17,2026-06-01,2026-06-03,,Open,45
AP-50142,Steelworks Holding,DE,Raw Materials,EUR,32432.78,2026-04-23,2026-06-07,2026-06-15,,Open,45
AP-50143,Steelworks Holding,DE,Raw Materials,EUR,33675.71,2026-04-28,2026-06-12,2026-06-13,,Open,45
AP-50144,Steelworks Holding,DE,Raw Materials,EUR,180365.97,2026-05-09,2026-06-23,2026-06-24,,Open,45
AP-50145,Steelworks Holding,DE,Raw Materials,EUR,123980.26,2026-05-12,2026-06-26,2026-06-29,,Open,45
AP-50146,Steelworks Holding,DE,Raw Materials,EUR,303869.6,2026-05-10,2026-06-24,2026-06-25,,Open,45
AP-50147,Steelworks Holding,DE,Raw Materials,EUR,203675.23,2026-05-25,2026-07-09,2026-07-16,,Open,45
AP-50148,Steelworks Holding,DE,Raw Materials,EUR,219894.72,2026-06-19,2026-08-03,2026-08-07,,Open,45
AP-50149,Steelworks Holding,DE,Raw Materials,EUR,6059.57,2026-06-24,2026-08-08,2026-08-16,,Open,45
AP-50150,Steelworks Holding,DE,Raw Materials,EUR,120065.59,2026-06-24,2026-08-08,2026-08-11,,Open,45
AP-50151,Steelworks Holding,DE,Raw Materials,EUR,253804.7,2026-06-17,2026-08-01,2026-08-06,,Open,45
AP-50152,Steelworks Holding,DE,Raw Materials,EUR,122209.78,2026-06-28,2026-08-12,2026-08-13,,Open,45
AP-50153,Steelworks Holding,DE,Raw Materials,EUR,110516.97,2026-06-18,2026-08-02,2026-08-03,,Open,45
AP-50154,Steelworks Holding,DE,Raw Materials,EUR,103449.57,2026-07-19,2026-09-02,2026-08-31,,Open,45
AP-50155,Steelworks Holding,DE,Raw Materials,EUR,147796.06,2026-07-13,2026-08-27,2026-08-29,,Open,45
AP-50156,Steelworks Holding,DE,Raw Materials,EUR,75382.79,2026-07-08,2026-08-22,2026-08-23,,Open,45
AP-50157,Steelworks Holding,DE,Raw Materials,EUR,222957.28,2026-07-06,2026-08-20,2026-08-20,,Open,45
AP-50158,Steelworks Holding,DE,Raw Materials,EUR,287606.96,2026-07-21,2026-09-04,2026-09-04,,Open,45
AP-50159,Steelworks Holding,DE,Raw Materials,EUR,15397.18,2026-08-23,2026-10-07,2026-10-06,,Open,45
AP-50160,Steelworks Holding,DE,Raw Materials,EUR,157240.18,2026-08-03,2026-09-17,2026-09-23,,Open,45
AP-50161,Steelworks Holding,DE,Raw Materials,EUR,315187.47,2026-08-22,2026-10-06,2026-10-10,,Open,45
AP-50162,Steelworks Holding,DE,Raw Materials,EUR,155819.67,2026-08-01,2026-09-15,2026-09-15,,Open,45
AP-50163,Polymer Industries,BE,Raw Materials,EUR,58923.25,2024-05-22,2024-07-06,2024-07-06,2024-07-06,Paid,45
AP-50164,Polymer Industries,BE,Raw Materials,EUR,27662.68,2024-05-15,2024-06-29,2024-06-29,2024-06-29,Paid,45
AP-50165,Polymer Industries,BE,Raw Materials,EUR,41052.09,2024-05-21,2024-07-05,2024-07-06,2024-07-06,Paid,45
AP-50166,Polymer Industries,BE,Raw Materials,EUR,91869.21,2024-05-12,2024-06-26,2024-07-01,2024-07-01,Paid,45
AP-50167,Polymer Industries,BE,Raw Materials,EUR,34198.27,2024-05-21,2024-07-05,2024-07-10,2024-07-10,Paid,45
AP-50168,Polymer Industries,BE,Raw Materials,EUR,42553.21,2024-05-07,2024-06-21,2024-06-21,2024-06-21,Paid,45
AP-50169,Polymer Industries,BE,Raw Materials,EUR,52665.13,2024-05-16,2024-06-30,2024-06-30,2024-06-30,Paid,45
AP-50170,Polymer Industries,BE,Raw Materials,EUR,51189.85,2024-05-05,2024-06-19,2024-06-19,2024-06-19,Paid,45
AP-50171,Polymer Industries,BE,Raw Materials,EUR,93659.29,2024-06-05,2024-07-20,2024-07-28,2024-07-28,Paid,45
AP-50172,Polymer Industries,BE,Raw Materials,EUR,103895.2,2024-06-01,2024-07-16,2024-07-16,2024-07-16,Paid,45
AP-50173,Polymer Industries,BE,Raw Materials,EUR,43952.85,2024-06-04,2024-07-19,2024-07-26,2024-07-26,Paid,45
AP-50174,Polymer Industries,BE,Raw Materials,EUR,13430.38,2024-06-08,2024-07-23,2024-07-23,2024-07-23,Paid,45
AP-50175,Polymer Industries,BE,Raw Materials,EUR,78212.04,2024-06-08,2024-07-23,2024-07-30,2024-07-30,Paid,45
AP-50176,Polymer Industries,BE,Raw Materials,EUR,32916.83,2024-06-15,2024-07-30,2024-07-30,2024-07-30,Paid,45
AP-50177,Polymer Industries,BE,Raw Materials,EUR,23724.89,2024-06-25,2024-08-09,2024-08-12,2024-08-12,Paid,45
AP-50178,Polymer Industries,BE,Raw Materials,EUR,20347.37,2024-06-14,2024-07-29,2024-07-31,2024-07-31,Paid,45
AP-50179,Polymer Industries,BE,Raw Materials,EUR,40801.2,2024-07-11,2024-08-25,2024-08-22,2024-08-22,Paid,45
AP-50180,Polymer Industries,BE,Raw Materials,EUR,76592.94,2024-07-28,2024-09-11,2024-09-08,2024-09-08,Paid,45
AP-50181,Polymer Industries,BE,Raw Materials,EUR,49735.8,2024-07-24,2024-09-07,2024-09-09,2024-09-09,Paid,45
AP-50182,Polymer Industries,BE,Raw Materials,EUR,29853.66,2024-07-25,2024-09-08,2024-09-09,2024-09-09,Paid,45
AP-50183,Polymer Industries,BE,Raw Materials,EUR,28682.54,2024-07-15,2024-08-29,2024-08-29,2024-08-29,Paid,45
AP-50184,Polymer Industries,BE,Raw Materials,EUR,81557.54,2024-07-02,2024-08-16,2024-08-20,2024-08-20,Paid,45
AP-50185,Polymer Industries,BE,Raw Materials,EUR,105015.26,2024-07-08,2024-08-22,2024-08-21,2024-08-21,Paid,45
AP-50186,Polymer Industries,BE,Raw Materials,EUR,14999.17,2024-08-20,2024-10-04,2024-10-04,2024-10-04,Paid,45
AP-50187,Polymer Industries,BE,Raw Materials,EUR,27145.13,2024-08-04,2024-09-18,2024-09-14,2024-09-14,Paid,45
AP-50188,Polymer Industries,BE,Raw Materials,EUR,77462.47,2024-08-18,2024-10-02,2024-10-02,2024-10-02,Paid,45
AP-50189,Polymer Industries,BE,Raw Materials,EUR,26456.69,2024-08-15,2024-09-29,2024-09-29,2024-09-29,Paid,45
AP-50190,Polymer Industries,BE,Raw Materials,EUR,62070.42,2024-08-17,2024-10-01,2024-10-05,2024-10-05,Paid,45
AP-50191,Polymer Industries,BE,Raw Materials,EUR,108667.76,2024-08-06,2024-09-20,2024-09-26,2024-09-26,Paid,45
AP-50192,Polymer Industries,BE,Raw Materials,EUR,50671.24,2024-09-07,2024-10-22,2024-10-24,2024-10-24,Paid,45
AP-50193,Polymer Industries,BE,Raw Materials,EUR,72968.16,2024-09-20,2024-11-04,2024-11-06,2024-11-06,Paid,45
AP-50194,Polymer Industries,BE,Raw Materials,EUR,24765.99,2024-09-23,2024-11-07,2024-11-06,2024-11-06,Paid,45
AP-50195,Polymer Industries,BE,Raw Materials,EUR,111336.32,2024-09-12,2024-10-27,2024-10-30,2024-10-30,Paid,45
AP-50196,Polymer Industries,BE,Raw Materials,EUR,133946.6,2024-09-26,2024-11-10,2024-11-09,2024-11-09,Paid,45
AP-50197,Polymer Industries,BE,Raw Materials,EUR,88041.78,2024-10-03,2024-11-17,2024-11-16,2024-11-16,Paid,45
AP-50198,Polymer Industries,BE,Raw Materials,EUR,98252.68,2024-10-18,2024-12-02,2024-12-02,2024-12-02,Paid,45
AP-50199,Polymer Industries,BE,Raw Materials,EUR,36847.89,2024-10-27,2024-12-11,2024-12-12,2024-12-12,Paid,45
AP-50200,Polymer Industries,BE,Raw Materials,EUR,9339.01,2024-10-20,2024-12-04,2024-12-05,2024-12-05,Paid,45
AP-50201,Polymer Industries,BE,Raw Materials,EUR,46944.08,2024-10-15,2024-11-29,2024-12-01,2024-12-01,Paid,45
AP-50202,Polymer Industries,BE,Raw Materials,EUR,50612.27,2024-10-24,2024-12-08,2024-12-07,2024-12-07,Paid,45
AP-50203,Polymer Industries,BE,Raw Materials,EUR,32031.82,2024-10-08,2024-11-22,2024-11-22,2024-11-22,Paid,45
AP-50204,Polymer Industries,BE,Raw Materials,EUR,17042.07,2024-10-21,2024-12-05,2024-12-07,2024-12-07,Paid,45
AP-50205,Polymer Industries,BE,Raw Materials,EUR,63848.24,2024-11-22,2025-01-06,2025-01-08,2025-01-08,Paid,45
AP-50206,Polymer Industries,BE,Raw Materials,EUR,36534.56,2024-11-09,2024-12-24,2024-12-25,2024-12-25,Paid,45
AP-50207,Polymer Industries,BE,Raw Materials,EUR,115452.93,2024-11-05,2024-12-20,2024-12-21,2024-12-21,Paid,45
AP-50208,Polymer Industries,BE,Raw Materials,EUR,58137.44,2024-11-22,2025-01-06,2025-01-06,2025-01-06,Paid,45
AP-50209,Polymer Industries,BE,Raw Materials,EUR,19293.11,2024-11-15,2024-12-30,2025-01-04,2025-01-04,Paid,45
AP-50210,Polymer Industries,BE,Raw Materials,EUR,65539.62,2024-11-12,2024-12-27,2024-12-30,2024-12-30,Paid,45
AP-50211,Polymer Industries,BE,Raw Materials,EUR,50858.7,2024-11-17,2025-01-01,2025-01-01,2025-01-01,Paid,45
AP-50212,Polymer Industries,BE,Raw Materials,EUR,68533.22,2024-12-17,2025-01-31,2025-01-30,2025-01-30,Paid,45
AP-50213,Polymer Industries,BE,Raw Materials,EUR,56937.45,2024-12-10,2025-01-24,2025-01-28,2025-01-28,Paid,45
AP-50214,Polymer Industries,BE,Raw Materials,EUR,79999.05,2024-12-10,2025-01-24,2025-01-22,2025-01-22,Paid,45
AP-50215,Polymer Industries,BE,Raw Materials,EUR,66095.78,2024-12-24,2025-02-07,2025-02-07,2025-02-07,Paid,45
AP-50216,Polymer Industries,BE,Raw Materials,EUR,88474.8,2024-12-03,2025-01-17,2025-01-17,2025-01-17,Paid,45
AP-50217,Polymer Industries,BE,Raw Materials,EUR,6123.22,2024-12-20,2025-02-03,2025-02-02,2025-02-02,Paid,45
AP-50218,Polymer Industries,BE,Raw Materials,EUR,35221.25,2024-12-06,2025-01-20,2025-01-19,2025-01-19,Paid,45
AP-50219,Polymer Industries,BE,Raw Materials,EUR,44241.75,2025-01-08,2025-02-22,2025-03-03,2025-03-03,Paid,45
AP-50220,Polymer Industries,BE,Raw Materials,EUR,50155.02,2025-01-23,2025-03-09,2025-03-08,2025-03-08,Paid,45
AP-50221,Polymer Industries,BE,Raw Materials,EUR,40814.59,2025-01-06,2025-02-20,2025-02-20,2025-02-20,Paid,45
AP-50222,Polymer Industries,BE,Raw Materials,EUR,26683.11,2025-01-22,2025-03-08,2025-03-08,2025-03-08,Paid,45
AP-50223,Polymer Industries,BE,Raw Materials,EUR,29365.52,2025-01-06,2025-02-20,2025-02-21,2025-02-21,Paid,45
AP-50224,Polymer Industries,BE,Raw Materials,EUR,66461.94,2025-01-18,2025-03-04,2025-03-04,2025-03-04,Paid,45
AP-50225,Polymer Industries,BE,Raw Materials,EUR,78385.18,2025-01-08,2025-02-22,2025-02-27,2025-02-27,Paid,45
AP-50226,Polymer Industries,BE,Raw Materials,EUR,22572.87,2025-01-02,2025-02-16,2025-02-19,2025-02-19,Paid,45
AP-50227,Polymer Industries,BE,Raw Materials,EUR,160692.97,2025-02-03,2025-03-20,2025-03-23,2025-03-23,Paid,45
AP-50228,Polymer Industries,BE,Raw Materials,EUR,63955.97,2025-02-04,2025-03-21,2025-03-18,2025-03-18,Paid,45
AP-50229,Polymer Industries,BE,Raw Materials,EUR,15533.98,2025-02-28,2025-04-14,2025-04-19,2025-04-19,Paid,45
AP-50230,Polymer Industries,BE,Raw Materials,EUR,67946.36,2025-02-27,2025-04-13,2025-04-14,2025-04-14,Paid,45
AP-50231,Polymer Industries,BE,Raw Materials,EUR,59170.41,2025-02-21,2025-04-07,2025-04-09,2025-04-09,Paid,45
AP-50232,Polymer Industries,BE,Raw Materials,EUR,24253.43,2025-03-23,2025-05-07,2025-05-07,2025-05-07,Paid,45
AP-50233,Polymer Industries,BE,Raw Materials,EUR,64131.87,2025-03-21,2025-05-05,2025-05-10,2025-05-10,Paid,45
AP-50234,Polymer Industries,BE,Raw Materials,EUR,74857.51,2025-03-10,2025-04-24,2025-04-22,2025-04-22,Paid,45
AP-50235,Polymer Industries,BE,Raw Materials,EUR,30355.03,2025-03-22,2025-05-06,2025-05-08,2025-05-08,Paid,45
AP-50236,Polymer Industries,BE,Raw Materials,EUR,115267.13,2025-03-17,2025-05-01,2025-05-04,2025-05-04,Paid,45
AP-50237,Polymer Industries,BE,Raw Materials,EUR,25482.92,2025-03-14,2025-04-28,2025-05-03,2025-05-03,Paid,45
AP-50238,Polymer Industries,BE,Raw Materials,EUR,46483.59,2025-03-04,2025-04-18,2025-04-22,2025-04-22,Paid,45
AP-50239,Polymer Industries,BE,Raw Materials,EUR,92826.69,2025-04-25,2025-06-09,2025-06-11,2025-06-11,Paid,45
AP-50240,Polymer Industries,BE,Raw Materials,EUR,119267.03,2025-04-25,2025-06-09,2025-06-13,2025-06-13,Paid,45
AP-50241,Polymer Industries,BE,Raw Materials,EUR,42080.39,2025-04-10,2025-05-25,2025-05-29,2025-05-29,Paid,45
AP-50242,Polymer Industries,BE,Raw Materials,EUR,69354.47,2025-04-26,2025-06-10,2025-06-07,2025-06-07,Paid,45
AP-50243,Polymer Industries,BE,Raw Materials,EUR,74922.34,2025-04-04,2025-05-19,2025-05-23,2025-05-23,Paid,45
AP-50244,Polymer Industries,BE,Raw Materials,EUR,11013.11,2025-05-24,2025-07-08,2025-07-07,2025-07-07,Paid,45
AP-50245,Polymer Industries,BE,Raw Materials,EUR,90281.44,2025-05-09,2025-06-23,2025-06-23,2025-06-23,Paid,45
AP-50246,Polymer Industries,BE,Raw Materials,EUR,71056.81,2025-05-06,2025-06-20,2025-06-17,2025-06-17,Paid,45
AP-50247,Polymer Industries,BE,Raw Materials,EUR,163910.05,2025-05-17,2025-07-01,2025-07-04,2025-07-04,Paid,45
AP-50248,Polymer Industries,BE,Raw Materials,EUR,77846.8,2025-05-16,2025-06-30,2025-07-06,2025-07-06,Paid,45
AP-50249,Polymer Industries,BE,Raw Materials,EUR,34390.05,2025-06-05,2025-07-20,2025-07-24,2025-07-24,Paid,45
AP-50250,Polymer Industries,BE,Raw Materials,EUR,129963.46,2025-06-13,2025-07-28,2025-07-27,2025-07-27,Paid,45
AP-50251,Polymer Industries,BE,Raw Materials,EUR,187484.22,2025-06-04,2025-07-19,2025-07-17,2025-07-17,Paid,45
AP-50252,Polymer Industries,BE,Raw Materials,EUR,72849.5,2025-06-13,2025-07-28,2025-08-02,2025-08-02,Paid,45
AP-50253,Polymer Industries,BE,Raw Materials,EUR,139366.88,2025-07-17,2025-08-31,2025-09-08,2025-09-08,Paid,45
AP-50254,Polymer Industries,BE,Raw Materials,EUR,173894.04,2025-07-23,2025-09-06,2025-09-08,2025-09-08,Paid,45
AP-50255,Polymer Industries,BE,Raw Materials,EUR,73866.2,2025-07-05,2025-08-19,2025-08-21,2025-08-21,Paid,45
AP-50256,Polymer Industries,BE,Raw Materials,EUR,39968.85,2025-07-17,2025-08-31,2025-08-31,2025-08-31,Paid,45
AP-50257,Polymer Industries,BE,Raw Materials,EUR,76572.5,2025-08-09,2025-09-23,2025-09-25,2025-09-25,Paid,45
AP-50258,Polymer Industries,BE,Raw Materials,EUR,53467.16,2025-08-10,2025-09-24,2025-09-22,2025-09-22,Paid,45
AP-50259,Polymer Industries,BE,Raw Materials,EUR,63639.23,2025-08-28,2025-10-12,2025-10-12,2025-10-12,Paid,45
AP-50260,Polymer Industries,BE,Raw Materials,EUR,60299.37,2025-08-04,2025-09-18,2025-09-18,2025-09-18,Paid,45
AP-50261,Polymer Industries,BE,Raw Materials,EUR,2359.81,2025-08-12,2025-09-26,2025-10-03,2025-10-03,Paid,45
AP-50262,Polymer Industries,BE,Raw Materials,EUR,72050.29,2025-08-25,2025-10-09,2025-10-14,2025-10-14,Paid,45
AP-50263,Polymer Industries,BE,Raw Materials,EUR,80722.06,2025-09-13,2025-10-28,2025-10-29,2025-10-29,Paid,45
AP-50264,Polymer Industries,BE,Raw Materials,EUR,23478.02,2025-09-08,2025-10-23,2025-10-18,2025-10-18,Paid,45
AP-50265,Polymer Industries,BE,Raw Materials,EUR,44530.92,2025-09-01,2025-10-16,2025-10-19,2025-10-19,Paid,45
AP-50266,Polymer Industries,BE,Raw Materials,EUR,71017.81,2025-09-13,2025-10-28,2025-11-02,2025-11-02,Paid,45
AP-50267,Polymer Industries,BE,Raw Materials,EUR,32175.72,2025-09-09,2025-10-24,2025-10-24,2025-10-24,Paid,45
AP-50268,Polymer Industries,BE,Raw Materials,EUR,29005.15,2025-09-13,2025-10-28,2025-11-03,2025-11-03,Paid,45
AP-50269,Polymer Industries,BE,Raw Materials,EUR,101830.67,2025-09-27,2025-11-11,2025-11-11,2025-11-11,Paid,45
AP-50270,Polymer Industries,BE,Raw Materials,EUR,25454.98,2025-09-25,2025-11-09,2025-11-09,2025-11-09,Paid,45
AP-50271,Polymer Industries,BE,Raw Materials,EUR,61857.08,2025-10-08,2025-11-22,2025-11-27,2025-11-27,Paid,45
AP-50272,Polymer Industries,BE,Raw Materials,EUR,92536.58,2025-10-15,2025-11-29,2025-11-29,2025-11-29,Paid,45
AP-50273,Polymer Industries,BE,Raw Materials,EUR,31085.52,2025-10-24,2025-12-08,2025-12-12,2025-12-12,Paid,45
AP-50274,Polymer Industries,BE,Raw Materials,EUR,35492.63,2025-10-16,2025-11-30,2025-12-09,2025-12-09,Paid,45
AP-50275,Polymer Industries,BE,Raw Materials,EUR,6637.74,2025-10-04,2025-11-18,2025-11-19,2025-11-19,Paid,45
AP-50276,Polymer Industries,BE,Raw Materials,EUR,48797.31,2025-10-14,2025-11-28,2025-11-26,2025-11-26,Paid,45
AP-50277,Polymer Industries,BE,Raw Materials,EUR,116689.36,2025-10-11,2025-11-25,2025-11-23,2025-11-23,Paid,45
AP-50278,Polymer Industries,BE,Raw Materials,EUR,101670.95,2025-11-14,2025-12-29,2025-12-30,2025-12-30,Paid,45
AP-50279,Polymer Industries,BE,Raw Materials,EUR,37604.78,2025-11-19,2026-01-03,2026-01-03,2026-01-03,Paid,45
AP-50280,Polymer Industries,BE,Raw Materials,EUR,211132.27,2025-11-07,2025-12-22,2025-12-20,2025-12-20,Paid,45
AP-50281,Polymer Industries,BE,Raw Materials,EUR,74199.86,2025-11-14,2025-12-29,2025-12-29,2025-12-29,Paid,45
AP-50282,Polymer Industries,BE,Raw Materials,EUR,33460.55,2025-12-27,2026-02-10,2026-02-09,2026-02-09,Paid,45
AP-50283,Polymer Industries,BE,Raw Materials,EUR,59043.44,2025-12-06,2026-01-20,2026-01-25,2026-01-25,Paid,45
AP-50284,Polymer Industries,BE,Raw Materials,EUR,44276.57,2025-12-18,2026-02-01,2026-02-01,2026-02-01,Paid,45
AP-50285,Polymer Industries,BE,Raw Materials,EUR,73760.99,2025-12-20,2026-02-03,2026-02-06,2026-02-06,Paid,45
AP-50286,Polymer Industries,BE,Raw Materials,EUR,86584.35,2025-12-21,2026-02-04,2026-02-06,2026-02-06,Paid,45
AP-50287,Polymer Industries,BE,Raw Materials,EUR,67556.72,2025-12-27,2026-02-10,2026-02-08,2026-02-08,Paid,45
AP-50288,Polymer Industries,BE,Raw Materials,EUR,51046.24,2025-12-02,2026-01-16,2026-01-18,2026-01-18,Paid,45
AP-50289,Polymer Industries,BE,Raw Materials,EUR,86997.04,2026-01-20,2026-03-06,2026-03-09,2026-03-09,Paid,45
AP-50290,Polymer Industries,BE,Raw Materials,EUR,24845.55,2026-01-05,2026-02-19,2026-02-20,2026-02-20,Paid,45
AP-50291,Polymer Industries,BE,Raw Materials,EUR,53323.62,2026-01-05,2026-02-19,2026-02-23,2026-02-23,Paid,45
AP-50292,Polymer Industries,BE,Raw Materials,EUR,79519.45,2026-01-17,2026-03-03,2026-03-08,2026-03-08,Paid,45
AP-50293,Polymer Industries,BE,Raw Materials,EUR,51606.55,2026-01-22,2026-03-08,2026-03-12,2026-03-12,Paid,45
AP-50294,Polymer Industries,BE,Raw Materials,EUR,74997.61,2026-01-09,2026-02-23,2026-03-02,2026-03-02,Paid,45
AP-50295,Polymer Industries,BE,Raw Materials,EUR,175505.28,2026-02-27,2026-04-13,2026-04-17,2026-04-17,Paid,45
AP-50296,Polymer Industries,BE,Raw Materials,EUR,60878.03,2026-02-12,2026-03-29,2026-03-30,2026-03-30,Paid,45
AP-50297,Polymer Industries,BE,Raw Materials,EUR,44261.19,2026-02-28,2026-04-14,2026-04-11,2026-04-11,Paid,45
AP-50298,Polymer Industries,BE,Raw Materials,EUR,17634.71,2026-02-06,2026-03-23,2026-03-23,2026-03-23,Paid,45
AP-50299,Polymer Industries,BE,Raw Materials,EUR,8978.19,2026-02-15,2026-04-01,2026-04-04,2026-04-04,Paid,45
AP-50300,Polymer Industries,BE,Raw Materials,EUR,72917.44,2026-02-14,2026-03-31,2026-04-03,2026-04-03,Paid,45
AP-50301,Polymer Industries,BE,Raw Materials,EUR,42156.9,2026-03-10,2026-04-24,2026-04-30,2026-04-30,Paid,45
AP-50302,Polymer Industries,BE,Raw Materials,EUR,138606.33,2026-03-19,2026-05-03,2026-05-07,,Open,45
AP-50303,Polymer Industries,BE,Raw Materials,EUR,66217.99,2026-03-08,2026-04-22,2026-04-29,2026-04-29,Paid,45
AP-50304,Polymer Industries,BE,Raw Materials,EUR,147160.88,2026-03-25,2026-05-09,2026-05-12,,Open,45
AP-50305,Polymer Industries,BE,Raw Materials,EUR,110780.09,2026-04-09,2026-05-24,2026-05-28,,Open,45
AP-50306,Polymer Industries,BE,Raw Materials,EUR,62014.11,2026-04-07,2026-05-22,2026-05-24,,Open,45
AP-50307,Polymer Industries,BE,Raw Materials,EUR,21157.69,2026-04-08,2026-05-23,2026-05-28,,Open,45
AP-50308,Polymer Industries,BE,Raw Materials,EUR,42315.96,2026-04-08,2026-05-23,2026-05-29,,Open,45
AP-50309,Polymer Industries,BE,Raw Materials,EUR,63105.91,2026-04-16,2026-05-31,2026-06-01,,Open,45
AP-50310,Polymer Industries,BE,Raw Materials,EUR,75261.08,2026-04-09,2026-05-24,2026-05-29,,Open,45
AP-50311,Polymer Industries,BE,Raw Materials,EUR,37702.06,2026-04-03,2026-05-18,2026-05-20,,Open,45
AP-50312,Polymer Industries,BE,Raw Materials,EUR,53752.17,2026-05-14,2026-06-28,2026-06-28,,Open,45
AP-50313,Polymer Industries,BE,Raw Materials,EUR,107684.94,2026-05-16,2026-06-30,2026-07-04,,Open,45
AP-50314,Polymer Industries,BE,Raw Materials,EUR,12088.56,2026-05-09,2026-06-23,2026-07-01,,Open,45
AP-50315,Polymer Industries,BE,Raw Materials,EUR,108858.01,2026-05-28,2026-07-12,2026-07-19,,Open,45
AP-50316,Polymer Industries,BE,Raw Materials,EUR,21153.44,2026-05-26,2026-07-10,2026-07-10,,Open,45
AP-50317,Polymer Industries,BE,Raw Materials,EUR,75875.19,2026-05-13,2026-06-27,2026-07-01,,Open,45
AP-50318,Polymer Industries,BE,Raw Materials,EUR,49085.74,2026-05-04,2026-06-18,2026-06-19,,Open,45
AP-50319,Polymer Industries,BE,Raw Materials,EUR,218110.21,2026-06-19,2026-08-03,2026-08-06,,Open,45
AP-50320,Polymer Industries,BE,Raw Materials,EUR,54760.81,2026-06-02,2026-07-17,2026-07-18,,Open,45
AP-50321,Polymer Industries,BE,Raw Materials,EUR,58717.59,2026-06-19,2026-08-03,2026-07-31,,Open,45
AP-50322,Polymer Industries,BE,Raw Materials,EUR,27466.76,2026-06-18,2026-08-02,2026-08-04,,Open,45
AP-50323,Polymer Industries,BE,Raw Materials,EUR,80346.73,2026-06-23,2026-08-07,2026-08-06,,Open,45
AP-50324,Polymer Industries,BE,Raw Materials,EUR,34210.1,2026-07-11,2026-08-25,2026-08-23,,Open,45
AP-50325,Polymer Industries,BE,Raw Materials,EUR,377740.65,2026-07-05,2026-08-19,2026-08-20,,Open,45
AP-50326,Polymer Industries,BE,Raw Materials,EUR,29900.93,2026-07-06,2026-08-20,2026-08-25,,Open,45
AP-50327,Polymer Industries,BE,Raw Materials,EUR,143953.29,2026-08-27,2026-10-11,2026-10-11,,Open,45
AP-50328,Polymer Industries,BE,Raw Materials,EUR,39466.36,2026-08-20,2026-10-04,2026-10-04,,Open,45
AP-50329,Polymer Industries,BE,Raw Materials,EUR,87407.12,2026-08-26,2026-10-10,2026-10-11,,Open,45
AP-50330,Polymer Industries,BE,Raw Materials,EUR,68874.49,2026-08-17,2026-10-01,2026-10-01,,Open,45
AP-50331,Voltage Components Ltd,GB,Components,GBP,14596.72,2024-05-28,2024-06-27,2024-06-23,2024-06-23,Paid,30
AP-50332,Voltage Components Ltd,GB,Components,GBP,125697.44,2024-05-11,2024-06-10,2024-06-11,2024-06-11,Paid,30
AP-50333,Voltage Components Ltd,GB,Components,GBP,55231.7,2024-05-19,2024-06-18,2024-06-18,2024-06-18,Paid,30
AP-50334,Voltage Components Ltd,GB,Components,GBP,19272.02,2024-05-06,2024-06-05,2024-06-05,2024-06-05,Paid,30
AP-50335,Voltage Components Ltd,GB,Components,GBP,40988.83,2024-06-24,2024-07-24,2024-07-25,2024-07-25,Paid,30
AP-50336,Voltage Components Ltd,GB,Components,GBP,46498.61,2024-06-10,2024-07-10,2024-07-10,2024-07-10,Paid,30
AP-50337,Voltage Components Ltd,GB,Components,GBP,94940.46,2024-06-08,2024-07-08,2024-07-09,2024-07-09,Paid,30
AP-50338,Voltage Components Ltd,GB,Components,GBP,37751.9,2024-06-05,2024-07-05,2024-07-05,2024-07-05,Paid,30
AP-50339,Voltage Components Ltd,GB,Components,GBP,101798.21,2024-07-17,2024-08-16,2024-08-18,2024-08-18,Paid,30
AP-50340,Voltage Components Ltd,GB,Components,GBP,61319.5,2024-07-17,2024-08-16,2024-08-16,2024-08-16,Paid,30
AP-50341,Voltage Components Ltd,GB,Components,GBP,58189.51,2024-07-02,2024-08-01,2024-08-01,2024-08-01,Paid,30
AP-50342,Voltage Components Ltd,GB,Components,GBP,7291.55,2024-08-03,2024-09-02,2024-09-04,2024-09-04,Paid,30
AP-50343,Voltage Components Ltd,GB,Components,GBP,31072.48,2024-08-05,2024-09-04,2024-09-10,2024-09-10,Paid,30
AP-50344,Voltage Components Ltd,GB,Components,GBP,7865.55,2024-08-26,2024-09-25,2024-09-26,2024-09-26,Paid,30
AP-50345,Voltage Components Ltd,GB,Components,GBP,7016.88,2024-08-14,2024-09-13,2024-09-13,2024-09-13,Paid,30
AP-50346,Voltage Components Ltd,GB,Components,GBP,33271.43,2024-08-06,2024-09-05,2024-09-02,2024-09-02,Paid,30
AP-50347,Voltage Components Ltd,GB,Components,GBP,26370.33,2024-08-10,2024-09-09,2024-09-12,2024-09-12,Paid,30
AP-50348,Voltage Components Ltd,GB,Components,GBP,23802.64,2024-08-02,2024-09-01,2024-09-02,2024-09-02,Paid,30
AP-50349,Voltage Components Ltd,GB,Components,GBP,33381.6,2024-08-16,2024-09-15,2024-09-20,2024-09-20,Paid,30
AP-50350,Voltage Components Ltd,GB,Components,GBP,20868.89,2024-09-14,2024-10-14,2024-10-20,2024-10-20,Paid,30
AP-50351,Voltage Components Ltd,GB,Components,GBP,22555.51,2024-09-17,2024-10-17,2024-10-17,2024-10-17,Paid,30
AP-50352,Voltage Components Ltd,GB,Components,GBP,22039.78,2024-09-27,2024-10-27,2024-10-28,2024-10-28,Paid,30
AP-50353,Voltage Components Ltd,GB,Components,GBP,70830.33,2024-09-25,2024-10-25,2024-10-25,2024-10-25,Paid,30
AP-50354,Voltage Components Ltd,GB,Components,GBP,7633.09,2024-09-03,2024-10-03,2024-10-07,2024-10-07,Paid,30
AP-50355,Voltage Components Ltd,GB,Components,GBP,26571.83,2024-09-28,2024-10-28,2024-10-29,2024-10-29,Paid,30
AP-50356,Voltage Components Ltd,GB,Components,GBP,14014.29,2024-09-07,2024-10-07,2024-10-08,2024-10-08,Paid,30
AP-50357,Voltage Components Ltd,GB,Components,GBP,26834.74,2024-09-05,2024-10-05,2024-10-05,2024-10-05,Paid,30
AP-50358,Voltage Components Ltd,GB,Components,GBP,91682.42,2024-10-04,2024-11-03,2024-10-31,2024-10-31,Paid,30
AP-50359,Voltage Components Ltd,GB,Components,GBP,34213.28,2024-10-24,2024-11-23,2024-11-23,2024-11-23,Paid,30
AP-50360,Voltage Components Ltd,GB,Components,GBP,10763.5,2024-10-10,2024-11-09,2024-11-12,2024-11-12,Paid,30
AP-50361,Voltage Components Ltd,GB,Components,GBP,46353.37,2024-10-13,2024-11-12,2024-11-15,2024-11-15,Paid,30
AP-50362,Voltage Components Ltd,GB,Components,GBP,20510.51,2024-10-05,2024-11-04,2024-11-05,2024-11-05,Paid,30
AP-50363,Voltage Components Ltd,GB,Components,GBP,16554.46,2024-11-22,2024-12-22,2024-12-23,2024-12-23,Paid,30
AP-50364,Voltage Components Ltd,GB,Components,GBP,17058.87,2024-11-09,2024-12-09,2024-12-08,2024-12-08,Paid,30
AP-50365,Voltage Components Ltd,GB,Components,GBP,39785.84,2024-11-10,2024-12-10,2024-12-11,2024-12-11,Paid,30
AP-50366,Voltage Components Ltd,GB,Components,GBP,49586.31,2024-11-17,2024-12-17,2024-12-17,2024-12-17,Paid,30
AP-50367,Voltage Components Ltd,GB,Components,GBP,7022.92,2024-11-27,2024-12-27,2024-12-30,2024-12-30,Paid,30
AP-50368,Voltage Components Ltd,GB,Components,GBP,75736.07,2024-11-16,2024-12-16,2024-12-18,2024-12-18,Paid,30
AP-50369,Voltage Components Ltd,GB,Components,GBP,14180.76,2024-11-01,2024-12-01,2024-12-02,2024-12-02,Paid,30
AP-50370,Voltage Components Ltd,GB,Components,GBP,46659.93,2024-12-02,2025-01-01,2025-01-06,2025-01-06,Paid,30
AP-50371,Voltage Components Ltd,GB,Components,GBP,52095.6,2024-12-25,2025-01-24,2025-01-27,2025-01-27,Paid,30
AP-50372,Voltage Components Ltd,GB,Components,GBP,44065.14,2024-12-22,2025-01-21,2025-01-21,2025-01-21,Paid,30
AP-50373,Voltage Components Ltd,GB,Components,GBP,72659.58,2024-12-13,2025-01-12,2025-01-16,2025-01-16,Paid,30
AP-50374,Voltage Components Ltd,GB,Components,GBP,39869.19,2025-01-10,2025-02-09,2025-02-12,2025-02-12,Paid,30
AP-50375,Voltage Components Ltd,GB,Components,GBP,17978.2,2025-01-05,2025-02-04,2025-02-05,2025-02-05,Paid,30
AP-50376,Voltage Components Ltd,GB,Components,GBP,76283.24,2025-01-12,2025-02-11,2025-02-13,2025-02-13,Paid,30
AP-50377,Voltage Components Ltd,GB,Components,GBP,28425.72,2025-01-26,2025-02-25,2025-03-02,2025-03-02,Paid,30
AP-50378,Voltage Components Ltd,GB,Components,GBP,29998.16,2025-01-23,2025-02-22,2025-02-24,2025-02-24,Paid,30
AP-50379,Voltage Components Ltd,GB,Components,GBP,38744.72,2025-02-07,2025-03-09,2025-03-14,2025-03-14,Paid,30
AP-50380,Voltage Components Ltd,GB,Components,GBP,7866.2,2025-02-17,2025-03-19,2025-03-14,2025-03-14,Paid,30
AP-50381,Voltage Components Ltd,GB,Components,GBP,58976.18,2025-02-16,2025-03-18,2025-03-19,2025-03-19,Paid,30
AP-50382,Voltage Components Ltd,GB,Components,GBP,81688.97,2025-02-21,2025-03-23,2025-03-23,2025-03-23,Paid,30
AP-50383,Voltage Components Ltd,GB,Components,GBP,9905.87,2025-02-25,2025-03-27,2025-03-26,2025-03-26,Paid,30
AP-50384,Voltage Components Ltd,GB,Components,GBP,33857.24,2025-03-15,2025-04-14,2025-04-12,2025-04-12,Paid,30
AP-50385,Voltage Components Ltd,GB,Components,GBP,75701.08,2025-03-27,2025-04-26,2025-04-28,2025-04-28,Paid,30
AP-50386,Voltage Components Ltd,GB,Components,GBP,94888.06,2025-03-22,2025-04-21,2025-04-24,2025-04-24,Paid,30
AP-50387,Voltage Components Ltd,GB,Components,GBP,61183.62,2025-04-10,2025-05-10,2025-05-10,2025-05-10,Paid,30
AP-50388,Voltage Components Ltd,GB,Components,GBP,141361.14,2025-04-08,2025-05-08,2025-05-09,2025-05-09,Paid,30
AP-50389,Voltage Components Ltd,GB,Components,GBP,11360.47,2025-04-02,2025-05-02,2025-05-07,2025-05-07,Paid,30
AP-50390,Voltage Components Ltd,GB,Components,GBP,60958.91,2025-05-01,2025-05-31,2025-05-29,2025-05-29,Paid,30
AP-50391,Voltage Components Ltd,GB,Components,GBP,19298.07,2025-05-14,2025-06-13,2025-06-17,2025-06-17,Paid,30
AP-50392,Voltage Components Ltd,GB,Components,GBP,29440.62,2025-05-18,2025-06-17,2025-06-20,2025-06-20,Paid,30
AP-50393,Voltage Components Ltd,GB,Components,GBP,23659.9,2025-05-21,2025-06-20,2025-06-22,2025-06-22,Paid,30
AP-50394,Voltage Components Ltd,GB,Components,GBP,16739.93,2025-05-06,2025-06-05,2025-06-07,2025-06-07,Paid,30
AP-50395,Voltage Components Ltd,GB,Components,GBP,15544.52,2025-05-09,2025-06-08,2025-06-08,2025-06-08,Paid,30
AP-50396,Voltage Components Ltd,GB,Components,GBP,12257.06,2025-05-14,2025-06-13,2025-06-13,2025-06-13,Paid,30
AP-50397,Voltage Components Ltd,GB,Components,GBP,44411.71,2025-05-11,2025-06-10,2025-06-12,2025-06-12,Paid,30
AP-50398,Voltage Components Ltd,GB,Components,GBP,18146.07,2025-06-01,2025-07-01,2025-07-01,2025-07-01,Paid,30
AP-50399,Voltage Components Ltd,GB,Components,GBP,47932.13,2025-06-27,2025-07-27,2025-07-31,2025-07-31,Paid,30
AP-50400,Voltage Components Ltd,GB,Components,GBP,97791.58,2025-06-14,2025-07-14,2025-07-13,2025-07-13,Paid,30
AP-50401,Voltage Components Ltd,GB,Components,GBP,21468.74,2025-06-25,2025-07-25,2025-07-27,2025-07-27,Paid,30
AP-50402,Voltage Components Ltd,GB,Components,GBP,7468.53,2025-06-10,2025-07-10,2025-07-13,2025-07-13,Paid,30
AP-50403,Voltage Components Ltd,GB,Components,GBP,11702.37,2025-06-27,2025-07-27,2025-07-26,2025-07-26,Paid,30
AP-50404,Voltage Components Ltd,GB,Components,GBP,23480.57,2025-06-09,2025-07-09,2025-07-09,2025-07-09,Paid,30
AP-50405,Voltage Components Ltd,GB,Components,GBP,7776.81,2025-07-07,2025-08-06,2025-08-01,2025-08-01,Paid,30
AP-50406,Voltage Components Ltd,GB,Components,GBP,52106.8,2025-07-08,2025-08-07,2025-08-13,2025-08-13,Paid,30
AP-50407,Voltage Components Ltd,GB,Components,GBP,43377.44,2025-07-13,2025-08-12,2025-08-17,2025-08-17,Paid,30
AP-50408,Voltage Components Ltd,GB,Components,GBP,30434.61,2025-07-22,2025-08-21,2025-08-21,2025-08-21,Paid,30
AP-50409,Voltage Components Ltd,GB,Components,GBP,2434.46,2025-07-08,2025-08-07,2025-08-11,2025-08-11,Paid,30
AP-50410,Voltage Components Ltd,GB,Components,GBP,5520.58,2025-07-15,2025-08-14,2025-08-14,2025-08-14,Paid,30
AP-50411,Voltage Components Ltd,GB,Components,GBP,87632.41,2025-07-21,2025-08-20,2025-08-19,2025-08-19,Paid,30
AP-50412,Voltage Components Ltd,GB,Components,GBP,13241.67,2025-08-18,2025-09-17,2025-09-19,2025-09-19,Paid,30
AP-50413,Voltage Components Ltd,GB,Components,GBP,11017.66,2025-08-07,2025-09-06,2025-09-09,2025-09-09,Paid,30
AP-50414,Voltage Components Ltd,GB,Components,GBP,46567.24,2025-08-08,2025-09-07,2025-09-14,2025-09-14,Paid,30
AP-50415,Voltage Components Ltd,GB,Components,GBP,23002.74,2025-08-01,2025-08-31,2025-08-28,2025-08-28,Paid,30
AP-50416,Voltage Components Ltd,GB,Components,GBP,24151.63,2025-08-13,2025-09-12,2025-09-10,2025-09-10,Paid,30
AP-50417,Voltage Components Ltd,GB,Components,GBP,58311.75,2025-08-16,2025-09-15,2025-09-16,2025-09-16,Paid,30
AP-50418,Voltage Components Ltd,GB,Components,GBP,85867.1,2025-09-17,2025-10-17,2025-10-20,2025-10-20,Paid,30
AP-50419,Voltage Components Ltd,GB,Components,GBP,100732.29,2025-09-22,2025-10-22,2025-10-21,2025-10-21,Paid,30
AP-50420,Voltage Components Ltd,GB,Components,GBP,10916.94,2025-09-11,2025-10-11,2025-10-09,2025-10-09,Paid,30
AP-50421,Voltage Components Ltd,GB,Components,GBP,21630.85,2025-09-06,2025-10-06,2025-10-08,2025-10-08,Paid,30
AP-50422,Voltage Components Ltd,GB,Components,GBP,33547.14,2025-10-17,2025-11-16,2025-11-16,2025-11-16,Paid,30
AP-50423,Voltage Components Ltd,GB,Components,GBP,95694.95,2025-10-02,2025-11-01,2025-11-01,2025-11-01,Paid,30
AP-50424,Voltage Components Ltd,GB,Components,GBP,13549.76,2025-10-26,2025-11-25,2025-11-26,2025-11-26,Paid,30
AP-50425,Voltage Components Ltd,GB,Components,GBP,48856.32,2025-10-16,2025-11-15,2025-11-15,2025-11-15,Paid,30
AP-50426,Voltage Components Ltd,GB,Components,GBP,19382.44,2025-10-06,2025-11-05,2025-11-08,2025-11-08,Paid,30
AP-50427,Voltage Components Ltd,GB,Components,GBP,78751.14,2025-11-19,2025-12-19,2025-12-21,2025-12-21,Paid,30
AP-50428,Voltage Components Ltd,GB,Components,GBP,5916.72,2025-11-17,2025-12-17,2025-12-17,2025-12-17,Paid,30
AP-50429,Voltage Components Ltd,GB,Components,GBP,31850.12,2025-11-17,2025-12-17,2025-12-19,2025-12-19,Paid,30
AP-50430,Voltage Components Ltd,GB,Components,GBP,14507.17,2025-11-02,2025-12-02,2025-11-29,2025-11-29,Paid,30
AP-50431,Voltage Components Ltd,GB,Components,GBP,27624.33,2025-11-10,2025-12-10,2025-12-11,2025-12-11,Paid,30
AP-50432,Voltage Components Ltd,GB,Components,GBP,17671.3,2025-11-05,2025-12-05,2025-12-05,2025-12-05,Paid,30
AP-50433,Voltage Components Ltd,GB,Components,GBP,20128.67,2025-11-23,2025-12-23,2025-12-22,2025-12-22,Paid,30
AP-50434,Voltage Components Ltd,GB,Components,GBP,31497.92,2025-11-12,2025-12-12,2025-12-12,2025-12-12,Paid,30
AP-50435,Voltage Components Ltd,GB,Components,GBP,38763.14,2025-12-01,2025-12-31,2025-12-31,2025-12-31,Paid,30
AP-50436,Voltage Components Ltd,GB,Components,GBP,27843.25,2025-12-14,2026-01-13,2026-01-11,2026-01-11,Paid,30
AP-50437,Voltage Components Ltd,GB,Components,GBP,23621.85,2025-12-17,2026-01-16,2026-01-18,2026-01-18,Paid,30
AP-50438,Voltage Components Ltd,GB,Components,GBP,38826.9,2025-12-12,2026-01-11,2026-01-15,2026-01-15,Paid,30
AP-50439,Voltage Components Ltd,GB,Components,GBP,36228.56,2025-12-26,2026-01-25,2026-01-28,2026-01-28,Paid,30
AP-50440,Voltage Components Ltd,GB,Components,GBP,22355.17,2025-12-14,2026-01-13,2026-01-13,2026-01-13,Paid,30
AP-50441,Voltage Components Ltd,GB,Components,GBP,8366.06,2025-12-14,2026-01-13,2026-01-21,2026-01-21,Paid,30
AP-50442,Voltage Components Ltd,GB,Components,GBP,27175.82,2025-12-19,2026-01-18,2026-01-21,2026-01-21,Paid,30
AP-50443,Voltage Components Ltd,GB,Components,GBP,12267.82,2026-01-27,2026-02-26,2026-02-25,2026-02-25,Paid,30
AP-50444,Voltage Components Ltd,GB,Components,GBP,19428.43,2026-01-09,2026-02-08,2026-02-06,2026-02-06,Paid,30
AP-50445,Voltage Components Ltd,GB,Components,GBP,6247.91,2026-01-19,2026-02-18,2026-02-17,2026-02-17,Paid,30
AP-50446,Voltage Components Ltd,GB,Components,GBP,38709.09,2026-01-27,2026-02-26,2026-02-28,2026-02-28,Paid,30
AP-50447,Voltage Components Ltd,GB,Components,GBP,30861.4,2026-01-08,2026-02-07,2026-02-08,2026-02-08,Paid,30
AP-50448,Voltage Components Ltd,GB,Components,GBP,21559.47,2026-01-04,2026-02-03,2026-02-08,2026-02-08,Paid,30
AP-50449,Voltage Components Ltd,GB,Components,GBP,36098.06,2026-01-15,2026-02-14,2026-02-14,2026-02-14,Paid,30
AP-50450,Voltage Components Ltd,GB,Components,GBP,34151.83,2026-01-04,2026-02-03,2026-02-04,2026-02-04,Paid,30
AP-50451,Voltage Components Ltd,GB,Components,GBP,18399.37,2026-02-15,2026-03-17,2026-03-18,2026-03-18,Paid,30
AP-50452,Voltage Components Ltd,GB,Components,GBP,63773.1,2026-02-28,2026-03-30,2026-04-02,2026-04-02,Paid,30
AP-50453,Voltage Components Ltd,GB,Components,GBP,38038.4,2026-02-10,2026-03-12,2026-03-17,2026-03-17,Paid,30
AP-50454,Voltage Components Ltd,GB,Components,GBP,83882.99,2026-02-11,2026-03-13,2026-03-14,2026-03-14,Paid,30
AP-50455,Voltage Components Ltd,GB,Components,GBP,72220.84,2026-03-07,2026-04-06,2026-04-11,2026-04-11,Paid,30
AP-50456,Voltage Components Ltd,GB,Components,GBP,84255.49,2026-03-14,2026-04-13,2026-04-18,2026-04-18,Paid,30
AP-50457,Voltage Components Ltd,GB,Components,GBP,49008.89,2026-03-27,2026-04-26,2026-05-02,2026-05-02,Paid,30
AP-50458,Voltage Components Ltd,GB,Components,GBP,6106.85,2026-03-26,2026-04-25,2026-04-27,2026-04-27,Paid,30
AP-50459,Voltage Components Ltd,GB,Components,GBP,129666.05,2026-04-19,2026-05-19,2026-05-18,,Open,30
AP-50460,Voltage Components Ltd,GB,Components,GBP,64801.04,2026-04-16,2026-05-16,2026-05-23,,Open,30
AP-50461,Voltage Components Ltd,GB,Components,GBP,26892.72,2026-04-27,2026-05-27,2026-05-29,,Open,30
AP-50462,Voltage Components Ltd,GB,Components,GBP,32267.31,2026-05-16,2026-06-15,2026-06-15,,Open,30
AP-50463,Voltage Components Ltd,GB,Components,GBP,67612.52,2026-05-18,2026-06-17,2026-06-23,,Open,30
AP-50464,Voltage Components Ltd,GB,Components,GBP,24721.11,2026-05-11,2026-06-10,2026-06-11,,Open,30
AP-50465,Voltage Components Ltd,GB,Components,GBP,76186.27,2026-05-20,2026-06-19,2026-06-21,,Open,30
AP-50466,Voltage Components Ltd,GB,Components,GBP,29248.59,2026-05-10,2026-06-09,2026-06-11,,Open,30
AP-50467,Voltage Components Ltd,GB,Components,GBP,61160.88,2026-06-26,2026-07-26,2026-07-28,,Open,30
AP-50468,Voltage Components Ltd,GB,Components,GBP,88267.45,2026-06-15,2026-07-15,2026-07-15,,Open,30
AP-50469,Voltage Components Ltd,GB,Components,GBP,4407.33,2026-06-16,2026-07-16,2026-07-16,,Open,30
AP-50470,Voltage Components Ltd,GB,Components,GBP,8767.81,2026-06-27,2026-07-27,2026-07-26,,Open,30
AP-50471,Voltage Components Ltd,GB,Components,GBP,21648.88,2026-06-04,2026-07-04,2026-07-05,,Open,30
AP-50472,Voltage Components Ltd,GB,Components,GBP,19094.77,2026-06-16,2026-07-16,2026-07-17,,Open,30
AP-50473,Voltage Components Ltd,GB,Components,GBP,32542.43,2026-06-22,2026-07-22,2026-07-21,,Open,30
AP-50474,Voltage Components Ltd,GB,Components,GBP,37775.19,2026-07-21,2026-08-20,2026-08-20,,Open,30
AP-50475,Voltage Components Ltd,GB,Components,GBP,5494.97,2026-07-23,2026-08-22,2026-08-22,,Open,30
AP-50476,Voltage Components Ltd,GB,Components,GBP,37804.43,2026-07-13,2026-08-12,2026-08-17,,Open,30
AP-50477,Voltage Components Ltd,GB,Components,GBP,109245.83,2026-07-02,2026-08-01,2026-08-02,,Open,30
AP-50478,Voltage Components Ltd,GB,Components,GBP,46884.16,2026-07-05,2026-08-04,2026-08-10,,Open,30
AP-50479,Voltage Components Ltd,GB,Components,GBP,69273.77,2026-08-09,2026-09-08,2026-09-05,,Open,30
AP-50480,Voltage Components Ltd,GB,Components,GBP,18096.19,2026-08-17,2026-09-16,2026-09-21,,Open,30
AP-50481,Voltage Components Ltd,GB,Components,GBP,94995.98,2026-08-08,2026-09-07,2026-09-07,,Open,30
AP-50482,MicroChip US Inc.,US,Components,USD,88666.93,2024-05-23,2024-06-22,2024-06-22,2024-06-22,Paid,30
AP-50483,MicroChip US Inc.,US,Components,USD,45652.36,2024-05-21,2024-06-20,2024-06-26,2024-06-26,Paid,30
AP-50484,MicroChip US Inc.,US,Components,USD,98108.75,2024-05-09,2024-06-08,2024-06-14,2024-06-14,Paid,30
AP-50485,MicroChip US Inc.,US,Components,USD,313411.26,2024-05-13,2024-06-12,2024-06-15,2024-06-15,Paid,30
AP-50486,MicroChip US Inc.,US,Components,USD,189374.02,2024-06-08,2024-07-08,2024-07-04,2024-07-04,Paid,30
AP-50487,MicroChip US Inc.,US,Components,USD,126706.68,2024-06-16,2024-07-16,2024-07-16,2024-07-16,Paid,30
AP-50488,MicroChip US Inc.,US,Components,USD,96947.15,2024-06-07,2024-07-07,2024-07-03,2024-07-03,Paid,30
AP-50489,MicroChip US Inc.,US,Components,USD,146487.89,2024-06-19,2024-07-19,2024-07-19,2024-07-19,Paid,30
AP-50490,MicroChip US Inc.,US,Components,USD,98765.82,2024-07-05,2024-08-04,2024-08-06,2024-08-06,Paid,30
AP-50491,MicroChip US Inc.,US,Components,USD,308679.35,2024-07-01,2024-07-31,2024-07-30,2024-07-30,Paid,30
AP-50492,MicroChip US Inc.,US,Components,USD,47848.99,2024-07-06,2024-08-05,2024-08-07,2024-08-07,Paid,30
AP-50493,MicroChip US Inc.,US,Components,USD,32658.31,2024-07-12,2024-08-11,2024-08-12,2024-08-12,Paid,30
AP-50494,MicroChip US Inc.,US,Components,USD,74428.23,2024-07-21,2024-08-20,2024-08-27,2024-08-27,Paid,30
AP-50495,MicroChip US Inc.,US,Components,USD,22385.36,2024-08-10,2024-09-09,2024-09-10,2024-09-10,Paid,30
AP-50496,MicroChip US Inc.,US,Components,USD,51990.5,2024-08-28,2024-09-27,2024-09-28,2024-09-28,Paid,30
AP-50497,MicroChip US Inc.,US,Components,USD,169595.64,2024-08-02,2024-09-01,2024-09-06,2024-09-06,Paid,30
AP-50498,MicroChip US Inc.,US,Components,USD,29238.81,2024-08-13,2024-09-12,2024-09-12,2024-09-12,Paid,30
AP-50499,MicroChip US Inc.,US,Components,USD,36318.44,2024-08-17,2024-09-16,2024-09-16,2024-09-16,Paid,30
AP-50500,MicroChip US Inc.,US,Components,USD,122655.37,2024-08-02,2024-09-01,2024-09-01,2024-09-01,Paid,30
AP-50501,MicroChip US Inc.,US,Components,USD,106569.85,2024-09-27,2024-10-27,2024-10-27,2024-10-27,Paid,30
AP-50502,MicroChip US Inc.,US,Components,USD,142733.44,2024-09-26,2024-10-26,2024-11-01,2024-11-01,Paid,30
AP-50503,MicroChip US Inc.,US,Components,USD,167176.15,2024-09-19,2024-10-19,2024-10-16,2024-10-16,Paid,30
AP-50504,MicroChip US Inc.,US,Components,USD,77452.68,2024-09-16,2024-10-16,2024-10-16,2024-10-16,Paid,30
AP-50505,MicroChip US Inc.,US,Components,USD,43141.61,2024-09-07,2024-10-07,2024-10-08,2024-10-08,Paid,30
AP-50506,MicroChip US Inc.,US,Components,USD,69842.11,2024-10-22,2024-11-21,2024-11-24,2024-11-24,Paid,30
AP-50507,MicroChip US Inc.,US,Components,USD,62696.61,2024-10-20,2024-11-19,2024-11-16,2024-11-16,Paid,30
AP-50508,MicroChip US Inc.,US,Components,USD,144326.81,2024-10-22,2024-11-21,2024-11-20,2024-11-20,Paid,30
AP-50509,MicroChip US Inc.,US,Components,USD,66483.1,2024-10-11,2024-11-10,2024-11-15,2024-11-15,Paid,30
AP-50510,MicroChip US Inc.,US,Components,USD,60630.17,2024-10-07,2024-11-06,2024-11-01,2024-11-01,Paid,30
AP-50511,MicroChip US Inc.,US,Components,USD,48722.11,2024-10-17,2024-11-16,2024-11-17,2024-11-17,Paid,30
AP-50512,MicroChip US Inc.,US,Components,USD,64487.11,2024-10-01,2024-10-31,2024-10-31,2024-10-31,Paid,30
AP-50513,MicroChip US Inc.,US,Components,USD,247183.27,2024-11-05,2024-12-05,2024-12-03,2024-12-03,Paid,30
AP-50514,MicroChip US Inc.,US,Components,USD,73355.86,2024-11-04,2024-12-04,2024-12-09,2024-12-09,Paid,30
AP-50515,MicroChip US Inc.,US,Components,USD,63566.65,2024-11-24,2024-12-24,2024-12-31,2024-12-31,Paid,30
AP-50516,MicroChip US Inc.,US,Components,USD,62595.58,2024-11-03,2024-12-03,2024-12-03,2024-12-03,Paid,30
AP-50517,MicroChip US Inc.,US,Components,USD,112167.41,2024-11-13,2024-12-13,2024-12-13,2024-12-13,Paid,30
AP-50518,MicroChip US Inc.,US,Components,USD,63835.69,2024-12-21,2025-01-20,2025-01-23,2025-01-23,Paid,30
AP-50519,MicroChip US Inc.,US,Components,USD,148148.68,2024-12-24,2025-01-23,2025-01-24,2025-01-24,Paid,30
AP-50520,MicroChip US Inc.,US,Components,USD,335588.97,2024-12-09,2025-01-08,2025-01-08,2025-01-08,Paid,30
AP-50521,MicroChip US Inc.,US,Components,USD,54966.14,2025-01-22,2025-02-21,2025-02-22,2025-02-22,Paid,30
AP-50522,MicroChip US Inc.,US,Components,USD,31868.74,2025-01-18,2025-02-17,2025-02-17,2025-02-17,Paid,30
AP-50523,MicroChip US Inc.,US,Components,USD,10863.46,2025-01-21,2025-02-20,2025-02-20,2025-02-20,Paid,30
AP-50524,MicroChip US Inc.,US,Components,USD,26707.79,2025-01-14,2025-02-13,2025-02-18,2025-02-18,Paid,30
AP-50525,MicroChip US Inc.,US,Components,USD,33990.79,2025-01-10,2025-02-09,2025-02-11,2025-02-11,Paid,30
AP-50526,MicroChip US Inc.,US,Components,USD,201440.71,2025-01-08,2025-02-07,2025-02-12,2025-02-12,Paid,30
AP-50527,MicroChip US Inc.,US,Components,USD,64632.51,2025-01-10,2025-02-09,2025-02-12,2025-02-12,Paid,30
AP-50528,MicroChip US Inc.,US,Components,USD,64844.86,2025-01-15,2025-02-14,2025-02-18,2025-02-18,Paid,30
AP-50529,MicroChip US Inc.,US,Components,USD,40043.3,2025-02-02,2025-03-04,2025-03-04,2025-03-04,Paid,30
AP-50530,MicroChip US Inc.,US,Components,USD,33745.98,2025-02-20,2025-03-22,2025-03-25,2025-03-25,Paid,30
AP-50531,MicroChip US Inc.,US,Components,USD,88565.78,2025-02-13,2025-03-15,2025-03-19,2025-03-19,Paid,30
AP-50532,MicroChip US Inc.,US,Components,USD,80802.27,2025-02-13,2025-03-15,2025-03-12,2025-03-12,Paid,30
AP-50533,MicroChip US Inc.,US,Components,USD,192684.1,2025-02-12,2025-03-14,2025-03-11,2025-03-11,Paid,30
AP-50534,MicroChip US Inc.,US,Components,USD,65232.68,2025-02-08,2025-03-10,2025-03-10,2025-03-10,Paid,30
AP-50535,MicroChip US Inc.,US,Components,USD,15972.09,2025-03-07,2025-04-06,2025-04-11,2025-04-11,Paid,30
AP-50536,MicroChip US Inc.,US,Components,USD,116930.2,2025-03-05,2025-04-04,2025-04-07,2025-04-07,Paid,30
AP-50537,MicroChip US Inc.,US,Components,USD,8796.07,2025-03-16,2025-04-15,2025-04-11,2025-04-11,Paid,30
AP-50538,MicroChip US Inc.,US,Components,USD,92721.02,2025-03-23,2025-04-22,2025-04-26,2025-04-26,Paid,30
AP-50539,MicroChip US Inc.,US,Components,USD,39813.93,2025-03-12,2025-04-11,2025-04-16,2025-04-16,Paid,30
AP-50540,MicroChip US Inc.,US,Components,USD,97786.63,2025-03-16,2025-04-15,2025-04-16,2025-04-16,Paid,30
AP-50541,MicroChip US Inc.,US,Components,USD,103415.08,2025-03-11,2025-04-10,2025-04-09,2025-04-09,Paid,30
AP-50542,MicroChip US Inc.,US,Components,USD,44099.29,2025-03-24,2025-04-23,2025-04-27,2025-04-27,Paid,30
AP-50543,MicroChip US Inc.,US,Components,USD,100227.92,2025-04-04,2025-05-04,2025-05-04,2025-05-04,Paid,30
AP-50544,MicroChip US Inc.,US,Components,USD,105806.04,2025-04-18,2025-05-18,2025-05-20,2025-05-20,Paid,30
AP-50545,MicroChip US Inc.,US,Components,USD,79980.48,2025-04-16,2025-05-16,2025-05-18,2025-05-18,Paid,30
AP-50546,MicroChip US Inc.,US,Components,USD,26357.76,2025-04-20,2025-05-20,2025-05-20,2025-05-20,Paid,30
AP-50547,MicroChip US Inc.,US,Components,USD,24430.9,2025-04-04,2025-05-04,2025-05-05,2025-05-05,Paid,30
AP-50548,MicroChip US Inc.,US,Components,USD,206767.84,2025-04-11,2025-05-11,2025-05-11,2025-05-11,Paid,30
AP-50549,MicroChip US Inc.,US,Components,USD,46505.13,2025-05-07,2025-06-06,2025-06-06,2025-06-06,Paid,30
AP-50550,MicroChip US Inc.,US,Components,USD,283839.99,2025-05-07,2025-06-06,2025-06-09,2025-06-09,Paid,30
AP-50551,MicroChip US Inc.,US,Components,USD,110722.22,2025-05-12,2025-06-11,2025-06-10,2025-06-10,Paid,30
AP-50552,MicroChip US Inc.,US,Components,USD,123863.42,2025-05-08,2025-06-07,2025-06-10,2025-06-10,Paid,30
AP-50553,MicroChip US Inc.,US,Components,USD,44490.29,2025-06-11,2025-07-11,2025-07-13,2025-07-13,Paid,30
AP-50554,MicroChip US Inc.,US,Components,USD,24070.23,2025-06-02,2025-07-02,2025-07-02,2025-07-02,Paid,30
AP-50555,MicroChip US Inc.,US,Components,USD,135561.24,2025-06-16,2025-07-16,2025-07-21,2025-07-21,Paid,30
AP-50556,MicroChip US Inc.,US,Components,USD,10976.39,2025-06-16,2025-07-16,2025-07-15,2025-07-15,Paid,30
AP-50557,MicroChip US Inc.,US,Components,USD,256883.57,2025-06-05,2025-07-05,2025-07-05,2025-07-05,Paid,30
AP-50558,MicroChip US Inc.,US,Components,USD,34726.35,2025-06-08,2025-07-08,2025-07-10,2025-07-10,Paid,30
AP-50559,MicroChip US Inc.,US,Components,USD,51867.52,2025-06-10,2025-07-10,2025-07-15,2025-07-15,Paid,30
AP-50560,MicroChip US Inc.,US,Components,USD,20787.19,2025-06-23,2025-07-23,2025-07-26,2025-07-26,Paid,30
AP-50561,MicroChip US Inc.,US,Components,USD,30347.43,2025-07-16,2025-08-15,2025-08-19,2025-08-19,Paid,30
AP-50562,MicroChip US Inc.,US,Components,USD,18510.04,2025-07-26,2025-08-25,2025-08-29,2025-08-29,Paid,30
AP-50563,MicroChip US Inc.,US,Components,USD,73801.84,2025-07-22,2025-08-21,2025-08-23,2025-08-23,Paid,30
AP-50564,MicroChip US Inc.,US,Components,USD,156732.2,2025-07-27,2025-08-26,2025-08-30,2025-08-30,Paid,30
AP-50565,MicroChip US Inc.,US,Components,USD,20277.92,2025-07-07,2025-08-06,2025-08-07,2025-08-07,Paid,30
AP-50566,MicroChip US Inc.,US,Components,USD,85954.69,2025-07-03,2025-08-02,2025-08-05,2025-08-05,Paid,30
AP-50567,MicroChip US Inc.,US,Components,USD,147229.14,2025-07-13,2025-08-12,2025-08-13,2025-08-13,Paid,30
AP-50568,MicroChip US Inc.,US,Components,USD,49795.54,2025-07-02,2025-08-01,2025-08-02,2025-08-02,Paid,30
AP-50569,MicroChip US Inc.,US,Components,USD,107156.3,2025-08-27,2025-09-26,2025-09-28,2025-09-28,Paid,30
AP-50570,MicroChip US Inc.,US,Components,USD,23203.57,2025-08-09,2025-09-08,2025-09-14,2025-09-14,Paid,30
AP-50571,MicroChip US Inc.,US,Components,USD,95095.01,2025-08-23,2025-09-22,2025-09-20,2025-09-20,Paid,30
AP-50572,MicroChip US Inc.,US,Components,USD,12328.38,2025-08-11,2025-09-10,2025-09-08,2025-09-08,Paid,30
AP-50573,MicroChip US Inc.,US,Components,USD,186394.6,2025-08-09,2025-09-08,2025-09-10,2025-09-10,Paid,30
AP-50574,MicroChip US Inc.,US,Components,USD,23813.0,2025-08-07,2025-09-06,2025-09-10,2025-09-10,Paid,30
AP-50575,MicroChip US Inc.,US,Components,USD,99748.02,2025-09-01,2025-10-01,2025-10-05,2025-10-05,Paid,30
AP-50576,MicroChip US Inc.,US,Components,USD,281955.93,2025-09-13,2025-10-13,2025-10-13,2025-10-13,Paid,30
AP-50577,MicroChip US Inc.,US,Components,USD,175187.72,2025-09-22,2025-10-22,2025-10-24,2025-10-24,Paid,30
AP-50578,MicroChip US Inc.,US,Components,USD,246925.79,2025-10-21,2025-11-20,2025-11-20,2025-11-20,Paid,30
AP-50579,MicroChip US Inc.,US,Components,USD,117924.21,2025-10-20,2025-11-19,2025-11-17,2025-11-17,Paid,30
AP-50580,MicroChip US Inc.,US,Components,USD,139787.77,2025-10-26,2025-11-25,2025-12-02,2025-12-02,Paid,30
AP-50581,MicroChip US Inc.,US,Components,USD,31628.24,2025-10-24,2025-11-23,2025-11-25,2025-11-25,Paid,30
AP-50582,MicroChip US Inc.,US,Components,USD,76509.11,2025-11-11,2025-12-11,2025-12-11,2025-12-11,Paid,30
AP-50583,MicroChip US Inc.,US,Components,USD,226702.89,2025-11-26,2025-12-26,2025-12-29,2025-12-29,Paid,30
AP-50584,MicroChip US Inc.,US,Components,USD,276042.52,2025-11-03,2025-12-03,2025-12-09,2025-12-09,Paid,30
AP-50585,MicroChip US Inc.,US,Components,USD,62910.43,2025-12-27,2026-01-26,2026-01-30,2026-01-30,Paid,30
AP-50586,MicroChip US Inc.,US,Components,USD,345923.51,2025-12-15,2026-01-14,2026-01-16,2026-01-16,Paid,30
AP-50587,MicroChip US Inc.,US,Components,USD,158307.76,2025-12-18,2026-01-17,2026-01-18,2026-01-18,Paid,30
AP-50588,MicroChip US Inc.,US,Components,USD,52628.46,2026-01-19,2026-02-18,2026-02-19,2026-02-19,Paid,30
AP-50589,MicroChip US Inc.,US,Components,USD,15440.34,2026-01-23,2026-02-22,2026-02-21,2026-02-21,Paid,30
AP-50590,MicroChip US Inc.,US,Components,USD,105019.98,2026-01-21,2026-02-20,2026-02-20,2026-02-20,Paid,30
AP-50591,MicroChip US Inc.,US,Components,USD,176866.96,2026-01-26,2026-02-25,2026-03-03,2026-03-03,Paid,30
AP-50592,MicroChip US Inc.,US,Components,USD,23940.54,2026-01-01,2026-01-31,2026-01-31,2026-01-31,Paid,30
AP-50593,MicroChip US Inc.,US,Components,USD,68743.84,2026-01-08,2026-02-07,2026-02-08,2026-02-08,Paid,30
AP-50594,MicroChip US Inc.,US,Components,USD,63877.35,2026-01-10,2026-02-09,2026-02-11,2026-02-11,Paid,30
AP-50595,MicroChip US Inc.,US,Components,USD,84319.8,2026-02-02,2026-03-04,2026-03-03,2026-03-03,Paid,30
AP-50596,MicroChip US Inc.,US,Components,USD,145295.02,2026-02-22,2026-03-24,2026-03-25,2026-03-25,Paid,30
AP-50597,MicroChip US Inc.,US,Components,USD,25038.93,2026-02-04,2026-03-06,2026-03-09,2026-03-09,Paid,30
AP-50598,MicroChip US Inc.,US,Components,USD,52976.81,2026-02-02,2026-03-04,2026-03-03,2026-03-03,Paid,30
AP-50599,MicroChip US Inc.,US,Components,USD,30642.94,2026-02-02,2026-03-04,2026-03-07,2026-03-07,Paid,30
AP-50600,MicroChip US Inc.,US,Components,USD,24484.98,2026-02-21,2026-03-23,2026-03-18,2026-03-18,Paid,30
AP-50601,MicroChip US Inc.,US,Components,USD,104204.45,2026-02-20,2026-03-22,2026-03-25,2026-03-25,Paid,30
AP-50602,MicroChip US Inc.,US,Components,USD,51675.6,2026-02-23,2026-03-25,2026-03-26,2026-03-26,Paid,30
AP-50603,MicroChip US Inc.,US,Components,USD,42403.78,2026-03-07,2026-04-06,2026-04-11,2026-04-11,Paid,30
AP-50604,MicroChip US Inc.,US,Components,USD,134276.55,2026-03-21,2026-04-20,2026-05-01,2026-05-01,Paid,30
AP-50605,MicroChip US Inc.,US,Components,USD,276976.26,2026-03-14,2026-04-13,2026-04-13,2026-04-13,Paid,30
AP-50606,MicroChip US Inc.,US,Components,USD,84036.22,2026-03-28,2026-04-27,2026-04-27,2026-04-27,Paid,30
AP-50607,MicroChip US Inc.,US,Components,USD,124161.19,2026-04-15,2026-05-15,2026-05-16,,Open,30
AP-50608,MicroChip US Inc.,US,Components,USD,46159.15,2026-04-16,2026-05-16,2026-05-17,,Open,30
AP-50609,MicroChip US Inc.,US,Components,USD,187524.12,2026-04-26,2026-05-26,2026-05-26,,Open,30
AP-50610,MicroChip US Inc.,US,Components,USD,173728.08,2026-04-07,2026-05-07,2026-05-10,,Open,30
AP-50611,MicroChip US Inc.,US,Components,USD,30941.81,2026-04-25,2026-05-25,2026-05-22,,Open,30
AP-50612,MicroChip US Inc.,US,Components,USD,38756.14,2026-05-11,2026-06-10,2026-06-10,,Open,30
AP-50613,MicroChip US Inc.,US,Components,USD,144179.34,2026-05-07,2026-06-06,2026-06-09,,Open,30
AP-50614,MicroChip US Inc.,US,Components,USD,14573.73,2026-05-15,2026-06-14,2026-06-18,,Open,30
AP-50615,MicroChip US Inc.,US,Components,USD,181098.17,2026-05-26,2026-06-25,2026-06-29,,Open,30
AP-50616,MicroChip US Inc.,US,Components,USD,163302.54,2026-05-28,2026-06-27,2026-07-04,,Open,30
AP-50617,MicroChip US Inc.,US,Components,USD,42651.64,2026-05-05,2026-06-04,2026-06-12,,Open,30
AP-50618,MicroChip US Inc.,US,Components,USD,110082.37,2026-06-27,2026-07-27,2026-07-25,,Open,30
AP-50619,MicroChip US Inc.,US,Components,USD,97028.79,2026-06-06,2026-07-06,2026-07-05,,Open,30
AP-50620,MicroChip US Inc.,US,Components,USD,42044.52,2026-06-28,2026-07-28,2026-08-01,,Open,30
AP-50621,MicroChip US Inc.,US,Components,USD,146502.66,2026-06-22,2026-07-22,2026-07-25,,Open,30
AP-50622,MicroChip US Inc.,US,Components,USD,98279.13,2026-06-04,2026-07-04,2026-07-10,,Open,30
AP-50623,MicroChip US Inc.,US,Components,USD,72006.8,2026-06-11,2026-07-11,2026-07-13,,Open,30
AP-50624,MicroChip US Inc.,US,Components,USD,33492.69,2026-06-27,2026-07-27,2026-08-02,,Open,30
AP-50625,MicroChip US Inc.,US,Components,USD,123706.43,2026-07-02,2026-08-01,2026-08-07,,Open,30
AP-50626,MicroChip US Inc.,US,Components,USD,108610.05,2026-07-18,2026-08-17,2026-08-19,,Open,30
AP-50627,MicroChip US Inc.,US,Components,USD,179785.67,2026-07-01,2026-07-31,2026-07-31,,Open,30
AP-50628,MicroChip US Inc.,US,Components,USD,147393.18,2026-07-15,2026-08-14,2026-08-18,,Open,30
AP-50629,MicroChip US Inc.,US,Components,USD,43283.38,2026-07-10,2026-08-09,2026-08-08,,Open,30
AP-50630,MicroChip US Inc.,US,Components,USD,58122.4,2026-08-02,2026-09-01,2026-09-01,,Open,30
AP-50631,MicroChip US Inc.,US,Components,USD,115495.03,2026-08-01,2026-08-31,2026-09-05,,Open,30
AP-50632,MicroChip US Inc.,US,Components,USD,105233.17,2026-08-06,2026-09-05,2026-09-09,,Open,30
AP-50633,MicroChip US Inc.,US,Components,USD,82780.58,2026-08-23,2026-09-22,2026-09-25,,Open,30
AP-50634,MicroChip US Inc.,US,Components,USD,101792.85,2026-08-19,2026-09-18,2026-09-26,,Open,30
AP-50635,Logistica Express,IT,Logistics,EUR,21573.55,2024-05-16,2024-06-15,2024-06-14,2024-06-14,Paid,30
AP-50636,Logistica Express,IT,Logistics,EUR,36463.02,2024-05-03,2024-06-02,2024-06-04,2024-06-04,Paid,30
AP-50637,Logistica Express,IT,Logistics,EUR,101427.98,2024-05-18,2024-06-17,2024-06-24,2024-06-24,Paid,30
AP-50638,Logistica Express,IT,Logistics,EUR,14269.03,2024-05-23,2024-06-22,2024-06-27,2024-06-27,Paid,30
AP-50639,Logistica Express,IT,Logistics,EUR,48301.97,2024-06-26,2024-07-26,2024-07-26,2024-07-26,Paid,30
AP-50640,Logistica Express,IT,Logistics,EUR,24655.39,2024-06-03,2024-07-03,2024-07-02,2024-07-02,Paid,30
AP-50641,Logistica Express,IT,Logistics,EUR,45289.08,2024-06-23,2024-07-23,2024-07-25,2024-07-25,Paid,30
AP-50642,Logistica Express,IT,Logistics,EUR,45457.09,2024-06-04,2024-07-04,2024-07-01,2024-07-01,Paid,30
AP-50643,Logistica Express,IT,Logistics,EUR,14383.09,2024-06-22,2024-07-22,2024-07-29,2024-07-29,Paid,30
AP-50644,Logistica Express,IT,Logistics,EUR,788.09,2024-07-21,2024-08-20,2024-08-20,2024-08-20,Paid,30
AP-50645,Logistica Express,IT,Logistics,EUR,14307.37,2024-07-04,2024-08-03,2024-08-05,2024-08-05,Paid,30
AP-50646,Logistica Express,IT,Logistics,EUR,116960.11,2024-07-26,2024-08-25,2024-08-24,2024-08-24,Paid,30
AP-50647,Logistica Express,IT,Logistics,EUR,46942.91,2024-07-17,2024-08-16,2024-08-19,2024-08-19,Paid,30
AP-50648,Logistica Express,IT,Logistics,EUR,10405.39,2024-08-17,2024-09-16,2024-09-15,2024-09-15,Paid,30
AP-50649,Logistica Express,IT,Logistics,EUR,59616.3,2024-08-12,2024-09-11,2024-09-15,2024-09-15,Paid,30
AP-50650,Logistica Express,IT,Logistics,EUR,11511.89,2024-08-06,2024-09-05,2024-09-06,2024-09-06,Paid,30
AP-50651,Logistica Express,IT,Logistics,EUR,19019.7,2024-08-05,2024-09-04,2024-09-04,2024-09-04,Paid,30
AP-50652,Logistica Express,IT,Logistics,EUR,27322.38,2024-08-06,2024-09-05,2024-09-12,2024-09-12,Paid,30
AP-50653,Logistica Express,IT,Logistics,EUR,9682.95,2024-08-26,2024-09-25,2024-09-30,2024-09-30,Paid,30
AP-50654,Logistica Express,IT,Logistics,EUR,98790.66,2024-09-13,2024-10-13,2024-10-08,2024-10-08,Paid,30
AP-50655,Logistica Express,IT,Logistics,EUR,29042.02,2024-09-19,2024-10-19,2024-10-25,2024-10-25,Paid,30
AP-50656,Logistica Express,IT,Logistics,EUR,13685.37,2024-09-25,2024-10-25,2024-10-28,2024-10-28,Paid,30
AP-50657,Logistica Express,IT,Logistics,EUR,9221.29,2024-09-04,2024-10-04,2024-10-10,2024-10-10,Paid,30
AP-50658,Logistica Express,IT,Logistics,EUR,20204.28,2024-09-07,2024-10-07,2024-10-08,2024-10-08,Paid,30
AP-50659,Logistica Express,IT,Logistics,EUR,14665.45,2024-10-02,2024-11-01,2024-11-05,2024-11-05,Paid,30
AP-50660,Logistica Express,IT,Logistics,EUR,78318.59,2024-10-03,2024-11-02,2024-11-06,2024-11-06,Paid,30
AP-50661,Logistica Express,IT,Logistics,EUR,50900.71,2024-10-21,2024-11-20,2024-11-21,2024-11-21,Paid,30
AP-50662,Logistica Express,IT,Logistics,EUR,20729.5,2024-10-22,2024-11-21,2024-11-21,2024-11-21,Paid,30
AP-50663,Logistica Express,IT,Logistics,EUR,40776.14,2024-11-20,2024-12-20,2024-12-22,2024-12-22,Paid,30
AP-50664,Logistica Express,IT,Logistics,EUR,38509.09,2024-11-11,2024-12-11,2024-12-11,2024-12-11,Paid,30
AP-50665,Logistica Express,IT,Logistics,EUR,16666.33,2024-11-14,2024-12-14,2024-12-17,2024-12-17,Paid,30
AP-50666,Logistica Express,IT,Logistics,EUR,38292.98,2024-11-16,2024-12-16,2024-12-16,2024-12-16,Paid,30
AP-50667,Logistica Express,IT,Logistics,EUR,8453.33,2024-11-12,2024-12-12,2024-12-10,2024-12-10,Paid,30
AP-50668,Logistica Express,IT,Logistics,EUR,22108.77,2024-11-09,2024-12-09,2024-12-09,2024-12-09,Paid,30
AP-50669,Logistica Express,IT,Logistics,EUR,13074.03,2024-11-19,2024-12-19,2024-12-19,2024-12-19,Paid,30
AP-50670,Logistica Express,IT,Logistics,EUR,88008.08,2024-12-11,2025-01-10,2025-01-08,2025-01-08,Paid,30
AP-50671,Logistica Express,IT,Logistics,EUR,46165.84,2024-12-01,2024-12-31,2025-01-02,2025-01-02,Paid,30
AP-50672,Logistica Express,IT,Logistics,EUR,13205.37,2024-12-21,2025-01-20,2025-01-22,2025-01-22,Paid,30
AP-50673,Logistica Express,IT,Logistics,EUR,10170.0,2024-12-15,2025-01-14,2025-01-16,2025-01-16,Paid,30
AP-50674,Logistica Express,IT,Logistics,EUR,16736.19,2024-12-27,2025-01-26,2025-01-28,2025-01-28,Paid,30
AP-50675,Logistica Express,IT,Logistics,EUR,40104.06,2025-01-25,2025-02-24,2025-03-01,2025-03-01,Paid,30
AP-50676,Logistica Express,IT,Logistics,EUR,29743.85,2025-01-24,2025-02-23,2025-02-18,2025-02-18,Paid,30
AP-50677,Logistica Express,IT,Logistics,EUR,54994.85,2025-01-04,2025-02-03,2025-02-03,2025-02-03,Paid,30
AP-50678,Logistica Express,IT,Logistics,EUR,11002.35,2025-01-23,2025-02-22,2025-02-22,2025-02-22,Paid,30
AP-50679,Logistica Express,IT,Logistics,EUR,15046.12,2025-01-02,2025-02-01,2025-02-01,2025-02-01,Paid,30
AP-50680,Logistica Express,IT,Logistics,EUR,4851.39,2025-01-11,2025-02-10,2025-02-14,2025-02-14,Paid,30
AP-50681,Logistica Express,IT,Logistics,EUR,991.38,2025-02-25,2025-03-27,2025-03-29,2025-03-29,Paid,30
AP-50682,Logistica Express,IT,Logistics,EUR,22920.52,2025-02-16,2025-03-18,2025-03-17,2025-03-17,Paid,30
AP-50683,Logistica Express,IT,Logistics,EUR,18315.42,2025-02-02,2025-03-04,2025-03-01,2025-03-01,Paid,30
AP-50684,Logistica Express,IT,Logistics,EUR,28876.95,2025-02-16,2025-03-18,2025-03-18,2025-03-18,Paid,30
AP-50685,Logistica Express,IT,Logistics,EUR,9789.86,2025-02-01,2025-03-03,2025-03-03,2025-03-03,Paid,30
AP-50686,Logistica Express,IT,Logistics,EUR,30043.83,2025-02-11,2025-03-13,2025-03-16,2025-03-16,Paid,30
AP-50687,Logistica Express,IT,Logistics,EUR,8187.53,2025-02-10,2025-03-12,2025-03-15,2025-03-15,Paid,30
AP-50688,Logistica Express,IT,Logistics,EUR,40359.9,2025-02-19,2025-03-21,2025-03-21,2025-03-21,Paid,30
AP-50689,Logistica Express,IT,Logistics,EUR,93046.11,2025-03-07,2025-04-06,2025-04-09,2025-04-09,Paid,30
AP-50690,Logistica Express,IT,Logistics,EUR,27494.1,2025-03-06,2025-04-05,2025-04-05,2025-04-05,Paid,30
AP-50691,Logistica Express,IT,Logistics,EUR,44820.83,2025-03-17,2025-04-16,2025-04-17,2025-04-17,Paid,30
AP-50692,Logistica Express,IT,Logistics,EUR,47117.88,2025-04-06,2025-05-06,2025-05-05,2025-05-05,Paid,30
AP-50693,Logistica Express,IT,Logistics,EUR,26818.95,2025-04-22,2025-05-22,2025-05-25,2025-05-25,Paid,30
AP-50694,Logistica Express,IT,Logistics,EUR,7944.45,2025-04-06,2025-05-06,2025-05-08,2025-05-08,Paid,30
AP-50695,Logistica Express,IT,Logistics,EUR,15309.81,2025-04-06,2025-05-06,2025-05-10,2025-05-10,Paid,30
AP-50696,Logistica Express,IT,Logistics,EUR,27960.63,2025-04-10,2025-05-10,2025-05-12,2025-05-12,Paid,30
AP-50697,Logistica Express,IT,Logistics,EUR,23381.74,2025-04-25,2025-05-25,2025-05-29,2025-05-29,Paid,30
AP-50698,Logistica Express,IT,Logistics,EUR,24478.13,2025-04-24,2025-05-24,2025-05-24,2025-05-24,Paid,30
AP-50699,Logistica Express,IT,Logistics,EUR,24122.31,2025-05-03,2025-06-02,2025-06-06,2025-06-06,Paid,30
AP-50700,Logistica Express,IT,Logistics,EUR,57912.26,2025-05-01,2025-05-31,2025-05-30,2025-05-30,Paid,30
AP-50701,Logistica Express,IT,Logistics,EUR,38122.64,2025-05-28,2025-06-27,2025-06-29,2025-06-29,Paid,30
AP-50702,Logistica Express,IT,Logistics,EUR,9256.29,2025-05-09,2025-06-08,2025-06-11,2025-06-11,Paid,30
AP-50703,Logistica Express,IT,Logistics,EUR,29561.64,2025-05-11,2025-06-10,2025-06-16,2025-06-16,Paid,30
AP-50704,Logistica Express,IT,Logistics,EUR,20834.99,2025-05-17,2025-06-16,2025-06-14,2025-06-14,Paid,30
AP-50705,Logistica Express,IT,Logistics,EUR,43114.49,2025-06-26,2025-07-26,2025-07-28,2025-07-28,Paid,30
AP-50706,Logistica Express,IT,Logistics,EUR,13814.01,2025-06-11,2025-07-11,2025-07-10,2025-07-10,Paid,30
AP-50707,Logistica Express,IT,Logistics,EUR,50983.56,2025-06-07,2025-07-07,2025-07-06,2025-07-06,Paid,30
AP-50708,Logistica Express,IT,Logistics,EUR,14908.49,2025-06-07,2025-07-07,2025-07-12,2025-07-12,Paid,30
AP-50709,Logistica Express,IT,Logistics,EUR,8994.68,2025-06-08,2025-07-08,2025-07-10,2025-07-10,Paid,30
AP-50710,Logistica Express,IT,Logistics,EUR,30291.72,2025-06-24,2025-07-24,2025-07-24,2025-07-24,Paid,30
AP-50711,Logistica Express,IT,Logistics,EUR,22296.7,2025-06-04,2025-07-04,2025-07-07,2025-07-07,Paid,30
AP-50712,Logistica Express,IT,Logistics,EUR,2133.16,2025-07-09,2025-08-08,2025-08-06,2025-08-06,Paid,30
AP-50713,Logistica Express,IT,Logistics,EUR,21727.64,2025-07-27,2025-08-26,2025-08-25,2025-08-25,Paid,30
AP-50714,Logistica Express,IT,Logistics,EUR,44167.02,2025-07-28,2025-08-27,2025-09-03,2025-09-03,Paid,30
AP-50715,Logistica Express,IT,Logistics,EUR,11530.56,2025-07-14,2025-08-13,2025-08-14,2025-08-14,Paid,30
AP-50716,Logistica Express,IT,Logistics,EUR,15323.9,2025-07-12,2025-08-11,2025-08-15,2025-08-15,Paid,30
AP-50717,Logistica Express,IT,Logistics,EUR,30528.22,2025-07-09,2025-08-08,2025-08-11,2025-08-11,Paid,30
AP-50718,Logistica Express,IT,Logistics,EUR,32020.35,2025-07-02,2025-08-01,2025-07-29,2025-07-29,Paid,30
AP-50719,Logistica Express,IT,Logistics,EUR,28018.72,2025-07-10,2025-08-09,2025-08-10,2025-08-10,Paid,30
AP-50720,Logistica Express,IT,Logistics,EUR,41959.41,2025-08-23,2025-09-22,2025-09-22,2025-09-22,Paid,30
AP-50721,Logistica Express,IT,Logistics,EUR,5757.64,2025-08-18,2025-09-17,2025-09-21,2025-09-21,Paid,30
AP-50722,Logistica Express,IT,Logistics,EUR,22244.41,2025-08-05,2025-09-04,2025-09-06,2025-09-06,Paid,30
AP-50723,Logistica Express,IT,Logistics,EUR,6828.52,2025-08-20,2025-09-19,2025-09-19,2025-09-19,Paid,30
AP-50724,Logistica Express,IT,Logistics,EUR,25461.91,2025-08-12,2025-09-11,2025-09-13,2025-09-13,Paid,30
AP-50725,Logistica Express,IT,Logistics,EUR,40337.8,2025-08-10,2025-09-09,2025-09-09,2025-09-09,Paid,30
AP-50726,Logistica Express,IT,Logistics,EUR,29101.1,2025-09-08,2025-10-08,2025-10-07,2025-10-07,Paid,30
AP-50727,Logistica Express,IT,Logistics,EUR,80034.08,2025-09-19,2025-10-19,2025-10-26,2025-10-26,Paid,30
AP-50728,Logistica Express,IT,Logistics,EUR,11360.06,2025-09-25,2025-10-25,2025-10-28,2025-10-28,Paid,30
AP-50729,Logistica Express,IT,Logistics,EUR,14342.74,2025-09-20,2025-10-20,2025-10-17,2025-10-17,Paid,30
AP-50730,Logistica Express,IT,Logistics,EUR,24051.54,2025-09-08,2025-10-08,2025-10-06,2025-10-06,Paid,30
AP-50731,Logistica Express,IT,Logistics,EUR,18361.88,2025-09-15,2025-10-15,2025-10-15,2025-10-15,Paid,30
AP-50732,Logistica Express,IT,Logistics,EUR,16968.0,2025-10-23,2025-11-22,2025-11-24,2025-11-24,Paid,30
AP-50733,Logistica Express,IT,Logistics,EUR,14399.55,2025-10-11,2025-11-10,2025-11-13,2025-11-13,Paid,30
AP-50734,Logistica Express,IT,Logistics,EUR,24170.7,2025-10-17,2025-11-16,2025-11-16,2025-11-16,Paid,30
AP-50735,Logistica Express,IT,Logistics,EUR,14141.72,2025-10-18,2025-11-17,2025-11-13,2025-11-13,Paid,30
AP-50736,Logistica Express,IT,Logistics,EUR,32472.81,2025-10-11,2025-11-10,2025-11-15,2025-11-15,Paid,30
AP-50737,Logistica Express,IT,Logistics,EUR,46197.05,2025-10-03,2025-11-02,2025-11-02,2025-11-02,Paid,30
AP-50738,Logistica Express,IT,Logistics,EUR,22336.7,2025-10-17,2025-11-16,2025-11-18,2025-11-18,Paid,30
AP-50739,Logistica Express,IT,Logistics,EUR,18882.41,2025-11-20,2025-12-20,2025-12-19,2025-12-19,Paid,30
AP-50740,Logistica Express,IT,Logistics,EUR,21184.32,2025-11-28,2025-12-28,2025-12-27,2025-12-27,Paid,30
AP-50741,Logistica Express,IT,Logistics,EUR,65502.61,2025-11-09,2025-12-09,2025-12-15,2025-12-15,Paid,30
AP-50742,Logistica Express,IT,Logistics,EUR,28438.2,2025-11-09,2025-12-09,2025-12-14,2025-12-14,Paid,30
AP-50743,Logistica Express,IT,Logistics,EUR,50361.67,2025-11-16,2025-12-16,2025-12-20,2025-12-20,Paid,30
AP-50744,Logistica Express,IT,Logistics,EUR,5810.54,2025-12-23,2026-01-22,2026-01-22,2026-01-22,Paid,30
AP-50745,Logistica Express,IT,Logistics,EUR,44077.9,2025-12-28,2026-01-27,2026-01-30,2026-01-30,Paid,30
AP-50746,Logistica Express,IT,Logistics,EUR,100807.37,2025-12-06,2026-01-05,2026-01-03,2026-01-03,Paid,30
AP-50747,Logistica Express,IT,Logistics,EUR,29818.03,2025-12-25,2026-01-24,2026-01-25,2026-01-25,Paid,30
AP-50748,Logistica Express,IT,Logistics,EUR,8150.69,2026-01-13,2026-02-12,2026-02-16,2026-02-16,Paid,30
AP-50749,Logistica Express,IT,Logistics,EUR,23102.34,2026-01-22,2026-02-21,2026-02-23,2026-02-23,Paid,30
AP-50750,Logistica Express,IT,Logistics,EUR,36044.94,2026-01-02,2026-02-01,2026-02-04,2026-02-04,Paid,30
AP-50751,Logistica Express,IT,Logistics,EUR,36370.49,2026-01-24,2026-02-23,2026-02-23,2026-02-23,Paid,30
AP-50752,Logistica Express,IT,Logistics,EUR,10738.95,2026-01-14,2026-02-13,2026-02-15,2026-02-15,Paid,30
AP-50753,Logistica Express,IT,Logistics,EUR,11230.57,2026-01-25,2026-02-24,2026-02-23,2026-02-23,Paid,30
AP-50754,Logistica Express,IT,Logistics,EUR,18995.27,2026-01-25,2026-02-24,2026-02-25,2026-02-25,Paid,30
AP-50755,Logistica Express,IT,Logistics,EUR,16584.69,2026-01-01,2026-01-31,2026-02-07,2026-02-07,Paid,30
AP-50756,Logistica Express,IT,Logistics,EUR,51041.66,2026-02-25,2026-03-27,2026-03-27,2026-03-27,Paid,30
AP-50757,Logistica Express,IT,Logistics,EUR,30286.82,2026-02-27,2026-03-29,2026-04-06,2026-04-06,Paid,30
AP-50758,Logistica Express,IT,Logistics,EUR,38962.79,2026-02-24,2026-03-26,2026-04-02,2026-04-02,Paid,30
AP-50759,Logistica Express,IT,Logistics,EUR,44784.66,2026-02-25,2026-03-27,2026-03-27,2026-03-27,Paid,30
AP-50760,Logistica Express,IT,Logistics,EUR,941.89,2026-03-28,2026-04-27,2026-04-26,2026-04-26,Paid,30
AP-50761,Logistica Express,IT,Logistics,EUR,40665.0,2026-03-28,2026-04-27,2026-04-27,2026-04-27,Paid,30
AP-50762,Logistica Express,IT,Logistics,EUR,14773.73,2026-03-10,2026-04-09,2026-04-11,2026-04-11,Paid,30
AP-50763,Logistica Express,IT,Logistics,EUR,11483.81,2026-03-01,2026-03-31,2026-04-01,2026-04-01,Paid,30
AP-50764,Logistica Express,IT,Logistics,EUR,28072.08,2026-03-16,2026-04-15,2026-04-21,2026-04-21,Paid,30
AP-50765,Logistica Express,IT,Logistics,EUR,12017.33,2026-03-04,2026-04-03,2026-04-04,2026-04-04,Paid,30
AP-50766,Logistica Express,IT,Logistics,EUR,51200.71,2026-03-17,2026-04-16,2026-04-19,2026-04-19,Paid,30
AP-50767,Logistica Express,IT,Logistics,EUR,11986.09,2026-03-15,2026-04-14,2026-04-21,2026-04-21,Paid,30
AP-50768,Logistica Express,IT,Logistics,EUR,50529.41,2026-04-16,2026-05-16,2026-05-16,,Open,30
AP-50769,Logistica Express,IT,Logistics,EUR,34117.1,2026-04-02,2026-05-02,2026-05-02,2026-05-02,Paid,30
AP-50770,Logistica Express,IT,Logistics,EUR,10721.09,2026-04-10,2026-05-10,2026-05-18,,Open,30
AP-50771,Logistica Express,IT,Logistics,EUR,11926.19,2026-04-19,2026-05-19,2026-05-17,,Open,30
AP-50772,Logistica Express,IT,Logistics,EUR,4894.1,2026-04-17,2026-05-17,2026-05-15,,Open,30
AP-50773,Logistica Express,IT,Logistics,EUR,4715.87,2026-04-09,2026-05-09,2026-05-13,,Open,30
AP-50774,Logistica Express,IT,Logistics,EUR,8859.34,2026-04-02,2026-05-02,2026-04-29,2026-04-29,Paid,30
AP-50775,Logistica Express,IT,Logistics,EUR,53277.94,2026-04-10,2026-05-10,2026-05-14,,Open,30
AP-50776,Logistica Express,IT,Logistics,EUR,10783.52,2026-05-24,2026-06-23,2026-06-24,,Open,30
AP-50777,Logistica Express,IT,Logistics,EUR,70581.71,2026-05-27,2026-06-26,2026-06-26,,Open,30
AP-50778,Logistica Express,IT,Logistics,EUR,7950.32,2026-05-16,2026-06-15,2026-06-18,,Open,30
AP-50779,Logistica Express,IT,Logistics,EUR,32484.26,2026-05-23,2026-06-22,2026-06-26,,Open,30
AP-50780,Logistica Express,IT,Logistics,EUR,64258.56,2026-05-24,2026-06-23,2026-06-20,,Open,30
AP-50781,Logistica Express,IT,Logistics,EUR,35383.02,2026-06-15,2026-07-15,2026-07-16,,Open,30
AP-50782,Logistica Express,IT,Logistics,EUR,34587.37,2026-06-21,2026-07-21,2026-07-24,,Open,30
AP-50783,Logistica Express,IT,Logistics,EUR,60282.8,2026-06-24,2026-07-24,2026-07-29,,Open,30
AP-50784,Logistica Express,IT,Logistics,EUR,60539.81,2026-06-08,2026-07-08,2026-07-10,,Open,30
AP-50785,Logistica Express,IT,Logistics,EUR,21297.06,2026-07-08,2026-08-07,2026-08-07,,Open,30
AP-50786,Logistica Express,IT,Logistics,EUR,15622.22,2026-07-23,2026-08-22,2026-08-24,,Open,30
AP-50787,Logistica Express,IT,Logistics,EUR,70662.29,2026-07-15,2026-08-14,2026-08-09,,Open,30
AP-50788,Logistica Express,IT,Logistics,EUR,25778.14,2026-07-05,2026-08-04,2026-08-08,,Open,30
AP-50789,Logistica Express,IT,Logistics,EUR,15179.5,2026-07-02,2026-08-01,2026-08-01,,Open,30
AP-50790,Logistica Express,IT,Logistics,EUR,43317.43,2026-07-13,2026-08-12,2026-08-11,,Open,30
AP-50791,Logistica Express,IT,Logistics,EUR,9947.92,2026-08-22,2026-09-21,2026-09-21,,Open,30
AP-50792,Logistica Express,IT,Logistics,EUR,11354.05,2026-08-17,2026-09-16,2026-09-19,,Open,30
AP-50793,Logistica Express,IT,Logistics,EUR,54013.6,2026-08-16,2026-09-15,2026-09-12,,Open,30
AP-50794,Logistica Express,IT,Logistics,EUR,14496.68,2026-08-20,2026-09-19,2026-09-20,,Open,30
AP-50795,Logistica Express,IT,Logistics,EUR,9581.48,2026-08-11,2026-09-10,2026-09-11,,Open,30
AP-50796,Logistica Express,IT,Logistics,EUR,26031.34,2026-08-12,2026-09-11,2026-09-15,,Open,30
AP-50797,Logistica Express,IT,Logistics,EUR,12669.91,2026-08-20,2026-09-19,2026-09-27,,Open,30
AP-50798,Logistica Express,IT,Logistics,EUR,9406.88,2026-08-22,2026-09-21,2026-09-21,,Open,30
AP-50799,EnerGrid,FR,Utilities,EUR,10747.95,2024-05-19,2024-06-18,2024-06-17,2024-06-17,Paid,30
AP-50800,EnerGrid,FR,Utilities,EUR,17391.81,2024-05-17,2024-06-16,2024-06-17,2024-06-17,Paid,30
AP-50801,EnerGrid,FR,Utilities,EUR,5924.82,2024-05-10,2024-06-09,2024-06-08,2024-06-08,Paid,30
AP-50802,EnerGrid,FR,Utilities,EUR,28066.7,2024-05-09,2024-06-08,2024-06-06,2024-06-06,Paid,30
AP-50803,EnerGrid,FR,Utilities,EUR,6266.44,2024-05-02,2024-06-01,2024-06-09,2024-06-09,Paid,30
AP-50804,EnerGrid,FR,Utilities,EUR,22826.25,2024-05-23,2024-06-22,2024-06-24,2024-06-24,Paid,30
AP-50805,EnerGrid,FR,Utilities,EUR,14205.58,2024-05-25,2024-06-24,2024-06-25,2024-06-25,Paid,30
AP-50806,EnerGrid,FR,Utilities,EUR,15657.5,2024-05-22,2024-06-21,2024-06-21,2024-06-21,Paid,30
AP-50807,EnerGrid,FR,Utilities,EUR,18236.83,2024-06-16,2024-07-16,2024-07-17,2024-07-17,Paid,30
AP-50808,EnerGrid,FR,Utilities,EUR,38037.94,2024-06-14,2024-07-14,2024-07-20,2024-07-20,Paid,30
AP-50809,EnerGrid,FR,Utilities,EUR,28566.55,2024-06-28,2024-07-28,2024-07-27,2024-07-27,Paid,30
AP-50810,EnerGrid,FR,Utilities,EUR,39279.65,2024-06-22,2024-07-22,2024-07-24,2024-07-24,Paid,30
AP-50811,EnerGrid,FR,Utilities,EUR,19716.32,2024-07-13,2024-08-12,2024-08-14,2024-08-14,Paid,30
AP-50812,EnerGrid,FR,Utilities,EUR,4869.91,2024-07-15,2024-08-14,2024-08-16,2024-08-16,Paid,30
AP-50813,EnerGrid,FR,Utilities,EUR,33253.7,2024-07-21,2024-08-20,2024-08-24,2024-08-24,Paid,30
AP-50814,EnerGrid,FR,Utilities,EUR,17264.73,2024-07-13,2024-08-12,2024-08-11,2024-08-11,Paid,30
AP-50815,EnerGrid,FR,Utilities,EUR,3618.45,2024-07-23,2024-08-22,2024-08-20,2024-08-20,Paid,30
AP-50816,EnerGrid,FR,Utilities,EUR,46033.4,2024-07-09,2024-08-08,2024-08-14,2024-08-14,Paid,30
AP-50817,EnerGrid,FR,Utilities,EUR,16557.65,2024-08-26,2024-09-25,2024-09-23,2024-09-23,Paid,30
AP-50818,EnerGrid,FR,Utilities,EUR,47074.08,2024-08-05,2024-09-04,2024-09-07,2024-09-07,Paid,30
AP-50819,EnerGrid,FR,Utilities,EUR,25868.77,2024-08-19,2024-09-18,2024-09-19,2024-09-19,Paid,30
AP-50820,EnerGrid,FR,Utilities,EUR,6373.69,2024-08-10,2024-09-09,2024-09-15,2024-09-15,Paid,30
AP-50821,EnerGrid,FR,Utilities,EUR,66054.46,2024-09-27,2024-10-27,2024-10-27,2024-10-27,Paid,30
AP-50822,EnerGrid,FR,Utilities,EUR,24772.25,2024-09-10,2024-10-10,2024-10-14,2024-10-14,Paid,30
AP-50823,EnerGrid,FR,Utilities,EUR,28315.8,2024-09-16,2024-10-16,2024-10-15,2024-10-15,Paid,30
AP-50824,EnerGrid,FR,Utilities,EUR,31621.03,2024-10-14,2024-11-13,2024-11-20,2024-11-20,Paid,30
AP-50825,EnerGrid,FR,Utilities,EUR,12863.48,2024-10-21,2024-11-20,2024-11-21,2024-11-21,Paid,30
AP-50826,EnerGrid,FR,Utilities,EUR,8289.93,2024-10-24,2024-11-23,2024-11-22,2024-11-22,Paid,30
AP-50827,EnerGrid,FR,Utilities,EUR,6585.39,2024-10-28,2024-11-27,2024-11-28,2024-11-28,Paid,30
AP-50828,EnerGrid,FR,Utilities,EUR,20482.88,2024-10-24,2024-11-23,2024-11-23,2024-11-23,Paid,30
AP-50829,EnerGrid,FR,Utilities,EUR,21851.92,2024-10-10,2024-11-09,2024-11-10,2024-11-10,Paid,30
AP-50830,EnerGrid,FR,Utilities,EUR,13036.52,2024-10-26,2024-11-25,2024-12-01,2024-12-01,Paid,30
AP-50831,EnerGrid,FR,Utilities,EUR,5788.18,2024-11-04,2024-12-04,2024-12-04,2024-12-04,Paid,30
AP-50832,EnerGrid,FR,Utilities,EUR,17689.72,2024-11-01,2024-12-01,2024-12-01,2024-12-01,Paid,30
AP-50833,EnerGrid,FR,Utilities,EUR,16616.36,2024-11-19,2024-12-19,2024-12-21,2024-12-21,Paid,30
AP-50834,EnerGrid,FR,Utilities,EUR,40484.91,2024-11-04,2024-12-04,2024-12-09,2024-12-09,Paid,30
AP-50835,EnerGrid,FR,Utilities,EUR,38189.43,2024-11-05,2024-12-05,2024-12-01,2024-12-01,Paid,30
AP-50836,EnerGrid,FR,Utilities,EUR,5208.84,2024-11-13,2024-12-13,2024-12-15,2024-12-15,Paid,30
AP-50837,EnerGrid,FR,Utilities,EUR,43783.32,2024-12-09,2025-01-08,2025-01-13,2025-01-13,Paid,30
AP-50838,EnerGrid,FR,Utilities,EUR,41125.69,2024-12-02,2025-01-01,2024-12-29,2024-12-29,Paid,30
AP-50839,EnerGrid,FR,Utilities,EUR,36562.69,2024-12-19,2025-01-18,2025-01-22,2025-01-22,Paid,30
AP-50840,EnerGrid,FR,Utilities,EUR,32271.56,2025-01-18,2025-02-17,2025-02-21,2025-02-21,Paid,30
AP-50841,EnerGrid,FR,Utilities,EUR,10687.51,2025-01-28,2025-02-27,2025-03-01,2025-03-01,Paid,30
AP-50842,EnerGrid,FR,Utilities,EUR,8855.84,2025-01-15,2025-02-14,2025-02-14,2025-02-14,Paid,30
AP-50843,EnerGrid,FR,Utilities,EUR,14097.87,2025-01-02,2025-02-01,2025-01-30,2025-01-30,Paid,30
AP-50844,EnerGrid,FR,Utilities,EUR,11597.86,2025-01-21,2025-02-20,2025-02-23,2025-02-23,Paid,30
AP-50845,EnerGrid,FR,Utilities,EUR,7771.28,2025-01-12,2025-02-11,2025-02-15,2025-02-15,Paid,30
AP-50846,EnerGrid,FR,Utilities,EUR,23265.96,2025-01-28,2025-02-27,2025-02-23,2025-02-23,Paid,30
AP-50847,EnerGrid,FR,Utilities,EUR,49872.81,2025-02-06,2025-03-08,2025-03-08,2025-03-08,Paid,30
AP-50848,EnerGrid,FR,Utilities,EUR,9533.85,2025-02-22,2025-03-24,2025-03-25,2025-03-25,Paid,30
AP-50849,EnerGrid,FR,Utilities,EUR,19319.89,2025-02-17,2025-03-19,2025-03-23,2025-03-23,Paid,30
AP-50850,EnerGrid,FR,Utilities,EUR,32429.93,2025-02-17,2025-03-19,2025-03-22,2025-03-22,Paid,30
AP-50851,EnerGrid,FR,Utilities,EUR,18745.96,2025-03-03,2025-04-02,2025-04-06,2025-04-06,Paid,30
AP-50852,EnerGrid,FR,Utilities,EUR,30476.08,2025-03-05,2025-04-04,2025-04-04,2025-04-04,Paid,30
AP-50853,EnerGrid,FR,Utilities,EUR,6767.94,2025-03-21,2025-04-20,2025-04-20,2025-04-20,Paid,30
AP-50854,EnerGrid,FR,Utilities,EUR,19235.7,2025-03-01,2025-03-31,2025-04-05,2025-04-05,Paid,30
AP-50855,EnerGrid,FR,Utilities,EUR,13048.33,2025-03-19,2025-04-18,2025-04-17,2025-04-17,Paid,30
AP-50856,EnerGrid,FR,Utilities,EUR,14297.82,2025-03-22,2025-04-21,2025-04-19,2025-04-19,Paid,30
AP-50857,EnerGrid,FR,Utilities,EUR,12679.8,2025-03-14,2025-04-13,2025-04-11,2025-04-11,Paid,30
AP-50858,EnerGrid,FR,Utilities,EUR,16333.03,2025-04-25,2025-05-25,2025-05-30,2025-05-30,Paid,30
AP-50859,EnerGrid,FR,Utilities,EUR,81806.89,2025-04-23,2025-05-23,2025-05-28,2025-05-28,Paid,30
AP-50860,EnerGrid,FR,Utilities,EUR,22443.91,2025-04-06,2025-05-06,2025-05-06,2025-05-06,Paid,30
AP-50861,EnerGrid,FR,Utilities,EUR,11517.03,2025-05-23,2025-06-22,2025-06-21,2025-06-21,Paid,30
AP-50862,EnerGrid,FR,Utilities,EUR,18996.46,2025-05-04,2025-06-03,2025-06-07,2025-06-07,Paid,30
AP-50863,EnerGrid,FR,Utilities,EUR,11287.15,2025-05-08,2025-06-07,2025-06-08,2025-06-08,Paid,30
AP-50864,EnerGrid,FR,Utilities,EUR,4474.89,2025-05-01,2025-05-31,2025-06-05,2025-06-05,Paid,30
AP-50865,EnerGrid,FR,Utilities,EUR,9235.58,2025-05-01,2025-05-31,2025-05-31,2025-05-31,Paid,30
AP-50866,EnerGrid,FR,Utilities,EUR,6967.08,2025-05-08,2025-06-07,2025-06-07,2025-06-07,Paid,30
AP-50867,EnerGrid,FR,Utilities,EUR,24505.65,2025-05-09,2025-06-08,2025-06-08,2025-06-08,Paid,30
AP-50868,EnerGrid,FR,Utilities,EUR,38338.38,2025-05-25,2025-06-24,2025-06-27,2025-06-27,Paid,30
AP-50869,EnerGrid,FR,Utilities,EUR,29353.43,2025-06-01,2025-07-01,2025-07-04,2025-07-04,Paid,30
AP-50870,EnerGrid,FR,Utilities,EUR,36999.07,2025-06-05,2025-07-05,2025-07-08,2025-07-08,Paid,30
AP-50871,EnerGrid,FR,Utilities,EUR,5036.43,2025-06-18,2025-07-18,2025-07-21,2025-07-21,Paid,30
AP-50872,EnerGrid,FR,Utilities,EUR,23476.13,2025-06-06,2025-07-06,2025-07-09,2025-07-09,Paid,30
AP-50873,EnerGrid,FR,Utilities,EUR,28369.26,2025-06-10,2025-07-10,2025-07-12,2025-07-12,Paid,30
AP-50874,EnerGrid,FR,Utilities,EUR,5289.45,2025-06-15,2025-07-15,2025-07-21,2025-07-21,Paid,30
AP-50875,EnerGrid,FR,Utilities,EUR,20018.27,2025-07-23,2025-08-22,2025-08-23,2025-08-23,Paid,30
AP-50876,EnerGrid,FR,Utilities,EUR,7146.46,2025-07-10,2025-08-09,2025-08-05,2025-08-05,Paid,30
AP-50877,EnerGrid,FR,Utilities,EUR,34785.51,2025-07-27,2025-08-26,2025-08-30,2025-08-30,Paid,30
AP-50878,EnerGrid,FR,Utilities,EUR,48599.32,2025-07-10,2025-08-09,2025-08-14,2025-08-14,Paid,30
AP-50879,EnerGrid,FR,Utilities,EUR,18703.17,2025-07-23,2025-08-22,2025-08-24,2025-08-24,Paid,30
AP-50880,EnerGrid,FR,Utilities,EUR,12076.6,2025-08-13,2025-09-12,2025-09-14,2025-09-14,Paid,30
AP-50881,EnerGrid,FR,Utilities,EUR,5495.98,2025-08-26,2025-09-25,2025-10-01,2025-10-01,Paid,30
AP-50882,EnerGrid,FR,Utilities,EUR,7451.95,2025-08-19,2025-09-18,2025-09-18,2025-09-18,Paid,30
AP-50883,EnerGrid,FR,Utilities,EUR,6671.9,2025-08-17,2025-09-16,2025-09-17,2025-09-17,Paid,30
AP-50884,EnerGrid,FR,Utilities,EUR,31263.3,2025-08-10,2025-09-09,2025-09-07,2025-09-07,Paid,30
AP-50885,EnerGrid,FR,Utilities,EUR,36420.96,2025-08-07,2025-09-06,2025-09-07,2025-09-07,Paid,30
AP-50886,EnerGrid,FR,Utilities,EUR,10247.67,2025-09-22,2025-10-22,2025-10-22,2025-10-22,Paid,30
AP-50887,EnerGrid,FR,Utilities,EUR,28962.12,2025-09-27,2025-10-27,2025-10-30,2025-10-30,Paid,30
AP-50888,EnerGrid,FR,Utilities,EUR,28236.04,2025-09-19,2025-10-19,2025-10-20,2025-10-20,Paid,30
AP-50889,EnerGrid,FR,Utilities,EUR,32764.6,2025-09-10,2025-10-10,2025-10-10,2025-10-10,Paid,30
AP-50890,EnerGrid,FR,Utilities,EUR,23328.41,2025-09-24,2025-10-24,2025-11-01,2025-11-01,Paid,30
AP-50891,EnerGrid,FR,Utilities,EUR,22545.99,2025-10-09,2025-11-08,2025-11-16,2025-11-16,Paid,30
AP-50892,EnerGrid,FR,Utilities,EUR,29867.67,2025-10-12,2025-11-11,2025-11-08,2025-11-08,Paid,30
AP-50893,EnerGrid,FR,Utilities,EUR,10643.23,2025-10-09,2025-11-08,2025-11-08,2025-11-08,Paid,30
AP-50894,EnerGrid,FR,Utilities,EUR,45880.36,2025-10-20,2025-11-19,2025-11-18,2025-11-18,Paid,30
AP-50895,EnerGrid,FR,Utilities,EUR,6689.6,2025-10-08,2025-11-07,2025-11-12,2025-11-12,Paid,30
AP-50896,EnerGrid,FR,Utilities,EUR,3336.47,2025-10-10,2025-11-09,2025-11-14,2025-11-14,Paid,30
AP-50897,EnerGrid,FR,Utilities,EUR,49054.74,2025-11-02,2025-12-02,2025-12-03,2025-12-03,Paid,30
AP-50898,EnerGrid,FR,Utilities,EUR,31970.05,2025-11-20,2025-12-20,2025-12-22,2025-12-22,Paid,30
AP-50899,EnerGrid,FR,Utilities,EUR,24731.52,2025-11-14,2025-12-14,2025-12-16,2025-12-16,Paid,30
AP-50900,EnerGrid,FR,Utilities,EUR,14207.8,2025-11-25,2025-12-25,2025-12-26,2025-12-26,Paid,30
AP-50901,EnerGrid,FR,Utilities,EUR,8535.63,2025-11-06,2025-12-06,2025-12-01,2025-12-01,Paid,30
AP-50902,EnerGrid,FR,Utilities,EUR,15408.94,2025-12-26,2026-01-25,2026-01-25,2026-01-25,Paid,30
AP-50903,EnerGrid,FR,Utilities,EUR,7018.94,2025-12-06,2026-01-05,2026-01-09,2026-01-09,Paid,30
AP-50904,EnerGrid,FR,Utilities,EUR,20075.07,2025-12-09,2026-01-08,2026-01-08,2026-01-08,Paid,30
AP-50905,EnerGrid,FR,Utilities,EUR,30790.14,2025-12-26,2026-01-25,2026-01-27,2026-01-27,Paid,30
AP-50906,EnerGrid,FR,Utilities,EUR,44391.32,2025-12-04,2026-01-03,2026-01-10,2026-01-10,Paid,30
AP-50907,EnerGrid,FR,Utilities,EUR,8128.27,2025-12-10,2026-01-09,2026-01-09,2026-01-09,Paid,30
AP-50908,EnerGrid,FR,Utilities,EUR,9358.59,2026-01-26,2026-02-25,2026-02-25,2026-02-25,Paid,30
AP-50909,EnerGrid,FR,Utilities,EUR,82117.83,2026-01-10,2026-02-09,2026-02-06,2026-02-06,Paid,30
AP-50910,EnerGrid,FR,Utilities,EUR,4612.53,2026-01-17,2026-02-16,2026-02-16,2026-02-16,Paid,30
AP-50911,EnerGrid,FR,Utilities,EUR,16275.08,2026-01-20,2026-02-19,2026-02-26,2026-02-26,Paid,30
AP-50912,EnerGrid,FR,Utilities,EUR,6912.31,2026-02-19,2026-03-21,2026-03-26,2026-03-26,Paid,30
AP-50913,EnerGrid,FR,Utilities,EUR,88862.95,2026-02-13,2026-03-15,2026-03-19,2026-03-19,Paid,30
AP-50914,EnerGrid,FR,Utilities,EUR,19277.66,2026-02-26,2026-03-28,2026-03-28,2026-03-28,Paid,30
AP-50915,EnerGrid,FR,Utilities,EUR,4510.54,2026-03-13,2026-04-12,2026-04-12,2026-04-12,Paid,30
AP-50916,EnerGrid,FR,Utilities,EUR,17099.51,2026-03-17,2026-04-16,2026-04-17,2026-04-17,Paid,30
AP-50917,EnerGrid,FR,Utilities,EUR,23695.64,2026-03-16,2026-04-15,2026-04-15,2026-04-15,Paid,30
AP-50918,EnerGrid,FR,Utilities,EUR,23194.22,2026-03-11,2026-04-10,2026-04-09,2026-04-09,Paid,30
AP-50919,EnerGrid,FR,Utilities,EUR,11275.95,2026-03-18,2026-04-17,2026-04-22,2026-04-22,Paid,30
AP-50920,EnerGrid,FR,Utilities,EUR,16761.37,2026-03-20,2026-04-19,2026-04-20,2026-04-20,Paid,30
AP-50921,EnerGrid,FR,Utilities,EUR,22742.61,2026-03-26,2026-04-25,2026-04-28,2026-04-28,Paid,30
AP-50922,EnerGrid,FR,Utilities,EUR,85261.52,2026-04-19,2026-05-19,2026-05-20,,Open,30
AP-50923,EnerGrid,FR,Utilities,EUR,8924.66,2026-04-28,2026-05-28,2026-05-29,,Open,30
AP-50924,EnerGrid,FR,Utilities,EUR,14452.02,2026-04-04,2026-05-04,2026-05-04,2026-05-04,Paid,30
AP-50925,EnerGrid,FR,Utilities,EUR,16147.97,2026-04-04,2026-05-04,2026-05-07,,Open,30
AP-50926,EnerGrid,FR,Utilities,EUR,37456.99,2026-05-27,2026-06-26,2026-06-30,,Open,30
AP-50927,EnerGrid,FR,Utilities,EUR,40522.63,2026-05-25,2026-06-24,2026-06-28,,Open,30
AP-50928,EnerGrid,FR,Utilities,EUR,51697.43,2026-05-05,2026-06-04,2026-06-06,,Open,30
AP-50929,EnerGrid,FR,Utilities,EUR,11354.22,2026-06-15,2026-07-15,2026-07-15,,Open,30
AP-50930,EnerGrid,FR,Utilities,EUR,100426.58,2026-06-24,2026-07-24,2026-07-24,,Open,30
AP-50931,EnerGrid,FR,Utilities,EUR,21196.15,2026-06-17,2026-07-17,2026-07-22,,Open,30
AP-50932,EnerGrid,FR,Utilities,EUR,10731.42,2026-07-12,2026-08-11,2026-08-12,,Open,30
AP-50933,EnerGrid,FR,Utilities,EUR,29468.23,2026-07-10,2026-08-09,2026-08-13,,Open,30
AP-50934,EnerGrid,FR,Utilities,EUR,21064.21,2026-07-18,2026-08-17,2026-08-19,,Open,30
AP-50935,EnerGrid,FR,Utilities,EUR,72454.41,2026-07-28,2026-08-27,2026-08-28,,Open,30
AP-50936,EnerGrid,FR,Utilities,EUR,26339.8,2026-08-03,2026-09-02,2026-09-03,,Open,30
AP-50937,EnerGrid,FR,Utilities,EUR,22169.64,2026-08-20,2026-09-19,2026-09-22,,Open,30
AP-50938,EnerGrid,FR,Utilities,EUR,54294.89,2026-08-26,2026-09-25,2026-09-26,,Open,30
AP-50939,CloudOps SAS,FR,IT Services,EUR,2439.38,2024-05-06,2024-06-05,2024-06-05,2024-06-05,Paid,30
AP-50940,CloudOps SAS,FR,IT Services,EUR,15261.63,2024-05-25,2024-06-24,2024-06-29,2024-06-29,Paid,30
AP-50941,CloudOps SAS,FR,IT Services,EUR,10690.61,2024-05-26,2024-06-25,2024-06-24,2024-06-24,Paid,30
AP-50942,CloudOps SAS,FR,IT Services,EUR,26960.42,2024-05-18,2024-06-17,2024-06-20,2024-06-20,Paid,30
AP-50943,CloudOps SAS,FR,IT Services,EUR,14513.54,2024-05-05,2024-06-04,2024-06-10,2024-06-10,Paid,30
AP-50944,CloudOps SAS,FR,IT Services,EUR,5945.44,2024-05-06,2024-06-05,2024-06-07,2024-06-07,Paid,30
AP-50945,CloudOps SAS,FR,IT Services,EUR,26414.75,2024-06-04,2024-07-04,2024-07-03,2024-07-03,Paid,30
AP-50946,CloudOps SAS,FR,IT Services,EUR,19765.87,2024-06-27,2024-07-27,2024-07-31,2024-07-31,Paid,30
AP-50947,CloudOps SAS,FR,IT Services,EUR,31529.9,2024-06-11,2024-07-11,2024-07-12,2024-07-12,Paid,30
AP-50948,CloudOps SAS,FR,IT Services,EUR,17639.24,2024-07-24,2024-08-23,2024-08-22,2024-08-22,Paid,30
AP-50949,CloudOps SAS,FR,IT Services,EUR,4898.04,2024-07-19,2024-08-18,2024-08-19,2024-08-19,Paid,30
AP-50950,CloudOps SAS,FR,IT Services,EUR,14401.75,2024-07-11,2024-08-10,2024-08-11,2024-08-11,Paid,30
AP-50951,CloudOps SAS,FR,IT Services,EUR,17382.98,2024-07-15,2024-08-14,2024-08-16,2024-08-16,Paid,30
AP-50952,CloudOps SAS,FR,IT Services,EUR,16909.38,2024-07-04,2024-08-03,2024-08-03,2024-08-03,Paid,30
AP-50953,CloudOps SAS,FR,IT Services,EUR,2005.07,2024-07-17,2024-08-16,2024-08-19,2024-08-19,Paid,30
AP-50954,CloudOps SAS,FR,IT Services,EUR,4871.97,2024-07-02,2024-08-01,2024-07-31,2024-07-31,Paid,30
AP-50955,CloudOps SAS,FR,IT Services,EUR,14258.94,2024-08-22,2024-09-21,2024-09-24,2024-09-24,Paid,30
AP-50956,CloudOps SAS,FR,IT Services,EUR,11635.53,2024-08-19,2024-09-18,2024-09-23,2024-09-23,Paid,30
AP-50957,CloudOps SAS,FR,IT Services,EUR,3673.27,2024-08-26,2024-09-25,2024-09-21,2024-09-21,Paid,30
AP-50958,CloudOps SAS,FR,IT Services,EUR,2381.08,2024-08-12,2024-09-11,2024-09-08,2024-09-08,Paid,30
AP-50959,CloudOps SAS,FR,IT Services,EUR,7514.07,2024-08-16,2024-09-15,2024-09-14,2024-09-14,Paid,30
AP-50960,CloudOps SAS,FR,IT Services,EUR,14090.16,2024-08-27,2024-09-26,2024-09-28,2024-09-28,Paid,30
AP-50961,CloudOps SAS,FR,IT Services,EUR,1046.46,2024-08-12,2024-09-11,2024-09-14,2024-09-14,Paid,30
AP-50962,CloudOps SAS,FR,IT Services,EUR,5426.07,2024-08-20,2024-09-19,2024-09-19,2024-09-19,Paid,30
AP-50963,CloudOps SAS,FR,IT Services,EUR,26469.02,2024-09-07,2024-10-07,2024-10-07,2024-10-07,Paid,30
AP-50964,CloudOps SAS,FR,IT Services,EUR,10081.9,2024-09-06,2024-10-06,2024-10-02,2024-10-02,Paid,30
AP-50965,CloudOps SAS,FR,IT Services,EUR,38042.65,2024-09-20,2024-10-20,2024-10-20,2024-10-20,Paid,30
AP-50966,CloudOps SAS,FR,IT Services,EUR,9486.28,2024-10-08,2024-11-07,2024-11-12,2024-11-12,Paid,30
AP-50967,CloudOps SAS,FR,IT Services,EUR,1661.87,2024-10-08,2024-11-07,2024-11-07,2024-11-07,Paid,30
AP-50968,CloudOps SAS,FR,IT Services,EUR,20806.63,2024-10-23,2024-11-22,2024-11-24,2024-11-24,Paid,30
AP-50969,CloudOps SAS,FR,IT Services,EUR,8797.09,2024-10-24,2024-11-23,2024-11-26,2024-11-26,Paid,30
AP-50970,CloudOps SAS,FR,IT Services,EUR,20032.29,2024-10-07,2024-11-06,2024-11-09,2024-11-09,Paid,30
AP-50971,CloudOps SAS,FR,IT Services,EUR,11047.51,2024-10-28,2024-11-27,2024-12-05,2024-12-05,Paid,30
AP-50972,CloudOps SAS,FR,IT Services,EUR,21343.01,2024-11-20,2024-12-20,2024-12-19,2024-12-19,Paid,30
AP-50973,CloudOps SAS,FR,IT Services,EUR,25686.82,2024-11-10,2024-12-10,2024-12-11,2024-12-11,Paid,30
AP-50974,CloudOps SAS,FR,IT Services,EUR,16936.65,2024-11-09,2024-12-09,2024-12-09,2024-12-09,Paid,30
AP-50975,CloudOps SAS,FR,IT Services,EUR,670.66,2024-11-16,2024-12-16,2024-12-19,2024-12-19,Paid,30
AP-50976,CloudOps SAS,FR,IT Services,EUR,6940.03,2024-11-15,2024-12-15,2024-12-17,2024-12-17,Paid,30
AP-50977,CloudOps SAS,FR,IT Services,EUR,6043.49,2024-11-19,2024-12-19,2024-12-20,2024-12-20,Paid,30
AP-50978,CloudOps SAS,FR,IT Services,EUR,5884.68,2024-12-02,2025-01-01,2025-01-01,2025-01-01,Paid,30
AP-50979,CloudOps SAS,FR,IT Services,EUR,18923.88,2024-12-11,2025-01-10,2025-01-10,2025-01-10,Paid,30
AP-50980,CloudOps SAS,FR,IT Services,EUR,19561.33,2024-12-14,2025-01-13,2025-01-13,2025-01-13,Paid,30
AP-50981,CloudOps SAS,FR,IT Services,EUR,11350.9,2024-12-14,2025-01-13,2025-01-16,2025-01-16,Paid,30
AP-50982,CloudOps SAS,FR,IT Services,EUR,20331.07,2024-12-27,2025-01-26,2025-01-30,2025-01-30,Paid,30
AP-50983,CloudOps SAS,FR,IT Services,EUR,12041.78,2025-01-28,2025-02-27,2025-03-04,2025-03-04,Paid,30
AP-50984,CloudOps SAS,FR,IT Services,EUR,9171.83,2025-01-04,2025-02-03,2025-02-03,2025-02-03,Paid,30
AP-50985,CloudOps SAS,FR,IT Services,EUR,22148.82,2025-01-16,2025-02-15,2025-02-22,2025-02-22,Paid,30
AP-50986,CloudOps SAS,FR,IT Services,EUR,24597.99,2025-01-03,2025-02-02,2025-02-08,2025-02-08,Paid,30
AP-50987,CloudOps SAS,FR,IT Services,EUR,42444.29,2025-02-24,2025-03-26,2025-03-26,2025-03-26,Paid,30
AP-50988,CloudOps SAS,FR,IT Services,EUR,12075.23,2025-02-06,2025-03-08,2025-03-03,2025-03-03,Paid,30
AP-50989,CloudOps SAS,FR,IT Services,EUR,4325.0,2025-02-12,2025-03-14,2025-03-14,2025-03-14,Paid,30
AP-50990,CloudOps SAS,FR,IT Services,EUR,10749.1,2025-02-04,2025-03-06,2025-03-06,2025-03-06,Paid,30
AP-50991,CloudOps SAS,FR,IT Services,EUR,2803.12,2025-03-12,2025-04-11,2025-04-13,2025-04-13,Paid,30
AP-50992,CloudOps SAS,FR,IT Services,EUR,19501.85,2025-03-15,2025-04-14,2025-04-13,2025-04-13,Paid,30
AP-50993,CloudOps SAS,FR,IT Services,EUR,21266.07,2025-03-10,2025-04-09,2025-04-10,2025-04-10,Paid,30
AP-50994,CloudOps SAS,FR,IT Services,EUR,5419.71,2025-03-04,2025-04-03,2025-04-03,2025-04-03,Paid,30
AP-50995,CloudOps SAS,FR,IT Services,EUR,6480.83,2025-03-22,2025-04-21,2025-04-26,2025-04-26,Paid,30
AP-50996,CloudOps SAS,FR,IT Services,EUR,12557.54,2025-03-25,2025-04-24,2025-04-24,2025-04-24,Paid,30
AP-50997,CloudOps SAS,FR,IT Services,EUR,4128.43,2025-03-23,2025-04-22,2025-04-23,2025-04-23,Paid,30
AP-50998,CloudOps SAS,FR,IT Services,EUR,15563.86,2025-04-15,2025-05-15,2025-05-18,2025-05-18,Paid,30
AP-50999,CloudOps SAS,FR,IT Services,EUR,22114.31,2025-04-02,2025-05-02,2025-05-03,2025-05-03,Paid,30
AP-51000,CloudOps SAS,FR,IT Services,EUR,37817.8,2025-04-08,2025-05-08,2025-05-18,2025-05-18,Paid,30
AP-51001,CloudOps SAS,FR,IT Services,EUR,11683.26,2025-05-12,2025-06-11,2025-06-11,2025-06-11,Paid,30
AP-51002,CloudOps SAS,FR,IT Services,EUR,5407.08,2025-05-11,2025-06-10,2025-06-13,2025-06-13,Paid,30
AP-51003,CloudOps SAS,FR,IT Services,EUR,8281.65,2025-05-23,2025-06-22,2025-06-28,2025-06-28,Paid,30
AP-51004,CloudOps SAS,FR,IT Services,EUR,20490.35,2025-05-06,2025-06-05,2025-06-08,2025-06-08,Paid,30
AP-51005,CloudOps SAS,FR,IT Services,EUR,13155.49,2025-05-04,2025-06-03,2025-06-03,2025-06-03,Paid,30
AP-51006,CloudOps SAS,FR,IT Services,EUR,19444.78,2025-05-11,2025-06-10,2025-06-11,2025-06-11,Paid,30
AP-51007,CloudOps SAS,FR,IT Services,EUR,2981.36,2025-06-01,2025-07-01,2025-07-01,2025-07-01,Paid,30
AP-51008,CloudOps SAS,FR,IT Services,EUR,13812.74,2025-06-04,2025-07-04,2025-07-04,2025-07-04,Paid,30
AP-51009,CloudOps SAS,FR,IT Services,EUR,22953.43,2025-06-09,2025-07-09,2025-07-07,2025-07-07,Paid,30
AP-51010,CloudOps SAS,FR,IT Services,EUR,11836.27,2025-06-19,2025-07-19,2025-07-21,2025-07-21,Paid,30
AP-51011,CloudOps SAS,FR,IT Services,EUR,3200.35,2025-06-01,2025-07-01,2025-07-01,2025-07-01,Paid,30
AP-51012,CloudOps SAS,FR,IT Services,EUR,13347.37,2025-06-10,2025-07-10,2025-07-16,2025-07-16,Paid,30
AP-51013,CloudOps SAS,FR,IT Services,EUR,12335.53,2025-06-02,2025-07-02,2025-06-30,2025-06-30,Paid,30
AP-51014,CloudOps SAS,FR,IT Services,EUR,21072.48,2025-07-28,2025-08-27,2025-08-31,2025-08-31,Paid,30
AP-51015,CloudOps SAS,FR,IT Services,EUR,18608.31,2025-07-06,2025-08-05,2025-08-08,2025-08-08,Paid,30
AP-51016,CloudOps SAS,FR,IT Services,EUR,25478.06,2025-07-25,2025-08-24,2025-08-26,2025-08-26,Paid,30
AP-51017,CloudOps SAS,FR,IT Services,EUR,2972.9,2025-07-09,2025-08-08,2025-08-14,2025-08-14,Paid,30
AP-51018,CloudOps SAS,FR,IT Services,EUR,12791.7,2025-07-28,2025-08-27,2025-08-30,2025-08-30,Paid,30
AP-51019,CloudOps SAS,FR,IT Services,EUR,10861.38,2025-08-11,2025-09-10,2025-09-13,2025-09-13,Paid,30
AP-51020,CloudOps SAS,FR,IT Services,EUR,8895.48,2025-08-19,2025-09-18,2025-09-19,2025-09-19,Paid,30
AP-51021,CloudOps SAS,FR,IT Services,EUR,16440.08,2025-08-15,2025-09-14,2025-09-12,2025-09-12,Paid,30
AP-51022,CloudOps SAS,FR,IT Services,EUR,8960.7,2025-08-13,2025-09-12,2025-09-11,2025-09-11,Paid,30
AP-51023,CloudOps SAS,FR,IT Services,EUR,9608.41,2025-08-16,2025-09-15,2025-09-22,2025-09-22,Paid,30
AP-51024,CloudOps SAS,FR,IT Services,EUR,1990.96,2025-08-13,2025-09-12,2025-09-13,2025-09-13,Paid,30
AP-51025,CloudOps SAS,FR,IT Services,EUR,5463.93,2025-08-06,2025-09-05,2025-09-12,2025-09-12,Paid,30
AP-51026,CloudOps SAS,FR,IT Services,EUR,1184.09,2025-09-03,2025-10-03,2025-10-03,2025-10-03,Paid,30
AP-51027,CloudOps SAS,FR,IT Services,EUR,4947.38,2025-09-11,2025-10-11,2025-10-12,2025-10-12,Paid,30
AP-51028,CloudOps SAS,FR,IT Services,EUR,16266.61,2025-09-18,2025-10-18,2025-10-27,2025-10-27,Paid,30
AP-51029,CloudOps SAS,FR,IT Services,EUR,20913.29,2025-09-09,2025-10-09,2025-10-10,2025-10-10,Paid,30
AP-51030,CloudOps SAS,FR,IT Services,EUR,16260.65,2025-09-22,2025-10-22,2025-10-22,2025-10-22,Paid,30
AP-51031,CloudOps SAS,FR,IT Services,EUR,4478.73,2025-09-24,2025-10-24,2025-10-26,2025-10-26,Paid,30
AP-51032,CloudOps SAS,FR,IT Services,EUR,8676.14,2025-09-10,2025-10-10,2025-10-12,2025-10-12,Paid,30
AP-51033,CloudOps SAS,FR,IT Services,EUR,4619.17,2025-09-07,2025-10-07,2025-10-07,2025-10-07,Paid,30
AP-51034,CloudOps SAS,FR,IT Services,EUR,16453.55,2025-10-09,2025-11-08,2025-11-09,2025-11-09,Paid,30
AP-51035,CloudOps SAS,FR,IT Services,EUR,19583.35,2025-10-01,2025-10-31,2025-11-03,2025-11-03,Paid,30
AP-51036,CloudOps SAS,FR,IT Services,EUR,12810.17,2025-10-03,2025-11-02,2025-11-03,2025-11-03,Paid,30
AP-51037,CloudOps SAS,FR,IT Services,EUR,25634.32,2025-10-27,2025-11-26,2025-11-28,2025-11-28,Paid,30
AP-51038,CloudOps SAS,FR,IT Services,EUR,21865.3,2025-11-21,2025-12-21,2025-12-22,2025-12-22,Paid,30
AP-51039,CloudOps SAS,FR,IT Services,EUR,17393.0,2025-11-11,2025-12-11,2025-12-14,2025-12-14,Paid,30
AP-51040,CloudOps SAS,FR,IT Services,EUR,14501.13,2025-11-06,2025-12-06,2025-12-06,2025-12-06,Paid,30
AP-51041,CloudOps SAS,FR,IT Services,EUR,7573.11,2025-11-23,2025-12-23,2025-12-26,2025-12-26,Paid,30
AP-51042,CloudOps SAS,FR,IT Services,EUR,3512.87,2025-11-28,2025-12-28,2025-12-29,2025-12-29,Paid,30
AP-51043,CloudOps SAS,FR,IT Services,EUR,15606.61,2025-11-02,2025-12-02,2025-12-04,2025-12-04,Paid,30
AP-51044,CloudOps SAS,FR,IT Services,EUR,14880.11,2025-12-14,2026-01-13,2026-01-15,2026-01-15,Paid,30
AP-51045,CloudOps SAS,FR,IT Services,EUR,16751.68,2025-12-07,2026-01-06,2026-01-06,2026-01-06,Paid,30
AP-51046,CloudOps SAS,FR,IT Services,EUR,15075.19,2025-12-07,2026-01-06,2026-01-10,2026-01-10,Paid,30
AP-51047,CloudOps SAS,FR,IT Services,EUR,20787.32,2025-12-25,2026-01-24,2026-01-23,2026-01-23,Paid,30
AP-51048,CloudOps SAS,FR,IT Services,EUR,11275.37,2025-12-02,2026-01-01,2026-01-01,2026-01-01,Paid,30
AP-51049,CloudOps SAS,FR,IT Services,EUR,38315.11,2026-01-15,2026-02-14,2026-02-16,2026-02-16,Paid,30
AP-51050,CloudOps SAS,FR,IT Services,EUR,3935.36,2026-01-19,2026-02-18,2026-02-24,2026-02-24,Paid,30
AP-51051,CloudOps SAS,FR,IT Services,EUR,22863.21,2026-01-20,2026-02-19,2026-02-19,2026-02-19,Paid,30
AP-51052,CloudOps SAS,FR,IT Services,EUR,5235.97,2026-01-15,2026-02-14,2026-02-17,2026-02-17,Paid,30
AP-51053,CloudOps SAS,FR,IT Services,EUR,22948.48,2026-02-02,2026-03-04,2026-03-13,2026-03-13,Paid,30
AP-51054,CloudOps SAS,FR,IT Services,EUR,4048.58,2026-02-23,2026-03-25,2026-03-23,2026-03-23,Paid,30
AP-51055,CloudOps SAS,FR,IT Services,EUR,45036.06,2026-02-28,2026-03-30,2026-04-02,2026-04-02,Paid,30
AP-51056,CloudOps SAS,FR,IT Services,EUR,10691.68,2026-03-06,2026-04-05,2026-04-06,2026-04-06,Paid,30
AP-51057,CloudOps SAS,FR,IT Services,EUR,31568.9,2026-03-08,2026-04-07,2026-04-09,2026-04-09,Paid,30
AP-51058,CloudOps SAS,FR,IT Services,EUR,14938.61,2026-03-11,2026-04-10,2026-04-06,2026-04-06,Paid,30
AP-51059,CloudOps SAS,FR,IT Services,EUR,17480.37,2026-03-25,2026-04-24,2026-04-24,2026-04-24,Paid,30
AP-51060,CloudOps SAS,FR,IT Services,EUR,20181.13,2026-04-26,2026-05-26,2026-05-28,,Open,30
AP-51061,CloudOps SAS,FR,IT Services,EUR,27612.92,2026-04-11,2026-05-11,2026-05-11,,Open,30
AP-51062,CloudOps SAS,FR,IT Services,EUR,30332.94,2026-04-03,2026-05-03,2026-05-06,,Open,30
AP-51063,CloudOps SAS,FR,IT Services,EUR,27766.95,2026-05-02,2026-06-01,2026-06-01,,Open,30
AP-51064,CloudOps SAS,FR,IT Services,EUR,10271.6,2026-05-24,2026-06-23,2026-06-21,,Open,30
AP-51065,CloudOps SAS,FR,IT Services,EUR,16659.05,2026-05-11,2026-06-10,2026-06-11,,Open,30
AP-51066,CloudOps SAS,FR,IT Services,EUR,17817.35,2026-05-02,2026-06-01,2026-06-03,,Open,30
AP-51067,CloudOps SAS,FR,IT Services,EUR,8674.15,2026-05-07,2026-06-06,2026-06-11,,Open,30
AP-51068,CloudOps SAS,FR,IT Services,EUR,9582.09,2026-06-13,2026-07-13,2026-07-13,,Open,30
AP-51069,CloudOps SAS,FR,IT Services,EUR,7800.63,2026-06-28,2026-07-28,2026-07-27,,Open,30
AP-51070,CloudOps SAS,FR,IT Services,EUR,13540.39,2026-06-24,2026-07-24,2026-07-27,,Open,30
AP-51071,CloudOps SAS,FR,IT Services,EUR,9462.11,2026-06-19,2026-07-19,2026-07-18,,Open,30
AP-51072,CloudOps SAS,FR,IT Services,EUR,3244.84,2026-06-19,2026-07-19,2026-07-23,,Open,30
AP-51073,CloudOps SAS,FR,IT Services,EUR,9552.06,2026-06-02,2026-07-02,2026-07-02,,Open,30
AP-51074,CloudOps SAS,FR,IT Services,EUR,12107.38,2026-06-24,2026-07-24,2026-07-24,,Open,30
AP-51075,CloudOps SAS,FR,IT Services,EUR,17965.62,2026-06-09,2026-07-09,2026-07-11,,Open,30
AP-51076,CloudOps SAS,FR,IT Services,EUR,1323.2,2026-07-20,2026-08-19,2026-08-22,,Open,30
AP-51077,CloudOps SAS,FR,IT Services,EUR,14743.39,2026-07-18,2026-08-17,2026-08-20,,Open,30
AP-51078,CloudOps SAS,FR,IT Services,EUR,10729.07,2026-07-10,2026-08-09,2026-08-13,,Open,30
AP-51079,CloudOps SAS,FR,IT Services,EUR,11195.68,2026-07-23,2026-08-22,2026-08-21,,Open,30
AP-51080,CloudOps SAS,FR,IT Services,EUR,9770.32,2026-07-23,2026-08-22,2026-08-22,,Open,30
AP-51081,CloudOps SAS,FR,IT Services,EUR,31770.5,2026-07-11,2026-08-10,2026-08-14,,Open,30
AP-51082,CloudOps SAS,FR,IT Services,EUR,4187.09,2026-07-23,2026-08-22,2026-08-24,,Open,30
AP-51083,CloudOps SAS,FR,IT Services,EUR,8257.56,2026-08-04,2026-09-03,2026-09-06,,Open,30
AP-51084,CloudOps SAS,FR,IT Services,EUR,19917.97,2026-08-27,2026-09-26,2026-09-29,,Open,30
AP-51085,CloudOps SAS,FR,IT Services,EUR,12519.58,2026-08-22,2026-09-21,2026-09-26,,Open,30
AP-51086,CloudOps SAS,FR,IT Services,EUR,10967.58,2026-08-20,2026-09-19,2026-09-23,,Open,30
AP-51087,CloudOps SAS,FR,IT Services,EUR,7178.26,2026-08-06,2026-09-05,2026-09-05,,Open,30
AP-51088,CloudOps SAS,FR,IT Services,EUR,5523.5,2026-08-21,2026-09-20,2026-09-25,,Open,30
AP-51089,Atelier Maintenance,FR,Maintenance,EUR,11375.21,2024-05-24,2024-07-08,2024-07-10,2024-07-10,Paid,45
AP-51090,Atelier Maintenance,FR,Maintenance,EUR,23282.44,2024-05-14,2024-06-28,2024-06-27,2024-06-27,Paid,45
AP-51091,Atelier Maintenance,FR,Maintenance,EUR,14898.18,2024-05-28,2024-07-12,2024-07-14,2024-07-14,Paid,45
AP-51092,Atelier Maintenance,FR,Maintenance,EUR,50472.59,2024-05-02,2024-06-16,2024-06-16,2024-06-16,Paid,45
AP-51093,Atelier Maintenance,FR,Maintenance,EUR,17668.28,2024-06-20,2024-08-04,2024-08-07,2024-08-07,Paid,45
AP-51094,Atelier Maintenance,FR,Maintenance,EUR,9964.64,2024-06-07,2024-07-22,2024-07-20,2024-07-20,Paid,45
AP-51095,Atelier Maintenance,FR,Maintenance,EUR,17064.39,2024-06-20,2024-08-04,2024-08-09,2024-08-09,Paid,45
AP-51096,Atelier Maintenance,FR,Maintenance,EUR,3782.31,2024-06-12,2024-07-27,2024-07-27,2024-07-27,Paid,45
AP-51097,Atelier Maintenance,FR,Maintenance,EUR,12626.78,2024-06-20,2024-08-04,2024-08-04,2024-08-04,Paid,45
AP-51098,Atelier Maintenance,FR,Maintenance,EUR,24999.34,2024-06-05,2024-07-20,2024-07-21,2024-07-21,Paid,45
AP-51099,Atelier Maintenance,FR,Maintenance,EUR,16428.97,2024-06-09,2024-07-24,2024-07-28,2024-07-28,Paid,45
AP-51100,Atelier Maintenance,FR,Maintenance,EUR,41484.84,2024-07-28,2024-09-11,2024-09-13,2024-09-13,Paid,45
AP-51101,Atelier Maintenance,FR,Maintenance,EUR,20866.64,2024-07-25,2024-09-08,2024-09-05,2024-09-05,Paid,45
AP-51102,Atelier Maintenance,FR,Maintenance,EUR,24189.16,2024-07-23,2024-09-06,2024-09-14,2024-09-14,Paid,45
AP-51103,Atelier Maintenance,FR,Maintenance,EUR,16519.1,2024-07-19,2024-09-02,2024-09-02,2024-09-02,Paid,45
AP-51104,Atelier Maintenance,FR,Maintenance,EUR,12910.27,2024-08-16,2024-09-30,2024-10-02,2024-10-02,Paid,45
AP-51105,Atelier Maintenance,FR,Maintenance,EUR,39336.03,2024-08-14,2024-09-28,2024-10-01,2024-10-01,Paid,45
AP-51106,Atelier Maintenance,FR,Maintenance,EUR,12589.71,2024-08-26,2024-10-10,2024-10-14,2024-10-14,Paid,45
AP-51107,Atelier Maintenance,FR,Maintenance,EUR,14364.4,2024-08-11,2024-09-25,2024-10-01,2024-10-01,Paid,45
AP-51108,Atelier Maintenance,FR,Maintenance,EUR,27586.19,2024-09-06,2024-10-21,2024-10-25,2024-10-25,Paid,45
AP-51109,Atelier Maintenance,FR,Maintenance,EUR,37719.36,2024-09-07,2024-10-22,2024-10-26,2024-10-26,Paid,45
AP-51110,Atelier Maintenance,FR,Maintenance,EUR,29692.74,2024-09-11,2024-10-26,2024-10-30,2024-10-30,Paid,45
AP-51111,Atelier Maintenance,FR,Maintenance,EUR,3423.8,2024-09-16,2024-10-31,2024-10-28,2024-10-28,Paid,45
AP-51112,Atelier Maintenance,FR,Maintenance,EUR,12351.15,2024-10-17,2024-12-01,2024-12-03,2024-12-03,Paid,45
AP-51113,Atelier Maintenance,FR,Maintenance,EUR,8828.65,2024-10-20,2024-12-04,2024-12-07,2024-12-07,Paid,45
AP-51114,Atelier Maintenance,FR,Maintenance,EUR,12733.87,2024-10-15,2024-11-29,2024-12-05,2024-12-05,Paid,45
AP-51115,Atelier Maintenance,FR,Maintenance,EUR,16142.35,2024-10-27,2024-12-11,2024-12-11,2024-12-11,Paid,45
AP-51116,Atelier Maintenance,FR,Maintenance,EUR,17187.56,2024-10-08,2024-11-22,2024-11-23,2024-11-23,Paid,45
AP-51117,Atelier Maintenance,FR,Maintenance,EUR,16490.58,2024-10-12,2024-11-26,2024-11-27,2024-11-27,Paid,45
AP-51118,Atelier Maintenance,FR,Maintenance,EUR,11043.75,2024-10-15,2024-11-29,2024-11-29,2024-11-29,Paid,45
AP-51119,Atelier Maintenance,FR,Maintenance,EUR,27769.37,2024-11-06,2024-12-21,2024-12-21,2024-12-21,Paid,45
AP-51120,Atelier Maintenance,FR,Maintenance,EUR,19147.26,2024-11-02,2024-12-17,2024-12-20,2024-12-20,Paid,45
AP-51121,Atelier Maintenance,FR,Maintenance,EUR,50762.77,2024-11-23,2025-01-07,2025-01-06,2025-01-06,Paid,45
AP-51122,Atelier Maintenance,FR,Maintenance,EUR,4736.75,2024-11-22,2025-01-06,2025-01-06,2025-01-06,Paid,45
AP-51123,Atelier Maintenance,FR,Maintenance,EUR,26832.23,2024-12-06,2025-01-20,2025-01-21,2025-01-21,Paid,45
AP-51124,Atelier Maintenance,FR,Maintenance,EUR,28854.02,2024-12-14,2025-01-28,2025-01-28,2025-01-28,Paid,45
AP-51125,Atelier Maintenance,FR,Maintenance,EUR,29250.34,2024-12-18,2025-02-01,2025-02-03,2025-02-03,Paid,45
AP-51126,Atelier Maintenance,FR,Maintenance,EUR,15409.61,2024-12-18,2025-02-01,2025-02-01,2025-02-01,Paid,45
AP-51127,Atelier Maintenance,FR,Maintenance,EUR,8858.87,2025-01-26,2025-03-12,2025-03-13,2025-03-13,Paid,45
AP-51128,Atelier Maintenance,FR,Maintenance,EUR,13329.89,2025-01-03,2025-02-17,2025-02-22,2025-02-22,Paid,45
AP-51129,Atelier Maintenance,FR,Maintenance,EUR,5606.34,2025-01-12,2025-02-26,2025-02-26,2025-02-26,Paid,45
AP-51130,Atelier Maintenance,FR,Maintenance,EUR,21310.66,2025-01-06,2025-02-20,2025-02-20,2025-02-20,Paid,45
AP-51131,Atelier Maintenance,FR,Maintenance,EUR,18655.94,2025-01-15,2025-03-01,2025-03-02,2025-03-02,Paid,45
AP-51132,Atelier Maintenance,FR,Maintenance,EUR,6996.17,2025-01-05,2025-02-19,2025-02-21,2025-02-21,Paid,45
AP-51133,Atelier Maintenance,FR,Maintenance,EUR,14912.12,2025-01-03,2025-02-17,2025-02-21,2025-02-21,Paid,45
AP-51134,Atelier Maintenance,FR,Maintenance,EUR,14517.29,2025-02-18,2025-04-04,2025-04-02,2025-04-02,Paid,45
AP-51135,Atelier Maintenance,FR,Maintenance,EUR,32586.87,2025-02-25,2025-04-11,2025-04-13,2025-04-13,Paid,45
AP-51136,Atelier Maintenance,FR,Maintenance,EUR,20643.03,2025-02-14,2025-03-31,2025-04-02,2025-04-02,Paid,45
AP-51137,Atelier Maintenance,FR,Maintenance,EUR,4410.54,2025-02-02,2025-03-19,2025-03-17,2025-03-17,Paid,45
AP-51138,Atelier Maintenance,FR,Maintenance,EUR,19667.19,2025-02-19,2025-04-05,2025-04-06,2025-04-06,Paid,45
AP-51139,Atelier Maintenance,FR,Maintenance,EUR,29587.61,2025-03-08,2025-04-22,2025-04-25,2025-04-25,Paid,45
AP-51140,Atelier Maintenance,FR,Maintenance,EUR,7254.81,2025-03-26,2025-05-10,2025-05-13,2025-05-13,Paid,45
AP-51141,Atelier Maintenance,FR,Maintenance,EUR,58365.46,2025-03-01,2025-04-15,2025-04-19,2025-04-19,Paid,45
AP-51142,Atelier Maintenance,FR,Maintenance,EUR,46466.57,2025-04-02,2025-05-17,2025-05-17,2025-05-17,Paid,45
AP-51143,Atelier Maintenance,FR,Maintenance,EUR,12053.01,2025-04-27,2025-06-11,2025-06-09,2025-06-09,Paid,45
AP-51144,Atelier Maintenance,FR,Maintenance,EUR,7521.71,2025-04-28,2025-06-12,2025-06-12,2025-06-12,Paid,45
AP-51145,Atelier Maintenance,FR,Maintenance,EUR,13978.34,2025-04-10,2025-05-25,2025-05-28,2025-05-28,Paid,45
AP-51146,Atelier Maintenance,FR,Maintenance,EUR,16040.7,2025-04-09,2025-05-24,2025-05-22,2025-05-22,Paid,45
AP-51147,Atelier Maintenance,FR,Maintenance,EUR,3552.4,2025-04-12,2025-05-27,2025-05-26,2025-05-26,Paid,45
AP-51148,Atelier Maintenance,FR,Maintenance,EUR,5917.6,2025-05-13,2025-06-27,2025-06-27,2025-06-27,Paid,45
AP-51149,Atelier Maintenance,FR,Maintenance,EUR,20843.87,2025-05-28,2025-07-12,2025-07-08,2025-07-08,Paid,45
AP-51150,Atelier Maintenance,FR,Maintenance,EUR,17395.27,2025-05-15,2025-06-29,2025-07-02,2025-07-02,Paid,45
AP-51151,Atelier Maintenance,FR,Maintenance,EUR,4386.27,2025-05-13,2025-06-27,2025-07-03,2025-07-03,Paid,45
AP-51152,Atelier Maintenance,FR,Maintenance,EUR,6127.91,2025-05-11,2025-06-25,2025-06-28,2025-06-28,Paid,45
AP-51153,Atelier Maintenance,FR,Maintenance,EUR,16844.17,2025-05-11,2025-06-25,2025-06-25,2025-06-25,Paid,45
AP-51154,Atelier Maintenance,FR,Maintenance,EUR,19569.74,2025-05-06,2025-06-20,2025-06-23,2025-06-23,Paid,45
AP-51155,Atelier Maintenance,FR,Maintenance,EUR,12442.23,2025-05-07,2025-06-21,2025-06-19,2025-06-19,Paid,45
AP-51156,Atelier Maintenance,FR,Maintenance,EUR,11255.28,2025-06-16,2025-07-31,2025-08-06,2025-08-06,Paid,45
AP-51157,Atelier Maintenance,FR,Maintenance,EUR,29886.69,2025-06-24,2025-08-08,2025-08-12,2025-08-12,Paid,45
AP-51158,Atelier Maintenance,FR,Maintenance,EUR,10709.53,2025-06-05,2025-07-20,2025-07-25,2025-07-25,Paid,45
AP-51159,Atelier Maintenance,FR,Maintenance,EUR,8232.82,2025-06-17,2025-08-01,2025-08-05,2025-08-05,Paid,45
AP-51160,Atelier Maintenance,FR,Maintenance,EUR,11715.3,2025-06-09,2025-07-24,2025-07-30,2025-07-30,Paid,45
AP-51161,Atelier Maintenance,FR,Maintenance,EUR,1951.52,2025-06-12,2025-07-27,2025-08-03,2025-08-03,Paid,45
AP-51162,Atelier Maintenance,FR,Maintenance,EUR,14401.59,2025-06-22,2025-08-06,2025-08-03,2025-08-03,Paid,45
AP-51163,Atelier Maintenance,FR,Maintenance,EUR,18019.08,2025-06-15,2025-07-30,2025-07-29,2025-07-29,Paid,45
AP-51164,Atelier Maintenance,FR,Maintenance,EUR,35798.81,2025-07-06,2025-08-20,2025-08-20,2025-08-20,Paid,45
AP-51165,Atelier Maintenance,FR,Maintenance,EUR,16876.44,2025-07-10,2025-08-24,2025-08-26,2025-08-26,Paid,45
AP-51166,Atelier Maintenance,FR,Maintenance,EUR,13627.19,2025-07-10,2025-08-24,2025-08-25,2025-08-25,Paid,45
AP-51167,Atelier Maintenance,FR,Maintenance,EUR,40471.55,2025-07-17,2025-08-31,2025-08-30,2025-08-30,Paid,45
AP-51168,Atelier Maintenance,FR,Maintenance,EUR,17266.45,2025-08-21,2025-10-05,2025-10-05,2025-10-05,Paid,45
AP-51169,Atelier Maintenance,FR,Maintenance,EUR,15114.27,2025-08-17,2025-10-01,2025-10-04,2025-10-04,Paid,45
AP-51170,Atelier Maintenance,FR,Maintenance,EUR,22479.82,2025-08-07,2025-09-21,2025-09-21,2025-09-21,Paid,45
AP-51171,Atelier Maintenance,FR,Maintenance,EUR,8878.34,2025-08-17,2025-10-01,2025-10-05,2025-10-05,Paid,45
AP-51172,Atelier Maintenance,FR,Maintenance,EUR,6269.77,2025-08-14,2025-09-28,2025-09-28,2025-09-28,Paid,45
AP-51173,Atelier Maintenance,FR,Maintenance,EUR,12088.44,2025-08-02,2025-09-16,2025-09-18,2025-09-18,Paid,45
AP-51174,Atelier Maintenance,FR,Maintenance,EUR,11402.17,2025-09-25,2025-11-09,2025-11-10,2025-11-10,Paid,45
AP-51175,Atelier Maintenance,FR,Maintenance,EUR,7395.8,2025-09-12,2025-10-27,2025-10-27,2025-10-27,Paid,45
AP-51176,Atelier Maintenance,FR,Maintenance,EUR,3136.55,2025-09-08,2025-10-23,2025-10-22,2025-10-22,Paid,45
AP-51177,Atelier Maintenance,FR,Maintenance,EUR,11032.2,2025-09-27,2025-11-11,2025-11-11,2025-11-11,Paid,45
AP-51178,Atelier Maintenance,FR,Maintenance,EUR,9080.35,2025-09-23,2025-11-07,2025-11-02,2025-11-02,Paid,45
AP-51179,Atelier Maintenance,FR,Maintenance,EUR,7775.92,2025-09-14,2025-10-29,2025-11-02,2025-11-02,Paid,45
AP-51180,Atelier Maintenance,FR,Maintenance,EUR,52230.85,2025-09-28,2025-11-12,2025-11-13,2025-11-13,Paid,45
AP-51181,Atelier Maintenance,FR,Maintenance,EUR,7844.55,2025-10-12,2025-11-26,2025-11-27,2025-11-27,Paid,45
AP-51182,Atelier Maintenance,FR,Maintenance,EUR,5949.59,2025-10-09,2025-11-23,2025-11-20,2025-11-20,Paid,45
AP-51183,Atelier Maintenance,FR,Maintenance,EUR,9441.19,2025-10-16,2025-11-30,2025-12-01,2025-12-01,Paid,45
AP-51184,Atelier Maintenance,FR,Maintenance,EUR,13386.96,2025-10-16,2025-11-30,2025-11-26,2025-11-26,Paid,45
AP-51185,Atelier Maintenance,FR,Maintenance,EUR,5797.94,2025-10-01,2025-11-15,2025-11-17,2025-11-17,Paid,45
AP-51186,Atelier Maintenance,FR,Maintenance,EUR,12720.74,2025-10-24,2025-12-08,2025-12-08,2025-12-08,Paid,45
AP-51187,Atelier Maintenance,FR,Maintenance,EUR,13925.67,2025-10-23,2025-12-07,2025-12-09,2025-12-09,Paid,45
AP-51188,Atelier Maintenance,FR,Maintenance,EUR,29207.41,2025-10-08,2025-11-22,2025-11-25,2025-11-25,Paid,45
AP-51189,Atelier Maintenance,FR,Maintenance,EUR,16619.39,2025-11-13,2025-12-28,2025-12-27,2025-12-27,Paid,45
AP-51190,Atelier Maintenance,FR,Maintenance,EUR,6305.42,2025-11-28,2026-01-12,2026-01-14,2026-01-14,Paid,45
AP-51191,Atelier Maintenance,FR,Maintenance,EUR,12346.43,2025-11-03,2025-12-18,2025-12-22,2025-12-22,Paid,45
AP-51192,Atelier Maintenance,FR,Maintenance,EUR,15351.92,2025-11-21,2026-01-05,2026-01-02,2026-01-02,Paid,45
AP-51193,Atelier Maintenance,FR,Maintenance,EUR,8443.05,2025-11-22,2026-01-06,2026-01-10,2026-01-10,Paid,45
AP-51194,Atelier Maintenance,FR,Maintenance,EUR,37350.09,2025-11-20,2026-01-04,2026-01-06,2026-01-06,Paid,45
AP-51195,Atelier Maintenance,FR,Maintenance,EUR,9735.66,2025-11-22,2026-01-06,2026-01-06,2026-01-06,Paid,45
AP-51196,Atelier Maintenance,FR,Maintenance,EUR,1734.07,2025-12-26,2026-02-09,2026-02-12,2026-02-12,Paid,45
AP-51197,Atelier Maintenance,FR,Maintenance,EUR,10225.07,2025-12-24,2026-02-07,2026-02-04,2026-02-04,Paid,45
AP-51198,Atelier Maintenance,FR,Maintenance,EUR,6240.39,2025-12-16,2026-01-30,2026-02-09,2026-02-09,Paid,45
AP-51199,Atelier Maintenance,FR,Maintenance,EUR,27128.34,2025-12-09,2026-01-23,2026-01-21,2026-01-21,Paid,45
AP-51200,Atelier Maintenance,FR,Maintenance,EUR,8261.8,2025-12-20,2026-02-03,2026-02-07,2026-02-07,Paid,45
AP-51201,Atelier Maintenance,FR,Maintenance,EUR,29378.54,2025-12-21,2026-02-04,2026-02-08,2026-02-08,Paid,45
AP-51202,Atelier Maintenance,FR,Maintenance,EUR,12871.18,2025-12-18,2026-02-01,2026-02-03,2026-02-03,Paid,45
AP-51203,Atelier Maintenance,FR,Maintenance,EUR,8092.82,2025-12-14,2026-01-28,2026-02-05,2026-02-05,Paid,45
AP-51204,Atelier Maintenance,FR,Maintenance,EUR,16036.69,2026-01-28,2026-03-14,2026-03-16,2026-03-16,Paid,45
AP-51205,Atelier Maintenance,FR,Maintenance,EUR,13259.23,2026-01-13,2026-02-27,2026-03-01,2026-03-01,Paid,45
AP-51206,Atelier Maintenance,FR,Maintenance,EUR,10750.83,2026-01-13,2026-02-27,2026-02-26,2026-02-26,Paid,45
AP-51207,Atelier Maintenance,FR,Maintenance,EUR,10901.0,2026-01-06,2026-02-20,2026-02-24,2026-02-24,Paid,45
AP-51208,Atelier Maintenance,FR,Maintenance,EUR,12774.24,2026-01-17,2026-03-03,2026-03-07,2026-03-07,Paid,45
AP-51209,Atelier Maintenance,FR,Maintenance,EUR,2382.41,2026-01-01,2026-02-15,2026-02-14,2026-02-14,Paid,45
AP-51210,Atelier Maintenance,FR,Maintenance,EUR,20376.96,2026-01-16,2026-03-02,2026-02-28,2026-02-28,Paid,45
AP-51211,Atelier Maintenance,FR,Maintenance,EUR,6341.08,2026-01-18,2026-03-04,2026-02-28,2026-02-28,Paid,45
AP-51212,Atelier Maintenance,FR,Maintenance,EUR,21587.93,2026-02-09,2026-03-26,2026-03-29,2026-03-29,Paid,45
AP-51213,Atelier Maintenance,FR,Maintenance,EUR,7507.28,2026-02-04,2026-03-21,2026-03-26,2026-03-26,Paid,45
AP-51214,Atelier Maintenance,FR,Maintenance,EUR,4267.16,2026-02-19,2026-04-05,2026-04-05,2026-04-05,Paid,45
AP-51215,Atelier Maintenance,FR,Maintenance,EUR,15617.37,2026-02-10,2026-03-27,2026-03-29,2026-03-29,Paid,45
AP-51216,Atelier Maintenance,FR,Maintenance,EUR,18863.43,2026-02-12,2026-03-29,2026-03-29,2026-03-29,Paid,45
AP-51217,Atelier Maintenance,FR,Maintenance,EUR,17105.5,2026-02-18,2026-04-04,2026-04-05,2026-04-05,Paid,45
AP-51218,Atelier Maintenance,FR,Maintenance,EUR,10095.04,2026-02-24,2026-04-10,2026-04-12,2026-04-12,Paid,45
AP-51219,Atelier Maintenance,FR,Maintenance,EUR,27424.71,2026-03-22,2026-05-06,2026-05-13,,Open,45
AP-51220,Atelier Maintenance,FR,Maintenance,EUR,24588.76,2026-03-16,2026-04-30,2026-05-04,2026-05-04,Paid,45
AP-51221,Atelier Maintenance,FR,Maintenance,EUR,12824.64,2026-03-13,2026-04-27,2026-04-27,2026-04-27,Paid,45
AP-51222,Atelier Maintenance,FR,Maintenance,EUR,33697.42,2026-03-26,2026-05-10,2026-05-13,,Open,45
AP-51223,Atelier Maintenance,FR,Maintenance,EUR,9187.18,2026-04-12,2026-05-27,2026-05-27,,Open,45
AP-51224,Atelier Maintenance,FR,Maintenance,EUR,30809.67,2026-04-11,2026-05-26,2026-05-26,,Open,45
AP-51225,Atelier Maintenance,FR,Maintenance,EUR,9603.83,2026-04-08,2026-05-23,2026-05-24,,Open,45
AP-51226,Atelier Maintenance,FR,Maintenance,EUR,21081.02,2026-04-03,2026-05-18,2026-05-18,,Open,45
AP-51227,Atelier Maintenance,FR,Maintenance,EUR,6846.45,2026-04-17,2026-06-01,2026-06-06,,Open,45
AP-51228,Atelier Maintenance,FR,Maintenance,EUR,25556.07,2026-04-03,2026-05-18,2026-05-18,,Open,45
AP-51229,Atelier Maintenance,FR,Maintenance,EUR,19694.51,2026-05-05,2026-06-19,2026-06-20,,Open,45
AP-51230,Atelier Maintenance,FR,Maintenance,EUR,18481.79,2026-05-09,2026-06-23,2026-06-22,,Open,45
AP-51231,Atelier Maintenance,FR,Maintenance,EUR,13740.51,2026-05-05,2026-06-19,2026-06-18,,Open,45
AP-51232,Atelier Maintenance,FR,Maintenance,EUR,46805.48,2026-05-19,2026-07-03,2026-07-05,,Open,45
AP-51233,Atelier Maintenance,FR,Maintenance,EUR,8402.23,2026-05-12,2026-06-26,2026-06-26,,Open,45
AP-51234,Atelier Maintenance,FR,Maintenance,EUR,27468.57,2026-06-01,2026-07-16,2026-07-18,,Open,45
AP-51235,Atelier Maintenance,FR,Maintenance,EUR,10497.02,2026-06-06,2026-07-21,2026-07-23,,Open,45
AP-51236,Atelier Maintenance,FR,Maintenance,EUR,15828.07,2026-06-06,2026-07-21,2026-07-21,,Open,45
AP-51237,Atelier Maintenance,FR,Maintenance,EUR,23492.6,2026-06-10,2026-07-25,2026-07-26,,Open,45
AP-51238,Atelier Maintenance,FR,Maintenance,EUR,14498.55,2026-06-03,2026-07-18,2026-07-19,,Open,45
AP-51239,Atelier Maintenance,FR,Maintenance,EUR,7882.24,2026-06-25,2026-08-09,2026-08-11,,Open,45
AP-51240,Atelier Maintenance,FR,Maintenance,EUR,10183.47,2026-06-21,2026-08-05,2026-08-16,,Open,45
AP-51241,Atelier Maintenance,FR,Maintenance,EUR,17629.04,2026-07-13,2026-08-27,2026-08-27,,Open,45
AP-51242,Atelier Maintenance,FR,Maintenance,EUR,15045.03,2026-07-18,2026-09-01,2026-09-04,,Open,45
AP-51243,Atelier Maintenance,FR,Maintenance,EUR,36257.32,2026-07-15,2026-08-29,2026-09-01,,Open,45
AP-51244,Atelier Maintenance,FR,Maintenance,EUR,8495.3,2026-07-28,2026-09-11,2026-09-15,,Open,45
AP-51245,Atelier Maintenance,FR,Maintenance,EUR,20416.41,2026-07-13,2026-08-27,2026-08-27,,Open,45
AP-51246,Atelier Maintenance,FR,Maintenance,EUR,10133.34,2026-07-14,2026-08-28,2026-08-27,,Open,45
AP-51247,Atelier Maintenance,FR,Maintenance,EUR,2486.49,2026-07-06,2026-08-20,2026-08-22,,Open,45
AP-51248,Atelier Maintenance,FR,Maintenance,EUR,5405.54,2026-08-25,2026-10-09,2026-10-08,,Open,45
AP-51249,Atelier Maintenance,FR,Maintenance,EUR,17231.82,2026-08-11,2026-09-25,2026-09-25,,Open,45
AP-51250,Atelier Maintenance,FR,Maintenance,EUR,11937.67,2026-08-16,2026-09-30,2026-10-01,,Open,45
AP-51251,Atelier Maintenance,FR,Maintenance,EUR,22403.02,2026-08-25,2026-10-09,2026-10-10,,Open,45
AP-51252,Atelier Maintenance,FR,Maintenance,EUR,5783.14,2026-08-05,2026-09-19,2026-09-25,,Open,45
AP-51253,Atelier Maintenance,FR,Maintenance,EUR,12755.4,2026-08-07,2026-09-21,2026-09-26,,Open,45
AP-51254,Atelier Maintenance,FR,Maintenance,EUR,5348.43,2026-08-01,2026-09-15,2026-09-17,,Open,45
AP-51255,Atelier Maintenance,FR,Maintenance,EUR,4060.29,2026-08-11,2026-09-25,2026-09-25,,Open,45
AP-51256,Global Insurance Co,FR,Insurance,EUR,1526.61,2024-05-09,2024-07-08,2024-07-14,2024-07-14,Paid,60
AP-51257,Global Insurance Co,FR,Insurance,EUR,1881.79,2024-05-27,2024-07-26,2024-07-24,2024-07-24,Paid,60
AP-51258,Global Insurance Co,FR,Insurance,EUR,9262.03,2024-05-16,2024-07-15,2024-07-19,2024-07-19,Paid,60
AP-51259,Global Insurance Co,FR,Insurance,EUR,6786.29,2024-05-19,2024-07-18,2024-07-22,2024-07-22,Paid,60
AP-51260,Global Insurance Co,FR,Insurance,EUR,3768.53,2024-05-12,2024-07-11,2024-07-13,2024-07-13,Paid,60
AP-51261,Global Insurance Co,FR,Insurance,EUR,2173.65,2024-05-24,2024-07-23,2024-07-28,2024-07-28,Paid,60
AP-51262,Global Insurance Co,FR,Insurance,EUR,717.82,2024-05-19,2024-07-18,2024-07-21,2024-07-21,Paid,60
AP-51263,Global Insurance Co,FR,Insurance,EUR,13894.65,2024-05-07,2024-07-06,2024-07-07,2024-07-07,Paid,60
AP-51264,Global Insurance Co,FR,Insurance,EUR,6314.7,2024-06-16,2024-08-15,2024-08-16,2024-08-16,Paid,60
AP-51265,Global Insurance Co,FR,Insurance,EUR,7679.44,2024-06-21,2024-08-20,2024-08-24,2024-08-24,Paid,60
AP-51266,Global Insurance Co,FR,Insurance,EUR,7288.44,2024-06-04,2024-08-03,2024-08-06,2024-08-06,Paid,60
AP-51267,Global Insurance Co,FR,Insurance,EUR,6059.04,2024-06-25,2024-08-24,2024-08-26,2024-08-26,Paid,60
AP-51268,Global Insurance Co,FR,Insurance,EUR,3308.99,2024-06-03,2024-08-02,2024-08-10,2024-08-10,Paid,60
AP-51269,Global Insurance Co,FR,Insurance,EUR,4698.91,2024-06-02,2024-08-01,2024-07-31,2024-07-31,Paid,60
AP-51270,Global Insurance Co,FR,Insurance,EUR,2497.73,2024-06-11,2024-08-10,2024-08-08,2024-08-08,Paid,60
AP-51271,Global Insurance Co,FR,Insurance,EUR,3166.64,2024-06-10,2024-08-09,2024-08-10,2024-08-10,Paid,60
AP-51272,Global Insurance Co,FR,Insurance,EUR,2158.67,2024-07-18,2024-09-16,2024-09-20,2024-09-20,Paid,60
AP-51273,Global Insurance Co,FR,Insurance,EUR,2326.86,2024-07-23,2024-09-21,2024-09-24,2024-09-24,Paid,60
AP-51274,Global Insurance Co,FR,Insurance,EUR,4793.29,2024-07-22,2024-09-20,2024-09-20,2024-09-20,Paid,60
AP-51275,Global Insurance Co,FR,Insurance,EUR,4425.43,2024-07-04,2024-09-02,2024-09-02,2024-09-02,Paid,60
AP-51276,Global Insurance Co,FR,Insurance,EUR,20800.17,2024-07-05,2024-09-03,2024-09-02,2024-09-02,Paid,60
AP-51277,Global Insurance Co,FR,Insurance,EUR,3441.33,2024-07-16,2024-09-14,2024-09-14,2024-09-14,Paid,60
AP-51278,Global Insurance Co,FR,Insurance,EUR,3278.15,2024-07-08,2024-09-06,2024-09-06,2024-09-06,Paid,60
AP-51279,Global Insurance Co,FR,Insurance,EUR,206.55,2024-08-22,2024-10-21,2024-10-25,2024-10-25,Paid,60
AP-51280,Global Insurance Co,FR,Insurance,EUR,2063.13,2024-08-07,2024-10-06,2024-10-06,2024-10-06,Paid,60
AP-51281,Global Insurance Co,FR,Insurance,EUR,12924.96,2024-08-24,2024-10-23,2024-10-24,2024-10-24,Paid,60
AP-51282,Global Insurance Co,FR,Insurance,EUR,3866.85,2024-08-14,2024-10-13,2024-10-14,2024-10-14,Paid,60
AP-51283,Global Insurance Co,FR,Insurance,EUR,4393.72,2024-08-22,2024-10-21,2024-10-20,2024-10-20,Paid,60
AP-51284,Global Insurance Co,FR,Insurance,EUR,955.25,2024-08-20,2024-10-19,2024-10-21,2024-10-21,Paid,60
AP-51285,Global Insurance Co,FR,Insurance,EUR,7269.71,2024-08-26,2024-10-25,2024-10-28,2024-10-28,Paid,60
AP-51286,Global Insurance Co,FR,Insurance,EUR,9031.97,2024-09-08,2024-11-07,2024-11-08,2024-11-08,Paid,60
AP-51287,Global Insurance Co,FR,Insurance,EUR,7165.38,2024-09-08,2024-11-07,2024-11-11,2024-11-11,Paid,60
AP-51288,Global Insurance Co,FR,Insurance,EUR,16614.57,2024-09-17,2024-11-16,2024-11-19,2024-11-19,Paid,60
AP-51289,Global Insurance Co,FR,Insurance,EUR,2517.3,2024-09-11,2024-11-10,2024-11-10,2024-11-10,Paid,60
AP-51290,Global Insurance Co,FR,Insurance,EUR,4039.62,2024-09-28,2024-11-27,2024-11-27,2024-11-27,Paid,60
AP-51291,Global Insurance Co,FR,Insurance,EUR,10356.61,2024-10-28,2024-12-27,2024-12-30,2024-12-30,Paid,60
AP-51292,Global Insurance Co,FR,Insurance,EUR,10567.1,2024-10-13,2024-12-12,2024-12-16,2024-12-16,Paid,60
AP-51293,Global Insurance Co,FR,Insurance,EUR,7136.36,2024-10-22,2024-12-21,2024-12-22,2024-12-22,Paid,60
AP-51294,Global Insurance Co,FR,Insurance,EUR,9497.85,2024-10-25,2024-12-24,2024-12-31,2024-12-31,Paid,60
AP-51295,Global Insurance Co,FR,Insurance,EUR,353.25,2024-10-26,2024-12-25,2024-12-22,2024-12-22,Paid,60
AP-51296,Global Insurance Co,FR,Insurance,EUR,5334.3,2024-11-10,2025-01-09,2025-01-10,2025-01-10,Paid,60
AP-51297,Global Insurance Co,FR,Insurance,EUR,3682.1,2024-11-26,2025-01-25,2025-01-25,2025-01-25,Paid,60
AP-51298,Global Insurance Co,FR,Insurance,EUR,7036.28,2024-11-19,2025-01-18,2025-01-20,2025-01-20,Paid,60
AP-51299,Global Insurance Co,FR,Insurance,EUR,2126.55,2024-11-01,2024-12-31,2025-01-05,2025-01-05,Paid,60
AP-51300,Global Insurance Co,FR,Insurance,EUR,10795.37,2024-11-20,2025-01-19,2025-01-23,2025-01-23,Paid,60
AP-51301,Global Insurance Co,FR,Insurance,EUR,5402.53,2024-11-24,2025-01-23,2025-01-23,2025-01-23,Paid,60
AP-51302,Global Insurance Co,FR,Insurance,EUR,6589.34,2024-11-17,2025-01-16,2025-01-18,2025-01-18,Paid,60
AP-51303,Global Insurance Co,FR,Insurance,EUR,5323.19,2024-12-15,2025-02-13,2025-02-13,2025-02-13,Paid,60
AP-51304,Global Insurance Co,FR,Insurance,EUR,4790.51,2024-12-07,2025-02-05,2025-01-31,2025-01-31,Paid,60
AP-51305,Global Insurance Co,FR,Insurance,EUR,4147.34,2024-12-23,2025-02-21,2025-02-21,2025-02-21,Paid,60
AP-51306,Global Insurance Co,FR,Insurance,EUR,5303.57,2024-12-25,2025-02-23,2025-02-24,2025-02-24,Paid,60
AP-51307,Global Insurance Co,FR,Insurance,EUR,11720.26,2024-12-19,2025-02-17,2025-02-17,2025-02-17,Paid,60
AP-51308,Global Insurance Co,FR,Insurance,EUR,5932.73,2024-12-19,2025-02-17,2025-02-20,2025-02-20,Paid,60
AP-51309,Global Insurance Co,FR,Insurance,EUR,2920.88,2024-12-03,2025-02-01,2025-02-01,2025-02-01,Paid,60
AP-51310,Global Insurance Co,FR,Insurance,EUR,2176.06,2025-01-03,2025-03-04,2025-03-04,2025-03-04,Paid,60
AP-51311,Global Insurance Co,FR,Insurance,EUR,5797.65,2025-01-11,2025-03-12,2025-03-17,2025-03-17,Paid,60
AP-51312,Global Insurance Co,FR,Insurance,EUR,7893.31,2025-01-05,2025-03-06,2025-03-10,2025-03-10,Paid,60
AP-51313,Global Insurance Co,FR,Insurance,EUR,3909.91,2025-01-23,2025-03-24,2025-03-27,2025-03-27,Paid,60
AP-51314,Global Insurance Co,FR,Insurance,EUR,5263.6,2025-01-12,2025-03-13,2025-03-12,2025-03-12,Paid,60
AP-51315,Global Insurance Co,FR,Insurance,EUR,5197.28,2025-01-24,2025-03-25,2025-03-26,2025-03-26,Paid,60
AP-51316,Global Insurance Co,FR,Insurance,EUR,5630.19,2025-01-19,2025-03-20,2025-03-22,2025-03-22,Paid,60
AP-51317,Global Insurance Co,FR,Insurance,EUR,10129.99,2025-02-11,2025-04-12,2025-04-11,2025-04-11,Paid,60
AP-51318,Global Insurance Co,FR,Insurance,EUR,17237.35,2025-02-14,2025-04-15,2025-04-26,2025-04-26,Paid,60
AP-51319,Global Insurance Co,FR,Insurance,EUR,9362.63,2025-02-16,2025-04-17,2025-04-20,2025-04-20,Paid,60
AP-51320,Global Insurance Co,FR,Insurance,EUR,3153.12,2025-03-11,2025-05-10,2025-05-12,2025-05-12,Paid,60
AP-51321,Global Insurance Co,FR,Insurance,EUR,2426.86,2025-03-28,2025-05-27,2025-06-03,2025-06-03,Paid,60
AP-51322,Global Insurance Co,FR,Insurance,EUR,5113.84,2025-03-08,2025-05-07,2025-05-06,2025-05-06,Paid,60
AP-51323,Global Insurance Co,FR,Insurance,EUR,10322.39,2025-03-28,2025-05-27,2025-05-31,2025-05-31,Paid,60
AP-51324,Global Insurance Co,FR,Insurance,EUR,9426.7,2025-03-20,2025-05-19,2025-05-20,2025-05-20,Paid,60
AP-51325,Global Insurance Co,FR,Insurance,EUR,7640.26,2025-03-04,2025-05-03,2025-05-06,2025-05-06,Paid,60
AP-51326,Global Insurance Co,FR,Insurance,EUR,1817.56,2025-04-04,2025-06-03,2025-06-03,2025-06-03,Paid,60
AP-51327,Global Insurance Co,FR,Insurance,EUR,8348.92,2025-04-16,2025-06-15,2025-06-18,2025-06-18,Paid,60
AP-51328,Global Insurance Co,FR,Insurance,EUR,9465.46,2025-04-27,2025-06-26,2025-06-26,2025-06-26,Paid,60
AP-51329,Global Insurance Co,FR,Insurance,EUR,6131.12,2025-04-03,2025-06-02,2025-06-09,2025-06-09,Paid,60
AP-51330,Global Insurance Co,FR,Insurance,EUR,3754.25,2025-04-14,2025-06-13,2025-06-16,2025-06-16,Paid,60
AP-51331,Global Insurance Co,FR,Insurance,EUR,8563.0,2025-04-02,2025-06-01,2025-06-02,2025-06-02,Paid,60
AP-51332,Global Insurance Co,FR,Insurance,EUR,1764.77,2025-04-27,2025-06-26,2025-06-22,2025-06-22,Paid,60
AP-51333,Global Insurance Co,FR,Insurance,EUR,4780.49,2025-05-09,2025-07-08,2025-07-08,2025-07-08,Paid,60
AP-51334,Global Insurance Co,FR,Insurance,EUR,9291.72,2025-05-05,2025-07-04,2025-07-06,2025-07-06,Paid,60
AP-51335,Global Insurance Co,FR,Insurance,EUR,7372.64,2025-05-24,2025-07-23,2025-07-25,2025-07-25,Paid,60
AP-51336,Global Insurance Co,FR,Insurance,EUR,1608.37,2025-05-15,2025-07-14,2025-07-14,2025-07-14,Paid,60
AP-51337,Global Insurance Co,FR,Insurance,EUR,3667.43,2025-05-04,2025-07-03,2025-07-04,2025-07-04,Paid,60
AP-51338,Global Insurance Co,FR,Insurance,EUR,6380.95,2025-05-20,2025-07-19,2025-07-19,2025-07-19,Paid,60
AP-51339,Global Insurance Co,FR,Insurance,EUR,8309.21,2025-05-05,2025-07-04,2025-07-04,2025-07-04,Paid,60
AP-51340,Global Insurance Co,FR,Insurance,EUR,4083.49,2025-06-21,2025-08-20,2025-08-23,2025-08-23,Paid,60
AP-51341,Global Insurance Co,FR,Insurance,EUR,6942.12,2025-06-06,2025-08-05,2025-08-11,2025-08-11,Paid,60
AP-51342,Global Insurance Co,FR,Insurance,EUR,13476.15,2025-06-23,2025-08-22,2025-08-25,2025-08-25,Paid,60
AP-51343,Global Insurance Co,FR,Insurance,EUR,8900.49,2025-06-18,2025-08-17,2025-08-17,2025-08-17,Paid,60
AP-51344,Global Insurance Co,FR,Insurance,EUR,9066.48,2025-06-20,2025-08-19,2025-08-22,2025-08-22,Paid,60
AP-51345,Global Insurance Co,FR,Insurance,EUR,21205.67,2025-07-08,2025-09-06,2025-09-07,2025-09-07,Paid,60
AP-51346,Global Insurance Co,FR,Insurance,EUR,9992.32,2025-07-06,2025-09-04,2025-09-04,2025-09-04,Paid,60
AP-51347,Global Insurance Co,FR,Insurance,EUR,11511.6,2025-07-09,2025-09-07,2025-09-12,2025-09-12,Paid,60
AP-51348,Global Insurance Co,FR,Insurance,EUR,8494.56,2025-08-14,2025-10-13,2025-10-18,2025-10-18,Paid,60
AP-51349,Global Insurance Co,FR,Insurance,EUR,1635.58,2025-08-07,2025-10-06,2025-10-10,2025-10-10,Paid,60
AP-51350,Global Insurance Co,FR,Insurance,EUR,7649.43,2025-08-01,2025-09-30,2025-10-05,2025-10-05,Paid,60
AP-51351,Global Insurance Co,FR,Insurance,EUR,6023.81,2025-08-07,2025-10-06,2025-10-08,2025-10-08,Paid,60
AP-51352,Global Insurance Co,FR,Insurance,EUR,2189.69,2025-08-04,2025-10-03,2025-10-05,2025-10-05,Paid,60
AP-51353,Global Insurance Co,FR,Insurance,EUR,1466.37,2025-08-03,2025-10-02,2025-10-07,2025-10-07,Paid,60
AP-51354,Global Insurance Co,FR,Insurance,EUR,5379.39,2025-08-17,2025-10-16,2025-10-15,2025-10-15,Paid,60
AP-51355,Global Insurance Co,FR,Insurance,EUR,6329.68,2025-09-03,2025-11-02,2025-10-30,2025-10-30,Paid,60
AP-51356,Global Insurance Co,FR,Insurance,EUR,12535.38,2025-09-05,2025-11-04,2025-11-11,2025-11-11,Paid,60
AP-51357,Global Insurance Co,FR,Insurance,EUR,6430.21,2025-09-28,2025-11-27,2025-11-26,2025-11-26,Paid,60
AP-51358,Global Insurance Co,FR,Insurance,EUR,7221.6,2025-09-15,2025-11-14,2025-11-18,2025-11-18,Paid,60
AP-51359,Global Insurance Co,FR,Insurance,EUR,4379.57,2025-09-08,2025-11-07,2025-11-15,2025-11-15,Paid,60
AP-51360,Global Insurance Co,FR,Insurance,EUR,3925.09,2025-09-23,2025-11-22,2025-11-22,2025-11-22,Paid,60
AP-51361,Global Insurance Co,FR,Insurance,EUR,15695.52,2025-10-06,2025-12-05,2025-12-05,2025-12-05,Paid,60
AP-51362,Global Insurance Co,FR,Insurance,EUR,2840.84,2025-10-22,2025-12-21,2025-12-23,2025-12-23,Paid,60
AP-51363,Global Insurance Co,FR,Insurance,EUR,2967.16,2025-10-25,2025-12-24,2025-12-23,2025-12-23,Paid,60
AP-51364,Global Insurance Co,FR,Insurance,EUR,9372.02,2025-10-12,2025-12-11,2025-12-12,2025-12-12,Paid,60
AP-51365,Global Insurance Co,FR,Insurance,EUR,4754.88,2025-10-27,2025-12-26,2025-12-28,2025-12-28,Paid,60
AP-51366,Global Insurance Co,FR,Insurance,EUR,1023.69,2025-10-13,2025-12-12,2025-12-16,2025-12-16,Paid,60
AP-51367,Global Insurance Co,FR,Insurance,EUR,2655.51,2025-10-23,2025-12-22,2025-12-26,2025-12-26,Paid,60
AP-51368,Global Insurance Co,FR,Insurance,EUR,5796.63,2025-11-09,2026-01-08,2026-01-11,2026-01-11,Paid,60
AP-51369,Global Insurance Co,FR,Insurance,EUR,6225.19,2025-11-02,2026-01-01,2026-01-01,2026-01-01,Paid,60
AP-51370,Global Insurance Co,FR,Insurance,EUR,5718.41,2025-11-01,2025-12-31,2026-01-03,2026-01-03,Paid,60
AP-51371,Global Insurance Co,FR,Insurance,EUR,7939.59,2025-11-08,2026-01-07,2026-01-11,2026-01-11,Paid,60
AP-51372,Global Insurance Co,FR,Insurance,EUR,8344.27,2025-11-23,2026-01-22,2026-01-25,2026-01-25,Paid,60
AP-51373,Global Insurance Co,FR,Insurance,EUR,8436.7,2025-11-07,2026-01-06,2026-01-07,2026-01-07,Paid,60
AP-51374,Global Insurance Co,FR,Insurance,EUR,9141.21,2025-12-01,2026-01-30,2026-01-29,2026-01-29,Paid,60
AP-51375,Global Insurance Co,FR,Insurance,EUR,25136.06,2025-12-05,2026-02-03,2026-02-04,2026-02-04,Paid,60
AP-51376,Global Insurance Co,FR,Insurance,EUR,7295.61,2025-12-06,2026-02-04,2026-02-07,2026-02-07,Paid,60
AP-51377,Global Insurance Co,FR,Insurance,EUR,1736.06,2026-01-10,2026-03-11,2026-03-15,2026-03-15,Paid,60
AP-51378,Global Insurance Co,FR,Insurance,EUR,7254.29,2026-01-10,2026-03-11,2026-03-13,2026-03-13,Paid,60
AP-51379,Global Insurance Co,FR,Insurance,EUR,8302.48,2026-01-14,2026-03-15,2026-03-14,2026-03-14,Paid,60
AP-51380,Global Insurance Co,FR,Insurance,EUR,4228.1,2026-01-27,2026-03-28,2026-04-02,2026-04-02,Paid,60
AP-51381,Global Insurance Co,FR,Insurance,EUR,12671.83,2026-01-13,2026-03-14,2026-03-14,2026-03-14,Paid,60
AP-51382,Global Insurance Co,FR,Insurance,EUR,2936.22,2026-01-22,2026-03-23,2026-03-22,2026-03-22,Paid,60
AP-51383,Global Insurance Co,FR,Insurance,EUR,5203.81,2026-02-05,2026-04-06,2026-04-03,2026-04-03,Paid,60
AP-51384,Global Insurance Co,FR,Insurance,EUR,5533.22,2026-02-07,2026-04-08,2026-04-09,2026-04-09,Paid,60
AP-51385,Global Insurance Co,FR,Insurance,EUR,2796.46,2026-02-18,2026-04-19,2026-04-20,2026-04-20,Paid,60
AP-51386,Global Insurance Co,FR,Insurance,EUR,11237.54,2026-02-08,2026-04-09,2026-04-14,2026-04-14,Paid,60
AP-51387,Global Insurance Co,FR,Insurance,EUR,5454.17,2026-02-28,2026-04-29,2026-04-29,2026-04-29,Paid,60
AP-51388,Global Insurance Co,FR,Insurance,EUR,3735.89,2026-02-06,2026-04-07,2026-04-10,2026-04-10,Paid,60
AP-51389,Global Insurance Co,FR,Insurance,EUR,4056.39,2026-02-03,2026-04-04,2026-04-09,2026-04-09,Paid,60
AP-51390,Global Insurance Co,FR,Insurance,EUR,6064.22,2026-03-16,2026-05-15,2026-05-15,,Open,60
AP-51391,Global Insurance Co,FR,Insurance,EUR,5387.83,2026-03-17,2026-05-16,2026-05-18,,Open,60
AP-51392,Global Insurance Co,FR,Insurance,EUR,4669.61,2026-03-09,2026-05-08,2026-05-14,,Open,60
AP-51393,Global Insurance Co,FR,Insurance,EUR,7748.96,2026-03-14,2026-05-13,2026-05-17,,Open,60
AP-51394,Global Insurance Co,FR,Insurance,EUR,1086.85,2026-03-22,2026-05-21,2026-05-21,,Open,60
AP-51395,Global Insurance Co,FR,Insurance,EUR,9861.31,2026-03-03,2026-05-02,2026-04-30,2026-04-30,Paid,60
AP-51396,Global Insurance Co,FR,Insurance,EUR,4595.43,2026-03-19,2026-05-18,2026-05-18,,Open,60
AP-51397,Global Insurance Co,FR,Insurance,EUR,4277.83,2026-04-07,2026-06-06,2026-06-10,,Open,60
AP-51398,Global Insurance Co,FR,Insurance,EUR,695.68,2026-04-24,2026-06-23,2026-06-30,,Open,60
AP-51399,Global Insurance Co,FR,Insurance,EUR,5363.67,2026-04-15,2026-06-14,2026-06-19,,Open,60
AP-51400,Global Insurance Co,FR,Insurance,EUR,627.15,2026-04-20,2026-06-19,2026-06-16,,Open,60
AP-51401,Global Insurance Co,FR,Insurance,EUR,7545.79,2026-04-12,2026-06-11,2026-06-12,,Open,60
AP-51402,Global Insurance Co,FR,Insurance,EUR,11152.18,2026-04-26,2026-06-25,2026-06-29,,Open,60
AP-51403,Global Insurance Co,FR,Insurance,EUR,11571.39,2026-04-11,2026-06-10,2026-06-10,,Open,60
AP-51404,Global Insurance Co,FR,Insurance,EUR,4678.6,2026-05-16,2026-07-15,2026-07-13,,Open,60
AP-51405,Global Insurance Co,FR,Insurance,EUR,3640.13,2026-05-10,2026-07-09,2026-07-08,,Open,60
AP-51406,Global Insurance Co,FR,Insurance,EUR,3897.45,2026-05-02,2026-07-01,2026-07-03,,Open,60
AP-51407,Global Insurance Co,FR,Insurance,EUR,4746.96,2026-05-12,2026-07-11,2026-07-13,,Open,60
AP-51408,Global Insurance Co,FR,Insurance,EUR,4620.28,2026-05-27,2026-07-26,2026-07-31,,Open,60
AP-51409,Global Insurance Co,FR,Insurance,EUR,15244.56,2026-05-20,2026-07-19,2026-07-17,,Open,60
AP-51410,Global Insurance Co,FR,Insurance,EUR,6021.83,2026-05-02,2026-07-01,2026-07-02,,Open,60
AP-51411,Global Insurance Co,FR,Insurance,EUR,6430.75,2026-06-21,2026-08-20,2026-08-23,,Open,60
AP-51412,Global Insurance Co,FR,Insurance,EUR,9504.5,2026-06-18,2026-08-17,2026-08-18,,Open,60
AP-51413,Global Insurance Co,FR,Insurance,EUR,3151.32,2026-06-25,2026-08-24,2026-08-24,,Open,60
AP-51414,Global Insurance Co,FR,Insurance,EUR,4574.16,2026-06-01,2026-07-31,2026-08-06,,Open,60
AP-51415,Global Insurance Co,FR,Insurance,EUR,8374.64,2026-06-22,2026-08-21,2026-08-22,,Open,60
AP-51416,Global Insurance Co,FR,Insurance,EUR,2737.81,2026-06-08,2026-08-07,2026-08-11,,Open,60
AP-51417,Global Insurance Co,FR,Insurance,EUR,5275.8,2026-06-11,2026-08-10,2026-08-10,,Open,60
AP-51418,Global Insurance Co,FR,Insurance,EUR,3891.23,2026-06-15,2026-08-14,2026-08-14,,Open,60
AP-51419,Global Insurance Co,FR,Insurance,EUR,10989.51,2026-07-09,2026-09-07,2026-09-06,,Open,60
AP-51420,Global Insurance Co,FR,Insurance,EUR,6364.15,2026-07-04,2026-09-02,2026-09-02,,Open,60
AP-51421,Global Insurance Co,FR,Insurance,EUR,4953.28,2026-07-09,2026-09-07,2026-09-07,,Open,60
AP-51422,Global Insurance Co,FR,Insurance,EUR,5379.86,2026-07-18,2026-09-16,2026-09-18,,Open,60
AP-51423,Global Insurance Co,FR,Insurance,EUR,8062.41,2026-07-09,2026-09-07,2026-09-11,,Open,60
AP-51424,Global Insurance Co,FR,Insurance,EUR,6316.68,2026-07-16,2026-09-14,2026-09-14,,Open,60
AP-51425,Global Insurance Co,FR,Insurance,EUR,2119.27,2026-07-25,2026-09-23,2026-09-26,,Open,60
AP-51426,Global Insurance Co,FR,Insurance,EUR,9610.96,2026-08-08,2026-10-07,2026-10-10,,Open,60
AP-51427,Global Insurance Co,FR,Insurance,EUR,960.77,2026-08-03,2026-10-02,2026-10-02,,Open,60
AP-51428,Global Insurance Co,FR,Insurance,EUR,8311.24,2026-08-04,2026-10-03,2026-10-06,,Open,60
AP-51429,Global Insurance Co,FR,Insurance,EUR,6004.55,2026-08-23,2026-10-22,2026-10-25,,Open,60
AP-51430,Global Insurance Co,FR,Insurance,EUR,2101.24,2026-08-17,2026-10-16,2026-10-18,,Open,60
AP-51431,Global Insurance Co,FR,Insurance,EUR,2840.39,2026-08-14,2026-10-13,2026-10-14,,Open,60
AP-51432,Global Insurance Co,FR,Insurance,EUR,1909.78,2026-08-25,2026-10-24,2026-10-29,,Open,60
AP-51433,Global Insurance Co,FR,Insurance,EUR,2231.2,2026-08-17,2026-10-16,2026-10-12,,Open,60
AP-51434,Audit & Co,FR,Professional Svcs,EUR,4738.34,2024-05-22,2024-07-06,2024-07-01,2024-07-01,Paid,45
AP-51435,Audit & Co,FR,Professional Svcs,EUR,2262.33,2024-05-03,2024-06-17,2024-06-25,2024-06-25,Paid,45
AP-51436,Audit & Co,FR,Professional Svcs,EUR,7726.97,2024-05-01,2024-06-15,2024-06-22,2024-06-22,Paid,45
AP-51437,Audit & Co,FR,Professional Svcs,EUR,7880.69,2024-05-24,2024-07-08,2024-07-12,2024-07-12,Paid,45
AP-51438,Audit & Co,FR,Professional Svcs,EUR,9399.48,2024-05-12,2024-06-26,2024-06-29,2024-06-29,Paid,45
AP-51439,Audit & Co,FR,Professional Svcs,EUR,4732.97,2024-05-23,2024-07-07,2024-07-12,2024-07-12,Paid,45
AP-51440,Audit & Co,FR,Professional Svcs,EUR,2365.17,2024-05-20,2024-07-04,2024-07-04,2024-07-04,Paid,45
AP-51441,Audit & Co,FR,Professional Svcs,EUR,11434.72,2024-05-27,2024-07-11,2024-07-11,2024-07-11,Paid,45
AP-51442,Audit & Co,FR,Professional Svcs,EUR,2501.26,2024-06-17,2024-08-01,2024-08-06,2024-08-06,Paid,45
AP-51443,Audit & Co,FR,Professional Svcs,EUR,1378.43,2024-06-23,2024-08-07,2024-08-07,2024-08-07,Paid,45
AP-51444,Audit & Co,FR,Professional Svcs,EUR,9742.83,2024-06-27,2024-08-11,2024-08-13,2024-08-13,Paid,45
AP-51445,Audit & Co,FR,Professional Svcs,EUR,14745.57,2024-06-18,2024-08-02,2024-08-02,2024-08-02,Paid,45
AP-51446,Audit & Co,FR,Professional Svcs,EUR,7730.62,2024-06-12,2024-07-27,2024-07-25,2024-07-25,Paid,45
AP-51447,Audit & Co,FR,Professional Svcs,EUR,1167.68,2024-06-28,2024-08-12,2024-08-13,2024-08-13,Paid,45
AP-51448,Audit & Co,FR,Professional Svcs,EUR,14540.63,2024-06-03,2024-07-18,2024-07-18,2024-07-18,Paid,45
AP-51449,Audit & Co,FR,Professional Svcs,EUR,19148.95,2024-07-17,2024-08-31,2024-09-05,2024-09-05,Paid,45
AP-51450,Audit & Co,FR,Professional Svcs,EUR,4228.33,2024-07-17,2024-08-31,2024-08-29,2024-08-29,Paid,45
AP-51451,Audit & Co,FR,Professional Svcs,EUR,8977.65,2024-07-23,2024-09-06,2024-09-10,2024-09-10,Paid,45
AP-51452,Audit & Co,FR,Professional Svcs,EUR,8832.3,2024-07-02,2024-08-16,2024-08-18,2024-08-18,Paid,45
AP-51453,Audit & Co,FR,Professional Svcs,EUR,6603.55,2024-07-15,2024-08-29,2024-08-29,2024-08-29,Paid,45
AP-51454,Audit & Co,FR,Professional Svcs,EUR,4281.51,2024-07-21,2024-09-04,2024-09-04,2024-09-04,Paid,45
AP-51455,Audit & Co,FR,Professional Svcs,EUR,6953.95,2024-08-14,2024-09-28,2024-10-01,2024-10-01,Paid,45
AP-51456,Audit & Co,FR,Professional Svcs,EUR,3742.3,2024-08-26,2024-10-10,2024-10-15,2024-10-15,Paid,45
AP-51457,Audit & Co,FR,Professional Svcs,EUR,10594.93,2024-08-04,2024-09-18,2024-09-18,2024-09-18,Paid,45
AP-51458,Audit & Co,FR,Professional Svcs,EUR,9451.02,2024-08-26,2024-10-10,2024-10-18,2024-10-18,Paid,45
AP-51459,Audit & Co,FR,Professional Svcs,EUR,3187.58,2024-08-26,2024-10-10,2024-10-12,2024-10-12,Paid,45
AP-51460,Audit & Co,FR,Professional Svcs,EUR,2995.59,2024-08-08,2024-09-22,2024-09-28,2024-09-28,Paid,45
AP-51461,Audit & Co,FR,Professional Svcs,EUR,3091.67,2024-08-04,2024-09-18,2024-09-18,2024-09-18,Paid,45
AP-51462,Audit & Co,FR,Professional Svcs,EUR,9364.17,2024-09-13,2024-10-28,2024-10-31,2024-10-31,Paid,45
AP-51463,Audit & Co,FR,Professional Svcs,EUR,7881.1,2024-09-03,2024-10-18,2024-10-20,2024-10-20,Paid,45
AP-51464,Audit & Co,FR,Professional Svcs,EUR,7183.5,2024-09-26,2024-11-10,2024-11-14,2024-11-14,Paid,45
AP-51465,Audit & Co,FR,Professional Svcs,EUR,14135.19,2024-09-11,2024-10-26,2024-10-21,2024-10-21,Paid,45
AP-51466,Audit & Co,FR,Professional Svcs,EUR,8112.61,2024-09-01,2024-10-16,2024-10-24,2024-10-24,Paid,45
AP-51467,Audit & Co,FR,Professional Svcs,EUR,3052.49,2024-09-17,2024-11-01,2024-11-05,2024-11-05,Paid,45
AP-51468,Audit & Co,FR,Professional Svcs,EUR,10225.87,2024-10-24,2024-12-08,2024-12-11,2024-12-11,Paid,45
AP-51469,Audit & Co,FR,Professional Svcs,EUR,4141.34,2024-10-07,2024-11-21,2024-11-21,2024-11-21,Paid,45
AP-51470,Audit & Co,FR,Professional Svcs,EUR,9361.6,2024-10-01,2024-11-15,2024-11-13,2024-11-13,Paid,45
AP-51471,Audit & Co,FR,Professional Svcs,EUR,7297.94,2024-10-17,2024-12-01,2024-12-03,2024-12-03,Paid,45
AP-51472,Audit & Co,FR,Professional Svcs,EUR,2383.87,2024-10-01,2024-11-15,2024-11-22,2024-11-22,Paid,45
AP-51473,Audit & Co,FR,Professional Svcs,EUR,5504.76,2024-10-28,2024-12-12,2024-12-12,2024-12-12,Paid,45
AP-51474,Audit & Co,FR,Professional Svcs,EUR,2571.18,2024-10-21,2024-12-05,2024-12-01,2024-12-01,Paid,45
AP-51475,Audit & Co,FR,Professional Svcs,EUR,6401.22,2024-10-11,2024-11-25,2024-11-28,2024-11-28,Paid,45
AP-51476,Audit & Co,FR,Professional Svcs,EUR,13022.7,2024-11-04,2024-12-19,2024-12-19,2024-12-19,Paid,45
AP-51477,Audit & Co,FR,Professional Svcs,EUR,4851.62,2024-11-17,2025-01-01,2025-01-09,2025-01-09,Paid,45
AP-51478,Audit & Co,FR,Professional Svcs,EUR,6866.94,2024-11-04,2024-12-19,2024-12-20,2024-12-20,Paid,45
AP-51479,Audit & Co,FR,Professional Svcs,EUR,17302.59,2024-11-16,2024-12-31,2025-01-04,2025-01-04,Paid,45
AP-51480,Audit & Co,FR,Professional Svcs,EUR,4962.46,2024-11-22,2025-01-06,2025-01-07,2025-01-07,Paid,45
AP-51481,Audit & Co,FR,Professional Svcs,EUR,4740.79,2024-11-02,2024-12-17,2024-12-21,2024-12-21,Paid,45
AP-51482,Audit & Co,FR,Professional Svcs,EUR,4463.25,2024-12-19,2025-02-02,2025-02-02,2025-02-02,Paid,45
AP-51483,Audit & Co,FR,Professional Svcs,EUR,5480.75,2024-12-09,2025-01-23,2025-01-23,2025-01-23,Paid,45
AP-51484,Audit & Co,FR,Professional Svcs,EUR,10077.09,2024-12-22,2025-02-05,2025-02-03,2025-02-03,Paid,45
AP-51485,Audit & Co,FR,Professional Svcs,EUR,2237.58,2024-12-03,2025-01-17,2025-01-19,2025-01-19,Paid,45
AP-51486,Audit & Co,FR,Professional Svcs,EUR,20333.75,2024-12-25,2025-02-08,2025-02-10,2025-02-10,Paid,45
AP-51487,Audit & Co,FR,Professional Svcs,EUR,8108.82,2024-12-06,2025-01-20,2025-01-25,2025-01-25,Paid,45
AP-51488,Audit & Co,FR,Professional Svcs,EUR,2774.3,2025-01-21,2025-03-07,2025-03-10,2025-03-10,Paid,45
AP-51489,Audit & Co,FR,Professional Svcs,EUR,10804.25,2025-01-16,2025-03-02,2025-03-04,2025-03-04,Paid,45
AP-51490,Audit & Co,FR,Professional Svcs,EUR,10873.51,2025-01-27,2025-03-13,2025-03-14,2025-03-14,Paid,45
AP-51491,Audit & Co,FR,Professional Svcs,EUR,14655.02,2025-01-02,2025-02-16,2025-02-18,2025-02-18,Paid,45
AP-51492,Audit & Co,FR,Professional Svcs,EUR,6199.86,2025-01-12,2025-02-26,2025-03-02,2025-03-02,Paid,45
AP-51493,Audit & Co,FR,Professional Svcs,EUR,11727.11,2025-02-03,2025-03-20,2025-03-23,2025-03-23,Paid,45
AP-51494,Audit & Co,FR,Professional Svcs,EUR,2435.61,2025-02-21,2025-04-07,2025-04-12,2025-04-12,Paid,45
AP-51495,Audit & Co,FR,Professional Svcs,EUR,6023.43,2025-02-05,2025-03-22,2025-03-23,2025-03-23,Paid,45
AP-51496,Audit & Co,FR,Professional Svcs,EUR,3018.16,2025-02-11,2025-03-28,2025-03-29,2025-03-29,Paid,45
AP-51497,Audit & Co,FR,Professional Svcs,EUR,2780.27,2025-02-22,2025-04-08,2025-04-09,2025-04-09,Paid,45
AP-51498,Audit & Co,FR,Professional Svcs,EUR,8170.24,2025-02-22,2025-04-08,2025-04-08,2025-04-08,Paid,45
AP-51499,Audit & Co,FR,Professional Svcs,EUR,12240.94,2025-02-28,2025-04-14,2025-04-16,2025-04-16,Paid,45
AP-51500,Audit & Co,FR,Professional Svcs,EUR,6414.25,2025-03-01,2025-04-15,2025-04-15,2025-04-15,Paid,45
AP-51501,Audit & Co,FR,Professional Svcs,EUR,8954.74,2025-03-01,2025-04-15,2025-04-15,2025-04-15,Paid,45
AP-51502,Audit & Co,FR,Professional Svcs,EUR,12082.03,2025-03-11,2025-04-25,2025-04-25,2025-04-25,Paid,45
AP-51503,Audit & Co,FR,Professional Svcs,EUR,5649.85,2025-03-24,2025-05-08,2025-05-11,2025-05-11,Paid,45
AP-51504,Audit & Co,FR,Professional Svcs,EUR,8113.82,2025-03-21,2025-05-05,2025-05-11,2025-05-11,Paid,45
AP-51505,Audit & Co,FR,Professional Svcs,EUR,6890.34,2025-03-20,2025-05-04,2025-04-30,2025-04-30,Paid,45
AP-51506,Audit & Co,FR,Professional Svcs,EUR,5193.75,2025-04-08,2025-05-23,2025-05-23,2025-05-23,Paid,45
AP-51507,Audit & Co,FR,Professional Svcs,EUR,4913.44,2025-04-24,2025-06-08,2025-06-08,2025-06-08,Paid,45
AP-51508,Audit & Co,FR,Professional Svcs,EUR,21155.94,2025-04-11,2025-05-26,2025-05-27,2025-05-27,Paid,45
AP-51509,Audit & Co,FR,Professional Svcs,EUR,10874.35,2025-04-06,2025-05-21,2025-05-21,2025-05-21,Paid,45
AP-51510,Audit & Co,FR,Professional Svcs,EUR,8193.16,2025-04-23,2025-06-07,2025-06-12,2025-06-12,Paid,45
AP-51511,Audit & Co,FR,Professional Svcs,EUR,5474.02,2025-05-14,2025-06-28,2025-06-28,2025-06-28,Paid,45
AP-51512,Audit & Co,FR,Professional Svcs,EUR,6283.15,2025-05-18,2025-07-02,2025-07-02,2025-07-02,Paid,45
AP-51513,Audit & Co,FR,Professional Svcs,EUR,9029.75,2025-05-22,2025-07-06,2025-07-07,2025-07-07,Paid,45
AP-51514,Audit & Co,FR,Professional Svcs,EUR,4911.72,2025-05-26,2025-07-10,2025-07-10,2025-07-10,Paid,45
AP-51515,Audit & Co,FR,Professional Svcs,EUR,22007.46,2025-05-06,2025-06-20,2025-06-21,2025-06-21,Paid,45
AP-51516,Audit & Co,FR,Professional Svcs,EUR,4602.3,2025-05-09,2025-06-23,2025-07-02,2025-07-02,Paid,45
AP-51517,Audit & Co,FR,Professional Svcs,EUR,7598.05,2025-06-22,2025-08-06,2025-08-08,2025-08-08,Paid,45
AP-51518,Audit & Co,FR,Professional Svcs,EUR,11222.16,2025-06-01,2025-07-16,2025-07-17,2025-07-17,Paid,45
AP-51519,Audit & Co,FR,Professional Svcs,EUR,18291.62,2025-06-27,2025-08-11,2025-08-18,2025-08-18,Paid,45
AP-51520,Audit & Co,FR,Professional Svcs,EUR,5061.11,2025-06-26,2025-08-10,2025-08-11,2025-08-11,Paid,45
AP-51521,Audit & Co,FR,Professional Svcs,EUR,433.63,2025-06-19,2025-08-03,2025-08-09,2025-08-09,Paid,45
AP-51522,Audit & Co,FR,Professional Svcs,EUR,5491.74,2025-06-19,2025-08-03,2025-08-03,2025-08-03,Paid,45
AP-51523,Audit & Co,FR,Professional Svcs,EUR,4492.85,2025-06-27,2025-08-11,2025-08-12,2025-08-12,Paid,45
AP-51524,Audit & Co,FR,Professional Svcs,EUR,1053.53,2025-06-09,2025-07-24,2025-07-29,2025-07-29,Paid,45
AP-51525,Audit & Co,FR,Professional Svcs,EUR,6320.6,2025-07-06,2025-08-20,2025-08-24,2025-08-24,Paid,45
AP-51526,Audit & Co,FR,Professional Svcs,EUR,3521.29,2025-07-06,2025-08-20,2025-08-27,2025-08-27,Paid,45
AP-51527,Audit & Co,FR,Professional Svcs,EUR,38749.83,2025-07-25,2025-09-08,2025-09-08,2025-09-08,Paid,45
AP-51528,Audit & Co,FR,Professional Svcs,EUR,5357.24,2025-07-04,2025-08-18,2025-08-21,2025-08-21,Paid,45
AP-51529,Audit & Co,FR,Professional Svcs,EUR,4333.11,2025-08-07,2025-09-21,2025-09-17,2025-09-17,Paid,45
AP-51530,Audit & Co,FR,Professional Svcs,EUR,7083.51,2025-08-24,2025-10-08,2025-10-12,2025-10-12,Paid,45
AP-51531,Audit & Co,FR,Professional Svcs,EUR,1643.37,2025-08-08,2025-09-22,2025-09-22,2025-09-22,Paid,45
AP-51532,Audit & Co,FR,Professional Svcs,EUR,3987.27,2025-08-21,2025-10-05,2025-10-05,2025-10-05,Paid,45
AP-51533,Audit & Co,FR,Professional Svcs,EUR,993.02,2025-08-15,2025-09-29,2025-09-28,2025-09-28,Paid,45
AP-51534,Audit & Co,FR,Professional Svcs,EUR,23440.35,2025-08-05,2025-09-19,2025-09-17,2025-09-17,Paid,45
AP-51535,Audit & Co,FR,Professional Svcs,EUR,29313.41,2025-09-28,2025-11-12,2025-11-14,2025-11-14,Paid,45
AP-51536,Audit & Co,FR,Professional Svcs,EUR,6760.05,2025-09-23,2025-11-07,2025-11-09,2025-11-09,Paid,45
AP-51537,Audit & Co,FR,Professional Svcs,EUR,3382.07,2025-09-02,2025-10-17,2025-10-23,2025-10-23,Paid,45
AP-51538,Audit & Co,FR,Professional Svcs,EUR,7245.48,2025-09-09,2025-10-24,2025-10-23,2025-10-23,Paid,45
AP-51539,Audit & Co,FR,Professional Svcs,EUR,4863.04,2025-09-13,2025-10-28,2025-10-28,2025-10-28,Paid,45
AP-51540,Audit & Co,FR,Professional Svcs,EUR,10119.98,2025-10-05,2025-11-19,2025-11-24,2025-11-24,Paid,45
AP-51541,Audit & Co,FR,Professional Svcs,EUR,17511.85,2025-10-24,2025-12-08,2025-12-08,2025-12-08,Paid,45
AP-51542,Audit & Co,FR,Professional Svcs,EUR,22022.44,2025-10-17,2025-12-01,2025-12-03,2025-12-03,Paid,45
AP-51543,Audit & Co,FR,Professional Svcs,EUR,11649.63,2025-11-27,2026-01-11,2026-01-20,2026-01-20,Paid,45
AP-51544,Audit & Co,FR,Professional Svcs,EUR,4899.29,2025-11-16,2025-12-31,2026-01-02,2026-01-02,Paid,45
AP-51545,Audit & Co,FR,Professional Svcs,EUR,4393.57,2025-11-12,2025-12-27,2025-12-31,2025-12-31,Paid,45
AP-51546,Audit & Co,FR,Professional Svcs,EUR,18589.49,2025-11-24,2026-01-08,2026-01-13,2026-01-13,Paid,45
AP-51547,Audit & Co,FR,Professional Svcs,EUR,4895.89,2025-11-04,2025-12-19,2025-12-18,2025-12-18,Paid,45
AP-51548,Audit & Co,FR,Professional Svcs,EUR,9206.8,2025-11-20,2026-01-04,2026-01-01,2026-01-01,Paid,45
AP-51549,Audit & Co,FR,Professional Svcs,EUR,6351.98,2025-12-14,2026-01-28,2026-01-28,2026-01-28,Paid,45
AP-51550,Audit & Co,FR,Professional Svcs,EUR,9992.61,2025-12-05,2026-01-19,2026-01-19,2026-01-19,Paid,45
AP-51551,Audit & Co,FR,Professional Svcs,EUR,6264.22,2025-12-27,2026-02-10,2026-02-10,2026-02-10,Paid,45
AP-51552,Audit & Co,FR,Professional Svcs,EUR,16329.59,2025-12-18,2026-02-01,2026-02-07,2026-02-07,Paid,45
AP-51553,Audit & Co,FR,Professional Svcs,EUR,2992.68,2025-12-03,2026-01-17,2026-01-20,2026-01-20,Paid,45
AP-51554,Audit & Co,FR,Professional Svcs,EUR,2361.06,2025-12-10,2026-01-24,2026-01-26,2026-01-26,Paid,45
AP-51555,Audit & Co,FR,Professional Svcs,EUR,3726.23,2025-12-21,2026-02-04,2026-02-04,2026-02-04,Paid,45
AP-51556,Audit & Co,FR,Professional Svcs,EUR,4494.76,2025-12-16,2026-01-30,2026-02-01,2026-02-01,Paid,45
AP-51557,Audit & Co,FR,Professional Svcs,EUR,21757.41,2026-01-26,2026-03-12,2026-03-17,2026-03-17,Paid,45
AP-51558,Audit & Co,FR,Professional Svcs,EUR,684.24,2026-01-14,2026-02-28,2026-02-28,2026-02-28,Paid,45
AP-51559,Audit & Co,FR,Professional Svcs,EUR,3285.98,2026-01-18,2026-03-04,2026-03-06,2026-03-06,Paid,45
AP-51560,Audit & Co,FR,Professional Svcs,EUR,8617.37,2026-01-14,2026-02-28,2026-03-03,2026-03-03,Paid,45
AP-51561,Audit & Co,FR,Professional Svcs,EUR,6653.17,2026-01-13,2026-02-27,2026-03-03,2026-03-03,Paid,45
AP-51562,Audit & Co,FR,Professional Svcs,EUR,5901.6,2026-01-11,2026-02-25,2026-02-25,2026-02-25,Paid,45
AP-51563,Audit & Co,FR,Professional Svcs,EUR,24464.93,2026-02-12,2026-03-29,2026-03-26,2026-03-26,Paid,45
AP-51564,Audit & Co,FR,Professional Svcs,EUR,7914.51,2026-02-16,2026-04-02,2026-04-04,2026-04-04,Paid,45
AP-51565,Audit & Co,FR,Professional Svcs,EUR,7151.42,2026-02-22,2026-04-08,2026-04-12,2026-04-12,Paid,45
AP-51566,Audit & Co,FR,Professional Svcs,EUR,8491.23,2026-02-20,2026-04-06,2026-04-07,2026-04-07,Paid,45
AP-51567,Audit & Co,FR,Professional Svcs,EUR,6681.29,2026-03-11,2026-04-25,2026-04-27,2026-04-27,Paid,45
AP-51568,Audit & Co,FR,Professional Svcs,EUR,4939.01,2026-03-14,2026-04-28,2026-04-27,2026-04-27,Paid,45
AP-51569,Audit & Co,FR,Professional Svcs,EUR,20337.99,2026-03-08,2026-04-22,2026-04-22,2026-04-22,Paid,45
AP-51570,Audit & Co,FR,Professional Svcs,EUR,1099.5,2026-03-18,2026-05-02,2026-04-30,2026-04-30,Paid,45
AP-51571,Audit & Co,FR,Professional Svcs,EUR,1435.27,2026-03-19,2026-05-03,2026-05-07,,Open,45
AP-51572,Audit & Co,FR,Professional Svcs,EUR,5806.75,2026-03-12,2026-04-26,2026-04-29,2026-04-29,Paid,45
AP-51573,Audit & Co,FR,Professional Svcs,EUR,1445.07,2026-03-18,2026-05-02,2026-05-09,,Open,45
AP-51574,Audit & Co,FR,Professional Svcs,EUR,8041.49,2026-03-23,2026-05-07,2026-05-07,,Open,45
AP-51575,Audit & Co,FR,Professional Svcs,EUR,3962.88,2026-04-11,2026-05-26,2026-05-29,,Open,45
AP-51576,Audit & Co,FR,Professional Svcs,EUR,8941.02,2026-04-04,2026-05-19,2026-05-22,,Open,45
AP-51577,Audit & Co,FR,Professional Svcs,EUR,15319.0,2026-04-04,2026-05-19,2026-05-19,,Open,45
AP-51578,Audit & Co,FR,Professional Svcs,EUR,3879.33,2026-04-18,2026-06-02,2026-06-03,,Open,45
AP-51579,Audit & Co,FR,Professional Svcs,EUR,3371.47,2026-04-01,2026-05-16,2026-05-19,,Open,45
AP-51580,Audit & Co,FR,Professional Svcs,EUR,13930.51,2026-04-14,2026-05-29,2026-05-31,,Open,45
AP-51581,Audit & Co,FR,Professional Svcs,EUR,2680.46,2026-04-07,2026-05-22,2026-05-21,,Open,45
AP-51582,Audit & Co,FR,Professional Svcs,EUR,5771.25,2026-05-08,2026-06-22,2026-07-01,,Open,45
AP-51583,Audit & Co,FR,Professional Svcs,EUR,7107.58,2026-05-14,2026-06-28,2026-07-03,,Open,45
AP-51584,Audit & Co,FR,Professional Svcs,EUR,5846.98,2026-05-10,2026-06-24,2026-06-27,,Open,45
AP-51585,Audit & Co,FR,Professional Svcs,EUR,9483.19,2026-05-05,2026-06-19,2026-06-24,,Open,45
AP-51586,Audit & Co,FR,Professional Svcs,EUR,5371.37,2026-05-07,2026-06-21,2026-06-21,,Open,45
AP-51587,Audit & Co,FR,Professional Svcs,EUR,10513.29,2026-05-13,2026-06-27,2026-06-27,,Open,45
AP-51588,Audit & Co,FR,Professional Svcs,EUR,10032.42,2026-05-02,2026-06-16,2026-06-20,,Open,45
AP-51589,Audit & Co,FR,Professional Svcs,EUR,3812.69,2026-06-02,2026-07-17,2026-07-16,,Open,45
AP-51590,Audit & Co,FR,Professional Svcs,EUR,5054.42,2026-06-12,2026-07-27,2026-07-27,,Open,45
AP-51591,Audit & Co,FR,Professional Svcs,EUR,6320.5,2026-06-26,2026-08-10,2026-08-16,,Open,45
AP-51592,Audit & Co,FR,Professional Svcs,EUR,8900.18,2026-06-28,2026-08-12,2026-08-16,,Open,45
AP-51593,Audit & Co,FR,Professional Svcs,EUR,12431.23,2026-06-28,2026-08-12,2026-08-09,,Open,45
AP-51594,Audit & Co,FR,Professional Svcs,EUR,12475.59,2026-06-23,2026-08-07,2026-08-17,,Open,45
AP-51595,Audit & Co,FR,Professional Svcs,EUR,1243.36,2026-06-12,2026-07-27,2026-07-24,,Open,45
AP-51596,Audit & Co,FR,Professional Svcs,EUR,5265.45,2026-06-05,2026-07-20,2026-07-28,,Open,45
AP-51597,Audit & Co,FR,Professional Svcs,EUR,13726.34,2026-07-13,2026-08-27,2026-08-27,,Open,45
AP-51598,Audit & Co,FR,Professional Svcs,EUR,9884.86,2026-07-01,2026-08-15,2026-08-20,,Open,45
AP-51599,Audit & Co,FR,Professional Svcs,EUR,32201.65,2026-07-28,2026-09-11,2026-09-10,,Open,45
AP-51600,Audit & Co,FR,Professional Svcs,EUR,14204.52,2026-08-15,2026-09-29,2026-10-06,,Open,45
AP-51601,Audit & Co,FR,Professional Svcs,EUR,17135.22,2026-08-25,2026-10-09,2026-10-11,,Open,45
AP-51602,Audit & Co,FR,Professional Svcs,EUR,11569.89,2026-08-20,2026-10-04,2026-10-03,,Open,45
