invoice_id,customer,country,segment,currency,amount,issue_date,due_date,expected_payment_date,payment_date,status,payment_terms_days,behaviour
AR-10000,Atlas Energy Group,FR,Energy,EUR,43922.56,2024-05-19,2024-07-03,2024-07-06,2024-07-06,Paid,45,ontime
AR-10001,Atlas Energy Group,FR,Energy,EUR,20300.42,2024-05-15,2024-06-29,2024-06-26,2024-06-26,Paid,45,ontime
AR-10002,Atlas Energy Group,FR,Energy,EUR,65722.73,2024-05-21,2024-07-05,2024-07-05,2024-07-05,Paid,45,ontime
AR-10003,Atlas Energy Group,FR,Energy,EUR,180274.41,2024-05-04,2024-06-18,2024-06-18,2024-06-18,Paid,45,ontime
AR-10004,Atlas Energy Group,FR,Energy,EUR,94510.18,2024-05-01,2024-06-15,2024-06-15,2024-06-15,Paid,45,ontime
AR-10005,Atlas Energy Group,FR,Energy,EUR,39151.42,2024-05-24,2024-07-08,2024-07-11,2024-07-11,Paid,45,ontime
AR-10006,Atlas Energy Group,FR,Energy,EUR,128146.31,2024-05-21,2024-07-05,2024-07-05,2024-07-05,Paid,45,ontime
AR-10007,Atlas Energy Group,FR,Energy,EUR,101807.86,2024-05-03,2024-06-17,2024-06-20,2024-06-20,Paid,45,ontime
AR-10008,Atlas Energy Group,FR,Energy,EUR,252743.2,2024-05-09,2024-06-23,2024-06-22,2024-06-22,Paid,45,ontime
AR-10009,Atlas Energy Group,FR,Energy,EUR,77852.26,2024-06-12,2024-07-27,2024-07-30,2024-07-30,Paid,45,ontime
AR-10010,Atlas Energy Group,FR,Energy,EUR,182131.28,2024-06-01,2024-07-16,2024-07-17,2024-07-17,Paid,45,ontime
AR-10011,Atlas Energy Group,FR,Energy,EUR,155958.82,2024-06-09,2024-07-24,2024-07-30,2024-07-30,Paid,45,ontime
AR-10012,Atlas Energy Group,FR,Energy,EUR,411786.52,2024-06-04,2024-07-19,2024-07-19,2024-07-19,Paid,45,ontime
AR-10013,Atlas Energy Group,FR,Energy,EUR,20321.79,2024-06-22,2024-08-06,2024-08-07,2024-08-07,Paid,45,ontime
AR-10014,Atlas Energy Group,FR,Energy,EUR,68993.81,2024-06-12,2024-07-27,2024-07-25,2024-07-25,Paid,45,ontime
AR-10015,Atlas Energy Group,FR,Energy,EUR,33224.25,2024-06-19,2024-08-03,2024-08-03,2024-08-03,Paid,45,ontime
AR-10016,Atlas Energy Group,FR,Energy,EUR,103650.15,2024-07-12,2024-08-26,2024-08-25,2024-08-25,Paid,45,ontime
AR-10017,Atlas Energy Group,FR,Energy,EUR,103112.9,2024-07-02,2024-08-16,2024-08-16,2024-08-16,Paid,45,ontime
AR-10018,Atlas Energy Group,FR,Energy,EUR,209116.99,2024-07-09,2024-08-23,2024-08-20,2024-08-20,Paid,45,ontime
AR-10019,Atlas Energy Group,FR,Energy,EUR,309147.25,2024-07-01,2024-08-15,2024-08-15,2024-08-15,Paid,45,ontime
AR-10020,Atlas Energy Group,FR,Energy,EUR,230580.25,2024-07-22,2024-09-05,2024-09-02,2024-09-02,Paid,45,ontime
AR-10021,Atlas Energy Group,FR,Energy,EUR,402002.2,2024-08-16,2024-09-30,2024-09-29,2024-09-29,Paid,45,ontime
AR-10022,Atlas Energy Group,FR,Energy,EUR,266249.29,2024-08-13,2024-09-27,2024-09-26,2024-09-26,Paid,45,ontime
AR-10023,Atlas Energy Group,FR,Energy,EUR,58261.11,2024-08-06,2024-09-20,2024-09-21,2024-09-21,Paid,45,ontime
AR-10024,Atlas Energy Group,FR,Energy,EUR,8223.96,2024-08-01,2024-09-15,2024-09-16,2024-09-16,Paid,45,ontime
AR-10025,Atlas Energy Group,FR,Energy,EUR,13316.05,2024-09-11,2024-10-26,2024-10-29,2024-10-29,Paid,45,ontime
AR-10026,Atlas Energy Group,FR,Energy,EUR,58053.56,2024-09-14,2024-10-29,2024-10-28,2024-10-28,Paid,45,ontime
AR-10027,Atlas Energy Group,FR,Energy,EUR,144038.61,2024-09-12,2024-10-27,2024-10-24,2024-10-24,Paid,45,ontime
AR-10028,Atlas Energy Group,FR,Energy,EUR,426276.33,2024-09-19,2024-11-03,2024-11-06,2024-11-06,Paid,45,ontime
AR-10029,Atlas Energy Group,FR,Energy,EUR,271816.48,2024-09-21,2024-11-05,2024-11-05,2024-11-05,Paid,45,ontime
AR-10030,Atlas Energy Group,FR,Energy,EUR,19825.35,2024-10-20,2024-12-04,2024-12-04,2024-12-04,Paid,45,ontime
AR-10031,Atlas Energy Group,FR,Energy,EUR,178529.32,2024-10-19,2024-12-03,2024-12-06,2024-12-06,Paid,45,ontime
AR-10032,Atlas Energy Group,FR,Energy,EUR,64159.96,2024-10-15,2024-11-29,2024-11-29,2024-11-29,Paid,45,ontime
AR-10033,Atlas Energy Group,FR,Energy,EUR,106979.5,2024-10-09,2024-11-23,2024-11-28,2024-11-28,Paid,45,ontime
AR-10034,Atlas Energy Group,FR,Energy,EUR,271814.88,2024-10-10,2024-11-24,2024-11-28,2024-11-28,Paid,45,ontime
AR-10035,Atlas Energy Group,FR,Energy,EUR,178731.7,2024-10-10,2024-11-24,2024-11-21,2024-11-21,Paid,45,ontime
AR-10036,Atlas Energy Group,FR,Energy,EUR,8397.78,2024-10-14,2024-11-28,2024-12-01,2024-12-01,Paid,45,ontime
AR-10037,Atlas Energy Group,FR,Energy,EUR,51666.58,2024-10-25,2024-12-09,2024-12-10,2024-12-10,Paid,45,ontime
AR-10038,Atlas Energy Group,FR,Energy,EUR,122998.58,2024-11-23,2025-01-07,2025-01-11,2025-01-11,Paid,45,ontime
AR-10039,Atlas Energy Group,FR,Energy,EUR,146472.47,2024-11-28,2025-01-12,2025-01-13,2025-01-13,Paid,45,ontime
AR-10040,Atlas Energy Group,FR,Energy,EUR,97043.79,2024-11-12,2024-12-27,2024-12-29,2024-12-29,Paid,45,ontime
AR-10041,Atlas Energy Group,FR,Energy,EUR,48891.23,2024-11-28,2025-01-12,2025-01-14,2025-01-14,Paid,45,ontime
AR-10042,Atlas Energy Group,FR,Energy,EUR,16453.42,2024-11-12,2024-12-27,2024-12-27,2024-12-27,Paid,45,ontime
AR-10043,Atlas Energy Group,FR,Energy,EUR,53692.28,2024-11-08,2024-12-23,2024-12-26,2024-12-26,Paid,45,ontime
AR-10044,Atlas Energy Group,FR,Energy,EUR,11191.71,2024-11-11,2024-12-26,2024-12-23,2024-12-23,Paid,45,ontime
AR-10045,Atlas Energy Group,FR,Energy,EUR,156032.73,2024-11-25,2025-01-09,2025-01-13,2025-01-13,Paid,45,ontime
AR-10046,Atlas Energy Group,FR,Energy,EUR,130919.95,2024-11-22,2025-01-06,2025-01-10,2025-01-10,Paid,45,ontime
AR-10047,Atlas Energy Group,FR,Energy,EUR,167796.59,2024-11-07,2024-12-22,2024-12-26,2024-12-26,Paid,45,ontime
AR-10048,Atlas Energy Group,FR,Energy,EUR,301902.0,2024-12-11,2025-01-25,2025-01-29,2025-01-29,Paid,45,ontime
AR-10049,Atlas Energy Group,FR,Energy,EUR,119607.89,2024-12-17,2025-01-31,2025-02-04,2025-02-04,Paid,45,ontime
AR-10050,Atlas Energy Group,FR,Energy,EUR,156632.06,2024-12-24,2025-02-07,2025-02-08,2025-02-08,Paid,45,ontime
AR-10051,Atlas Energy Group,FR,Energy,EUR,259766.72,2024-12-12,2025-01-26,2025-01-25,2025-01-25,Paid,45,ontime
AR-10052,Atlas Energy Group,FR,Energy,EUR,94800.39,2024-12-17,2025-01-31,2025-02-01,2025-02-01,Paid,45,ontime
AR-10053,Atlas Energy Group,FR,Energy,EUR,161572.29,2025-01-20,2025-03-06,2025-03-07,2025-03-07,Paid,45,ontime
AR-10054,Atlas Energy Group,FR,Energy,EUR,215074.09,2025-01-17,2025-03-03,2025-02-28,2025-02-28,Paid,45,ontime
AR-10055,Atlas Energy Group,FR,Energy,EUR,25412.16,2025-01-04,2025-02-18,2025-02-16,2025-02-16,Paid,45,ontime
AR-10056,Atlas Energy Group,FR,Energy,EUR,38671.29,2025-01-05,2025-02-19,2025-02-20,2025-02-20,Paid,45,ontime
AR-10057,Atlas Energy Group,FR,Energy,EUR,58280.45,2025-01-02,2025-02-16,2025-02-14,2025-02-14,Paid,45,ontime
AR-10058,Atlas Energy Group,FR,Energy,EUR,153756.01,2025-01-13,2025-02-27,2025-03-01,2025-03-01,Paid,45,ontime
AR-10059,Atlas Energy Group,FR,Energy,EUR,106809.85,2025-01-19,2025-03-05,2025-03-07,2025-03-07,Paid,45,ontime
AR-10060,Atlas Energy Group,FR,Energy,EUR,74295.8,2025-01-03,2025-02-17,2025-02-15,2025-02-15,Paid,45,ontime
AR-10061,Atlas Energy Group,FR,Energy,EUR,50884.69,2025-02-17,2025-04-03,2025-04-03,2025-04-03,Paid,45,ontime
AR-10062,Atlas Energy Group,FR,Energy,EUR,388463.24,2025-02-03,2025-03-20,2025-03-21,2025-03-21,Paid,45,ontime
AR-10063,Atlas Energy Group,FR,Energy,EUR,116935.6,2025-02-25,2025-04-11,2025-04-14,2025-04-14,Paid,45,ontime
AR-10064,Atlas Energy Group,FR,Energy,EUR,34352.06,2025-02-24,2025-04-10,2025-04-08,2025-04-08,Paid,45,ontime
AR-10065,Atlas Energy Group,FR,Energy,EUR,124253.99,2025-02-21,2025-04-07,2025-04-09,2025-04-09,Paid,45,ontime
AR-10066,Atlas Energy Group,FR,Energy,EUR,139426.19,2025-02-08,2025-03-25,2025-03-25,2025-03-25,Paid,45,ontime
AR-10067,Atlas Energy Group,FR,Energy,EUR,96872.8,2025-03-06,2025-04-20,2025-04-20,2025-04-20,Paid,45,ontime
AR-10068,Atlas Energy Group,FR,Energy,EUR,189115.21,2025-03-16,2025-04-30,2025-04-28,2025-04-28,Paid,45,ontime
AR-10069,Atlas Energy Group,FR,Energy,EUR,62326.96,2025-03-12,2025-04-26,2025-04-30,2025-04-30,Paid,45,ontime
AR-10070,Atlas Energy Group,FR,Energy,EUR,98843.22,2025-03-23,2025-05-07,2025-05-07,2025-05-07,Paid,45,ontime
AR-10071,Atlas Energy Group,FR,Energy,EUR,150008.09,2025-03-26,2025-05-10,2025-05-20,2025-05-20,Paid,45,ontime
AR-10072,Atlas Energy Group,FR,Energy,EUR,176155.4,2025-03-24,2025-05-08,2025-05-06,2025-05-06,Paid,45,ontime
AR-10073,Atlas Energy Group,FR,Energy,EUR,112885.04,2025-03-23,2025-05-07,2025-05-08,2025-05-08,Paid,45,ontime
AR-10074,Atlas Energy Group,FR,Energy,EUR,8939.85,2025-04-03,2025-05-18,2025-05-24,2025-05-24,Paid,45,ontime
AR-10075,Atlas Energy Group,FR,Energy,EUR,249718.58,2025-04-16,2025-05-31,2025-05-29,2025-05-29,Paid,45,ontime
AR-10076,Atlas Energy Group,FR,Energy,EUR,212727.71,2025-04-06,2025-05-21,2025-05-20,2025-05-20,Paid,45,ontime
AR-10077,Atlas Energy Group,FR,Energy,EUR,456255.19,2025-04-03,2025-05-18,2025-05-20,2025-05-20,Paid,45,ontime
AR-10078,Atlas Energy Group,FR,Energy,EUR,1215.94,2025-05-13,2025-06-27,2025-06-30,2025-06-30,Paid,45,ontime
AR-10079,Atlas Energy Group,FR,Energy,EUR,161520.31,2025-05-09,2025-06-23,2025-06-26,2025-06-26,Paid,45,ontime
AR-10080,Atlas Energy Group,FR,Energy,EUR,151908.58,2025-05-01,2025-06-15,2025-06-17,2025-06-17,Paid,45,ontime
AR-10081,Atlas Energy Group,FR,Energy,EUR,92529.04,2025-05-08,2025-06-22,2025-06-26,2025-06-26,Paid,45,ontime
AR-10082,Atlas Energy Group,FR,Energy,EUR,182101.39,2025-05-23,2025-07-07,2025-07-06,2025-07-06,Paid,45,ontime
AR-10083,Atlas Energy Group,FR,Energy,EUR,56092.65,2025-05-04,2025-06-18,2025-06-18,2025-06-18,Paid,45,ontime
AR-10084,Atlas Energy Group,FR,Energy,EUR,174977.92,2025-05-06,2025-06-20,2025-06-22,2025-06-22,Paid,45,ontime
AR-10085,Atlas Energy Group,FR,Energy,EUR,79007.38,2025-05-14,2025-06-28,2025-06-25,2025-06-25,Paid,45,ontime
AR-10086,Atlas Energy Group,FR,Energy,EUR,65188.19,2025-05-28,2025-07-12,2025-07-18,2025-07-18,Paid,45,ontime
AR-10087,Atlas Energy Group,FR,Energy,EUR,178686.41,2025-06-21,2025-08-05,2025-08-05,2025-08-05,Paid,45,ontime
AR-10088,Atlas Energy Group,FR,Energy,EUR,14759.02,2025-06-07,2025-07-22,2025-07-24,2025-07-24,Paid,45,ontime
AR-10089,Atlas Energy Group,FR,Energy,EUR,129855.61,2025-06-21,2025-08-05,2025-08-03,2025-08-03,Paid,45,ontime
AR-10090,Atlas Energy Group,FR,Energy,EUR,177179.24,2025-06-13,2025-07-28,2025-07-25,2025-07-25,Paid,45,ontime
AR-10091,Atlas Energy Group,FR,Energy,EUR,211866.57,2025-06-25,2025-08-09,2025-08-13,2025-08-13,Paid,45,ontime
AR-10092,Atlas Energy Group,FR,Energy,EUR,22127.15,2025-06-25,2025-08-09,2025-08-06,2025-08-06,Paid,45,ontime
AR-10093,Atlas Energy Group,FR,Energy,EUR,57262.04,2025-06-10,2025-07-25,2025-07-26,2025-07-26,Paid,45,ontime
AR-10094,Atlas Energy Group,FR,Energy,EUR,197902.88,2025-06-04,2025-07-19,2025-07-19,2025-07-19,Paid,45,ontime
AR-10095,Atlas Energy Group,FR,Energy,EUR,196194.44,2025-07-23,2025-09-06,2025-09-08,2025-09-08,Paid,45,ontime
AR-10096,Atlas Energy Group,FR,Energy,EUR,307087.65,2025-07-09,2025-08-23,2025-08-26,2025-08-26,Paid,45,ontime
AR-10097,Atlas Energy Group,FR,Energy,EUR,254899.5,2025-07-12,2025-08-26,2025-08-25,2025-08-25,Paid,45,ontime
AR-10098,Atlas Energy Group,FR,Energy,EUR,58733.13,2025-07-17,2025-08-31,2025-08-31,2025-08-31,Paid,45,ontime
AR-10099,Atlas Energy Group,FR,Energy,EUR,178794.01,2025-07-26,2025-09-09,2025-09-12,2025-09-12,Paid,45,ontime
AR-10100,Atlas Energy Group,FR,Energy,EUR,103732.05,2025-08-24,2025-10-08,2025-10-07,2025-10-07,Paid,45,ontime
AR-10101,Atlas Energy Group,FR,Energy,EUR,25643.1,2025-08-21,2025-10-05,2025-10-07,2025-10-07,Paid,45,ontime
AR-10102,Atlas Energy Group,FR,Energy,EUR,116908.98,2025-08-21,2025-10-05,2025-10-05,2025-10-05,Paid,45,ontime
AR-10103,Atlas Energy Group,FR,Energy,EUR,91212.87,2025-08-24,2025-10-08,2025-10-09,2025-10-09,Paid,45,ontime
AR-10104,Atlas Energy Group,FR,Energy,EUR,36299.78,2025-08-12,2025-09-26,2025-09-28,2025-09-28,Paid,45,ontime
AR-10105,Atlas Energy Group,FR,Energy,EUR,47931.55,2025-08-25,2025-10-09,2025-10-08,2025-10-08,Paid,45,ontime
AR-10106,Atlas Energy Group,FR,Energy,EUR,104688.37,2025-08-09,2025-09-23,2025-09-24,2025-09-24,Paid,45,ontime
AR-10107,Atlas Energy Group,FR,Energy,EUR,51666.37,2025-08-12,2025-09-26,2025-09-26,2025-09-26,Paid,45,ontime
AR-10108,Atlas Energy Group,FR,Energy,EUR,187853.22,2025-08-05,2025-09-19,2025-09-19,2025-09-19,Paid,45,ontime
AR-10109,Atlas Energy Group,FR,Energy,EUR,79468.45,2025-09-07,2025-10-22,2025-10-25,2025-10-25,Paid,45,ontime
AR-10110,Atlas Energy Group,FR,Energy,EUR,28405.6,2025-09-04,2025-10-19,2025-10-18,2025-10-18,Paid,45,ontime
AR-10111,Atlas Energy Group,FR,Energy,EUR,7769.34,2025-09-12,2025-10-27,2025-10-31,2025-10-31,Paid,45,ontime
AR-10112,Atlas Energy Group,FR,Energy,EUR,75500.0,2025-09-12,2025-10-27,2025-11-01,2025-11-01,Paid,45,ontime
AR-10113,Atlas Energy Group,FR,Energy,EUR,102447.72,2025-09-22,2025-11-06,2025-11-05,2025-11-05,Paid,45,ontime
AR-10114,Atlas Energy Group,FR,Energy,EUR,146796.59,2025-09-01,2025-10-16,2025-10-16,2025-10-16,Paid,45,ontime
AR-10115,Atlas Energy Group,FR,Energy,EUR,144059.03,2025-09-03,2025-10-18,2025-10-20,2025-10-20,Paid,45,ontime
AR-10116,Atlas Energy Group,FR,Energy,EUR,234883.63,2025-09-13,2025-10-28,2025-10-25,2025-10-25,Paid,45,ontime
AR-10117,Atlas Energy Group,FR,Energy,EUR,108504.91,2025-09-21,2025-11-05,2025-11-06,2025-11-06,Paid,45,ontime
AR-10118,Atlas Energy Group,FR,Energy,EUR,24721.84,2025-09-10,2025-10-25,2025-10-25,2025-10-25,Paid,45,ontime
AR-10119,Atlas Energy Group,FR,Energy,EUR,70364.75,2025-10-16,2025-11-30,2025-11-30,2025-11-30,Paid,45,ontime
AR-10120,Atlas Energy Group,FR,Energy,EUR,274580.53,2025-10-15,2025-11-29,2025-11-29,2025-11-29,Paid,45,ontime
AR-10121,Atlas Energy Group,FR,Energy,EUR,137337.29,2025-10-12,2025-11-26,2025-11-26,2025-11-26,Paid,45,ontime
AR-10122,Atlas Energy Group,FR,Energy,EUR,435407.84,2025-10-27,2025-12-11,2025-12-10,2025-12-10,Paid,45,ontime
AR-10123,Atlas Energy Group,FR,Energy,EUR,99804.03,2025-11-09,2025-12-24,2025-12-23,2025-12-23,Paid,45,ontime
AR-10124,Atlas Energy Group,FR,Energy,EUR,67509.03,2025-11-02,2025-12-17,2025-12-17,2025-12-17,Paid,45,ontime
AR-10125,Atlas Energy Group,FR,Energy,EUR,55644.59,2025-11-28,2026-01-12,2026-01-20,2026-01-20,Paid,45,ontime
AR-10126,Atlas Energy Group,FR,Energy,EUR,97293.57,2025-11-23,2026-01-07,2026-01-10,2026-01-10,Paid,45,ontime
AR-10127,Atlas Energy Group,FR,Energy,EUR,246947.53,2025-11-08,2025-12-23,2025-12-29,2025-12-29,Paid,45,ontime
AR-10128,Atlas Energy Group,FR,Energy,EUR,101986.27,2025-11-09,2025-12-24,2025-12-25,2025-12-25,Paid,45,ontime
AR-10129,Atlas Energy Group,FR,Energy,EUR,93598.63,2025-11-20,2026-01-04,2026-01-01,2026-01-01,Paid,45,ontime
AR-10130,Atlas Energy Group,FR,Energy,EUR,102637.86,2025-11-18,2026-01-02,2026-01-05,2026-01-05,Paid,45,ontime
AR-10131,Atlas Energy Group,FR,Energy,EUR,108105.51,2025-11-22,2026-01-06,2026-01-12,2026-01-12,Paid,45,ontime
AR-10132,Atlas Energy Group,FR,Energy,EUR,18171.71,2025-11-09,2025-12-24,2025-12-26,2025-12-26,Paid,45,ontime
AR-10133,Atlas Energy Group,FR,Energy,EUR,37463.53,2025-12-18,2026-02-01,2026-02-08,2026-02-08,Paid,45,ontime
AR-10134,Atlas Energy Group,FR,Energy,EUR,188758.14,2025-12-06,2026-01-20,2026-01-17,2026-01-17,Paid,45,ontime
AR-10135,Atlas Energy Group,FR,Energy,EUR,119873.56,2025-12-26,2026-02-09,2026-02-10,2026-02-10,Paid,45,ontime
AR-10136,Atlas Energy Group,FR,Energy,EUR,115111.17,2025-12-21,2026-02-04,2026-02-05,2026-02-05,Paid,45,ontime
AR-10137,Atlas Energy Group,FR,Energy,EUR,173636.66,2025-12-22,2026-02-05,2026-02-07,2026-02-07,Paid,45,ontime
AR-10138,Atlas Energy Group,FR,Energy,EUR,39571.55,2025-12-18,2026-02-01,2026-01-30,2026-01-30,Paid,45,ontime
AR-10139,Atlas Energy Group,FR,Energy,EUR,24656.48,2025-12-03,2026-01-17,2026-01-18,2026-01-18,Paid,45,ontime
AR-10140,Atlas Energy Group,FR,Energy,EUR,158236.96,2025-12-06,2026-01-20,2026-01-17,2026-01-17,Paid,45,ontime
AR-10141,Atlas Energy Group,FR,Energy,EUR,75447.84,2025-12-11,2026-01-25,2026-01-25,2026-01-25,Paid,45,ontime
AR-10142,Atlas Energy Group,FR,Energy,EUR,38637.48,2025-12-12,2026-01-26,2026-01-28,2026-01-28,Paid,45,ontime
AR-10143,Atlas Energy Group,FR,Energy,EUR,133915.63,2026-01-16,2026-03-02,2026-03-02,2026-03-02,Paid,45,ontime
AR-10144,Atlas Energy Group,FR,Energy,EUR,126013.61,2026-01-04,2026-02-18,2026-02-16,2026-02-16,Paid,45,ontime
AR-10145,Atlas Energy Group,FR,Energy,EUR,49897.96,2026-01-15,2026-03-01,2026-03-01,2026-03-01,Paid,45,ontime
AR-10146,Atlas Energy Group,FR,Energy,EUR,104234.84,2026-01-17,2026-03-03,2026-02-28,2026-02-28,Paid,45,ontime
AR-10147,Atlas Energy Group,FR,Energy,EUR,159260.01,2026-01-27,2026-03-13,2026-03-14,2026-03-14,Paid,45,ontime
AR-10148,Atlas Energy Group,FR,Energy,EUR,49729.78,2026-01-05,2026-02-19,2026-02-23,2026-02-23,Paid,45,ontime
AR-10149,Atlas Energy Group,FR,Energy,EUR,244888.81,2026-01-10,2026-02-24,2026-02-24,2026-02-24,Paid,45,ontime
AR-10150,Atlas Energy Group,FR,Energy,EUR,196672.28,2026-02-24,2026-04-10,2026-04-20,2026-04-20,Paid,45,ontime
AR-10151,Atlas Energy Group,FR,Energy,EUR,26083.34,2026-02-07,2026-03-24,2026-03-21,2026-03-21,Paid,45,ontime
AR-10152,Atlas Energy Group,FR,Energy,EUR,129803.24,2026-02-17,2026-04-03,2026-04-02,2026-04-02,Paid,45,ontime
AR-10153,Atlas Energy Group,FR,Energy,EUR,56982.63,2026-02-03,2026-03-20,2026-03-21,2026-03-21,Paid,45,ontime
AR-10154,Atlas Energy Group,FR,Energy,EUR,102523.13,2026-02-03,2026-03-20,2026-03-21,2026-03-21,Paid,45,ontime
AR-10155,Atlas Energy Group,FR,Energy,EUR,308100.48,2026-02-14,2026-03-31,2026-04-02,2026-04-02,Paid,45,ontime
AR-10156,Atlas Energy Group,FR,Energy,EUR,68936.2,2026-02-17,2026-04-03,2026-04-02,2026-04-02,Paid,45,ontime
AR-10157,Atlas Energy Group,FR,Energy,EUR,168107.15,2026-03-11,2026-04-25,2026-04-22,2026-04-22,Paid,45,ontime
AR-10158,Atlas Energy Group,FR,Energy,EUR,207069.92,2026-03-12,2026-04-26,2026-05-02,2026-05-02,Paid,45,ontime
AR-10159,Atlas Energy Group,FR,Energy,EUR,77280.39,2026-03-26,2026-05-10,2026-05-10,,Open,45,ontime
AR-10160,Atlas Energy Group,FR,Energy,EUR,137379.97,2026-03-07,2026-04-21,2026-04-22,2026-04-22,Paid,45,ontime
AR-10161,Atlas Energy Group,FR,Energy,EUR,154120.51,2026-03-15,2026-04-29,2026-05-04,2026-05-04,Paid,45,ontime
AR-10162,Atlas Energy Group,FR,Energy,EUR,133101.36,2026-03-23,2026-05-07,2026-05-07,,Open,45,ontime
AR-10163,Atlas Energy Group,FR,Energy,EUR,45109.44,2026-03-10,2026-04-24,2026-04-25,2026-04-25,Paid,45,ontime
AR-10164,Atlas Energy Group,FR,Energy,EUR,218499.36,2026-04-23,2026-06-07,2026-06-09,,Open,45,ontime
AR-10165,Atlas Energy Group,FR,Energy,EUR,69964.78,2026-04-21,2026-06-05,2026-06-05,,Open,45,ontime
AR-10166,Atlas Energy Group,FR,Energy,EUR,44018.17,2026-04-05,2026-05-20,2026-05-17,,Open,45,ontime
AR-10167,Atlas Energy Group,FR,Energy,EUR,111804.0,2026-04-21,2026-06-05,2026-06-08,,Open,45,ontime
AR-10168,Atlas Energy Group,FR,Energy,EUR,183620.27,2026-04-05,2026-05-20,2026-05-17,,Open,45,ontime
AR-10169,Atlas Energy Group,FR,Energy,EUR,74623.05,2026-04-25,2026-06-09,2026-06-07,,Open,45,ontime
AR-10170,Atlas Energy Group,FR,Energy,EUR,215085.4,2026-04-03,2026-05-18,2026-05-16,,Open,45,ontime
AR-10171,Atlas Energy Group,FR,Energy,EUR,47542.85,2026-04-19,2026-06-03,2026-06-07,,Open,45,ontime
AR-10172,Atlas Energy Group,FR,Energy,EUR,47140.34,2026-05-10,2026-06-24,2026-06-23,,Open,45,ontime
AR-10173,Atlas Energy Group,FR,Energy,EUR,85817.79,2026-05-09,2026-06-23,2026-06-25,,Open,45,ontime
AR-10174,Atlas Energy Group,FR,Energy,EUR,226793.86,2026-05-17,2026-07-01,2026-07-03,,Open,45,ontime
AR-10175,Atlas Energy Group,FR,Energy,EUR,192041.67,2026-05-20,2026-07-04,2026-07-01,,Open,45,ontime
AR-10176,Atlas Energy Group,FR,Energy,EUR,159532.68,2026-05-15,2026-06-29,2026-07-02,,Open,45,ontime
AR-10177,Atlas Energy Group,FR,Energy,EUR,274060.22,2026-05-06,2026-06-20,2026-06-23,,Open,45,ontime
AR-10178,Atlas Energy Group,FR,Energy,EUR,18032.7,2026-05-17,2026-07-01,2026-07-07,,Open,45,ontime
AR-10179,Atlas Energy Group,FR,Energy,EUR,51272.17,2026-06-17,2026-08-01,2026-07-30,,Open,45,ontime
AR-10180,Atlas Energy Group,FR,Energy,EUR,135982.05,2026-06-17,2026-08-01,2026-08-03,,Open,45,ontime
AR-10181,Atlas Energy Group,FR,Energy,EUR,125917.12,2026-06-23,2026-08-07,2026-08-13,,Open,45,ontime
AR-10182,Atlas Energy Group,FR,Energy,EUR,185330.1,2026-06-01,2026-07-16,2026-07-16,,Open,45,ontime
AR-10183,Atlas Energy Group,FR,Energy,EUR,133356.35,2026-06-04,2026-07-19,2026-07-16,,Open,45,ontime
AR-10184,Atlas Energy Group,FR,Energy,EUR,148869.14,2026-06-04,2026-07-19,2026-07-19,,Open,45,ontime
AR-10185,Atlas Energy Group,FR,Energy,EUR,248667.93,2026-06-20,2026-08-04,2026-08-04,,Open,45,ontime
AR-10186,Atlas Energy Group,FR,Energy,EUR,97600.15,2026-07-03,2026-08-17,2026-08-18,,Open,45,ontime
AR-10187,Atlas Energy Group,FR,Energy,EUR,142741.28,2026-07-04,2026-08-18,2026-08-19,,Open,45,ontime
AR-10188,Atlas Energy Group,FR,Energy,EUR,118390.75,2026-07-12,2026-08-26,2026-08-29,,Open,45,ontime
AR-10189,Atlas Energy Group,FR,Energy,EUR,246556.3,2026-07-19,2026-09-02,2026-09-02,,Open,45,ontime
AR-10190,Atlas Energy Group,FR,Energy,EUR,324785.38,2026-07-25,2026-09-08,2026-09-08,,Open,45,ontime
AR-10191,Atlas Energy Group,FR,Energy,EUR,105501.19,2026-07-24,2026-09-07,2026-09-10,,Open,45,ontime
AR-10192,Atlas Energy Group,FR,Energy,EUR,177964.47,2026-08-02,2026-09-16,2026-09-16,,Open,45,ontime
AR-10193,Atlas Energy Group,FR,Energy,EUR,95645.42,2026-08-01,2026-09-15,2026-09-13,,Open,45,ontime
AR-10194,Atlas Energy Group,FR,Energy,EUR,58218.65,2026-08-13,2026-09-27,2026-09-30,,Open,45,ontime
AR-10195,Atlas Energy Group,FR,Energy,EUR,87696.2,2026-08-23,2026-10-07,2026-10-10,,Open,45,ontime
AR-10196,Atlas Energy Group,FR,Energy,EUR,31123.61,2026-08-14,2026-09-28,2026-10-01,,Open,45,ontime
AR-10197,Atlas Energy Group,FR,Energy,EUR,21669.18,2026-08-24,2026-10-08,2026-10-10,,Open,45,ontime
AR-10198,Atlas Energy Group,FR,Energy,EUR,46196.5,2026-08-20,2026-10-04,2026-10-03,,Open,45,ontime
AR-10199,Atlas Energy Group,FR,Energy,EUR,213933.38,2026-08-10,2026-09-24,2026-09-23,,Open,45,ontime
AR-10200,Atlas Energy Group,FR,Energy,EUR,50305.87,2026-08-09,2026-09-23,2026-09-21,,Open,45,ontime
AR-10201,Atlas Energy Group,FR,Energy,EUR,13747.67,2026-08-06,2026-09-20,2026-09-21,,Open,45,ontime
AR-10202,Borealis Mobility,DE,Automotive,EUR,51373.01,2024-05-03,2024-07-02,2024-07-02,2024-07-02,Paid,60,late
AR-10203,Borealis Mobility,DE,Automotive,EUR,259631.46,2024-05-02,2024-07-01,2024-07-13,2024-07-13,Paid,60,late
AR-10204,Borealis Mobility,DE,Automotive,EUR,79777.0,2024-05-22,2024-07-21,2024-08-05,2024-08-05,Paid,60,late
AR-10205,Borealis Mobility,DE,Automotive,EUR,191334.06,2024-05-16,2024-07-15,2024-07-29,2024-07-29,Paid,60,late
AR-10206,Borealis Mobility,DE,Automotive,EUR,112818.79,2024-05-06,2024-07-05,2024-07-06,2024-07-06,Paid,60,late
AR-10207,Borealis Mobility,DE,Automotive,EUR,32026.85,2024-06-10,2024-08-09,2024-08-23,2024-08-23,Paid,60,late
AR-10208,Borealis Mobility,DE,Automotive,EUR,271780.28,2024-06-10,2024-08-09,2024-08-14,2024-08-14,Paid,60,late
AR-10209,Borealis Mobility,DE,Automotive,EUR,30113.77,2024-06-06,2024-08-05,2024-08-12,2024-08-12,Paid,60,late
AR-10210,Borealis Mobility,DE,Automotive,EUR,17767.49,2024-06-03,2024-08-02,2024-08-08,2024-08-08,Paid,60,late
AR-10211,Borealis Mobility,DE,Automotive,EUR,185044.35,2024-06-20,2024-08-19,2024-08-28,2024-08-28,Paid,60,late
AR-10212,Borealis Mobility,DE,Automotive,EUR,112612.76,2024-06-28,2024-08-27,2024-09-05,2024-09-05,Paid,60,late
AR-10213,Borealis Mobility,DE,Automotive,EUR,63356.04,2024-06-15,2024-08-14,2024-08-19,2024-08-19,Paid,60,late
AR-10214,Borealis Mobility,DE,Automotive,EUR,20028.96,2024-07-20,2024-09-18,2024-09-29,2024-09-29,Paid,60,late
AR-10215,Borealis Mobility,DE,Automotive,EUR,342381.24,2024-07-15,2024-09-13,2024-09-20,2024-09-20,Paid,60,late
AR-10216,Borealis Mobility,DE,Automotive,EUR,147834.98,2024-07-14,2024-09-12,2024-09-18,2024-09-18,Paid,60,late
AR-10217,Borealis Mobility,DE,Automotive,EUR,206460.49,2024-07-05,2024-09-03,2024-09-05,2024-09-05,Paid,60,late
AR-10218,Borealis Mobility,DE,Automotive,EUR,9324.19,2024-08-06,2024-10-05,2024-10-09,2024-10-09,Paid,60,late
AR-10219,Borealis Mobility,DE,Automotive,EUR,41896.43,2024-08-28,2024-10-27,2024-11-10,2024-11-10,Paid,60,late
AR-10220,Borealis Mobility,DE,Automotive,EUR,81604.04,2024-08-28,2024-10-27,2024-11-09,2024-11-09,Paid,60,late
AR-10221,Borealis Mobility,DE,Automotive,EUR,98100.03,2024-08-27,2024-10-26,2024-11-01,2024-11-01,Paid,60,late
AR-10222,Borealis Mobility,DE,Automotive,EUR,96248.62,2024-08-28,2024-10-27,2024-11-03,2024-11-03,Paid,60,late
AR-10223,Borealis Mobility,DE,Automotive,EUR,96931.17,2024-08-18,2024-10-17,2024-11-01,2024-11-01,Paid,60,late
AR-10224,Borealis Mobility,DE,Automotive,EUR,21474.84,2024-08-28,2024-10-27,2024-11-06,2024-11-06,Paid,60,late
AR-10225,Borealis Mobility,DE,Automotive,EUR,35284.49,2024-08-18,2024-10-17,2024-10-22,2024-10-22,Paid,60,late
AR-10226,Borealis Mobility,DE,Automotive,EUR,70188.61,2024-08-02,2024-10-01,2024-10-17,2024-10-17,Paid,60,late
AR-10227,Borealis Mobility,DE,Automotive,EUR,126920.29,2024-09-06,2024-11-05,2024-11-13,2024-11-13,Paid,60,late
AR-10228,Borealis Mobility,DE,Automotive,EUR,129390.45,2024-09-17,2024-11-16,2024-11-17,2024-11-17,Paid,60,late
AR-10229,Borealis Mobility,DE,Automotive,EUR,16276.69,2024-09-10,2024-11-09,2024-11-21,2024-11-21,Paid,60,late
AR-10230,Borealis Mobility,DE,Automotive,EUR,84323.53,2024-09-19,2024-11-18,2024-11-29,2024-11-29,Paid,60,late
AR-10231,Borealis Mobility,DE,Automotive,EUR,328214.81,2024-09-03,2024-11-02,2024-11-09,2024-11-09,Paid,60,late
AR-10232,Borealis Mobility,DE,Automotive,EUR,248844.06,2024-10-10,2024-12-09,2024-12-09,2024-12-09,Paid,60,late
AR-10233,Borealis Mobility,DE,Automotive,EUR,39626.84,2024-10-16,2024-12-15,2024-12-18,2024-12-18,Paid,60,late
AR-10234,Borealis Mobility,DE,Automotive,EUR,40991.16,2024-10-01,2024-11-30,2024-12-11,2024-12-11,Paid,60,late
AR-10235,Borealis Mobility,DE,Automotive,EUR,213608.4,2024-10-06,2024-12-05,2024-12-11,2024-12-11,Paid,60,late
AR-10236,Borealis Mobility,DE,Automotive,EUR,117008.35,2024-10-19,2024-12-18,2024-12-23,2024-12-23,Paid,60,late
AR-10237,Borealis Mobility,DE,Automotive,EUR,162235.51,2024-11-05,2025-01-04,2025-01-05,2025-01-05,Paid,60,late
AR-10238,Borealis Mobility,DE,Automotive,EUR,151441.05,2024-11-23,2025-01-22,2025-02-02,2025-02-02,Paid,60,late
AR-10239,Borealis Mobility,DE,Automotive,EUR,113527.61,2024-11-15,2025-01-14,2025-01-16,2025-01-16,Paid,60,late
AR-10240,Borealis Mobility,DE,Automotive,EUR,286415.4,2024-11-16,2025-01-15,2025-01-23,2025-01-23,Paid,60,late
AR-10241,Borealis Mobility,DE,Automotive,EUR,300725.03,2024-12-11,2025-02-09,2025-02-09,2025-02-09,Paid,60,late
AR-10242,Borealis Mobility,DE,Automotive,EUR,40721.19,2024-12-01,2025-01-30,2025-02-15,2025-02-15,Paid,60,late
AR-10243,Borealis Mobility,DE,Automotive,EUR,15492.6,2024-12-19,2025-02-17,2025-02-19,2025-02-19,Paid,60,late
AR-10244,Borealis Mobility,DE,Automotive,EUR,124472.05,2024-12-10,2025-02-08,2025-02-26,2025-02-26,Paid,60,late
AR-10245,Borealis Mobility,DE,Automotive,EUR,45415.13,2024-12-01,2025-01-30,2025-02-03,2025-02-03,Paid,60,late
AR-10246,Borealis Mobility,DE,Automotive,EUR,55773.21,2024-12-13,2025-02-11,2025-02-12,2025-02-12,Paid,60,late
AR-10247,Borealis Mobility,DE,Automotive,EUR,39375.39,2024-12-22,2025-02-20,2025-02-25,2025-02-25,Paid,60,late
AR-10248,Borealis Mobility,DE,Automotive,EUR,46088.41,2024-12-15,2025-02-13,2025-02-21,2025-02-21,Paid,60,late
AR-10249,Borealis Mobility,DE,Automotive,EUR,31468.77,2024-12-13,2025-02-11,2025-02-18,2025-02-18,Paid,60,late
AR-10250,Borealis Mobility,DE,Automotive,EUR,230529.61,2025-01-28,2025-03-29,2025-04-11,2025-04-11,Paid,60,late
AR-10251,Borealis Mobility,DE,Automotive,EUR,94148.82,2025-01-09,2025-03-10,2025-03-25,2025-03-25,Paid,60,late
AR-10252,Borealis Mobility,DE,Automotive,EUR,34005.97,2025-01-25,2025-03-26,2025-04-03,2025-04-03,Paid,60,late
AR-10253,Borealis Mobility,DE,Automotive,EUR,61713.0,2025-01-22,2025-03-23,2025-03-30,2025-03-30,Paid,60,late
AR-10254,Borealis Mobility,DE,Automotive,EUR,78294.36,2025-01-19,2025-03-20,2025-04-04,2025-04-04,Paid,60,late
AR-10255,Borealis Mobility,DE,Automotive,EUR,66087.82,2025-01-22,2025-03-23,2025-03-29,2025-03-29,Paid,60,late
AR-10256,Borealis Mobility,DE,Automotive,EUR,35390.69,2025-01-19,2025-03-20,2025-04-05,2025-04-05,Paid,60,late
AR-10257,Borealis Mobility,DE,Automotive,EUR,25233.68,2025-01-19,2025-03-20,2025-03-23,2025-03-23,Paid,60,late
AR-10258,Borealis Mobility,DE,Automotive,EUR,67615.02,2025-02-11,2025-04-12,2025-04-18,2025-04-18,Paid,60,late
AR-10259,Borealis Mobility,DE,Automotive,EUR,19920.35,2025-02-02,2025-04-03,2025-04-14,2025-04-14,Paid,60,late
AR-10260,Borealis Mobility,DE,Automotive,EUR,66362.24,2025-02-17,2025-04-18,2025-05-04,2025-05-04,Paid,60,late
AR-10261,Borealis Mobility,DE,Automotive,EUR,92811.55,2025-02-02,2025-04-03,2025-04-03,2025-04-03,Paid,60,late
AR-10262,Borealis Mobility,DE,Automotive,EUR,72949.45,2025-02-24,2025-04-25,2025-04-28,2025-04-28,Paid,60,late
AR-10263,Borealis Mobility,DE,Automotive,EUR,37224.28,2025-02-08,2025-04-09,2025-04-17,2025-04-17,Paid,60,late
AR-10264,Borealis Mobility,DE,Automotive,EUR,66025.53,2025-02-09,2025-04-10,2025-04-26,2025-04-26,Paid,60,late
AR-10265,Borealis Mobility,DE,Automotive,EUR,32624.54,2025-02-13,2025-04-14,2025-04-24,2025-04-24,Paid,60,late
AR-10266,Borealis Mobility,DE,Automotive,EUR,185203.89,2025-02-07,2025-04-08,2025-04-22,2025-04-22,Paid,60,late
AR-10267,Borealis Mobility,DE,Automotive,EUR,99531.08,2025-03-05,2025-05-04,2025-05-18,2025-05-18,Paid,60,late
AR-10268,Borealis Mobility,DE,Automotive,EUR,145765.94,2025-03-21,2025-05-20,2025-05-21,2025-05-21,Paid,60,late
AR-10269,Borealis Mobility,DE,Automotive,EUR,94766.71,2025-03-10,2025-05-09,2025-05-19,2025-05-19,Paid,60,late
AR-10270,Borealis Mobility,DE,Automotive,EUR,71932.44,2025-03-13,2025-05-12,2025-05-15,2025-05-15,Paid,60,late
AR-10271,Borealis Mobility,DE,Automotive,EUR,80904.52,2025-03-08,2025-05-07,2025-05-24,2025-05-24,Paid,60,late
AR-10272,Borealis Mobility,DE,Automotive,EUR,171754.35,2025-03-27,2025-05-26,2025-06-05,2025-06-05,Paid,60,late
AR-10273,Borealis Mobility,DE,Automotive,EUR,34860.85,2025-04-17,2025-06-16,2025-06-29,2025-06-29,Paid,60,late
AR-10274,Borealis Mobility,DE,Automotive,EUR,110852.23,2025-04-15,2025-06-14,2025-06-15,2025-06-15,Paid,60,late
AR-10275,Borealis Mobility,DE,Automotive,EUR,205284.08,2025-04-03,2025-06-02,2025-06-11,2025-06-11,Paid,60,late
AR-10276,Borealis Mobility,DE,Automotive,EUR,49151.63,2025-04-01,2025-05-31,2025-06-11,2025-06-11,Paid,60,late
AR-10277,Borealis Mobility,DE,Automotive,EUR,295582.2,2025-04-13,2025-06-12,2025-06-19,2025-06-19,Paid,60,late
AR-10278,Borealis Mobility,DE,Automotive,EUR,134746.56,2025-05-18,2025-07-17,2025-07-22,2025-07-22,Paid,60,late
AR-10279,Borealis Mobility,DE,Automotive,EUR,12655.8,2025-05-14,2025-07-13,2025-07-29,2025-07-29,Paid,60,late
AR-10280,Borealis Mobility,DE,Automotive,EUR,88656.07,2025-05-27,2025-07-26,2025-08-13,2025-08-13,Paid,60,late
AR-10281,Borealis Mobility,DE,Automotive,EUR,94387.03,2025-05-07,2025-07-06,2025-07-14,2025-07-14,Paid,60,late
AR-10282,Borealis Mobility,DE,Automotive,EUR,97313.95,2025-05-08,2025-07-07,2025-07-10,2025-07-10,Paid,60,late
AR-10283,Borealis Mobility,DE,Automotive,EUR,24459.98,2025-05-08,2025-07-07,2025-07-16,2025-07-16,Paid,60,late
AR-10284,Borealis Mobility,DE,Automotive,EUR,146367.29,2025-05-11,2025-07-10,2025-07-21,2025-07-21,Paid,60,late
AR-10285,Borealis Mobility,DE,Automotive,EUR,43436.78,2025-05-06,2025-07-05,2025-07-18,2025-07-18,Paid,60,late
AR-10286,Borealis Mobility,DE,Automotive,EUR,81382.6,2025-05-16,2025-07-15,2025-08-06,2025-08-06,Paid,60,late
AR-10287,Borealis Mobility,DE,Automotive,EUR,29119.99,2025-06-11,2025-08-10,2025-08-22,2025-08-22,Paid,60,late
AR-10288,Borealis Mobility,DE,Automotive,EUR,67964.7,2025-06-25,2025-08-24,2025-09-03,2025-09-03,Paid,60,late
AR-10289,Borealis Mobility,DE,Automotive,EUR,182553.79,2025-06-24,2025-08-23,2025-08-23,2025-08-23,Paid,60,late
AR-10290,Borealis Mobility,DE,Automotive,EUR,34058.91,2025-06-11,2025-08-10,2025-08-16,2025-08-16,Paid,60,late
AR-10291,Borealis Mobility,DE,Automotive,EUR,184098.24,2025-06-05,2025-08-04,2025-08-15,2025-08-15,Paid,60,late
AR-10292,Borealis Mobility,DE,Automotive,EUR,14180.83,2025-06-27,2025-08-26,2025-08-26,2025-08-26,Paid,60,late
AR-10293,Borealis Mobility,DE,Automotive,EUR,19158.47,2025-06-18,2025-08-17,2025-08-17,2025-08-17,Paid,60,late
AR-10294,Borealis Mobility,DE,Automotive,EUR,211094.26,2025-06-04,2025-08-03,2025-08-10,2025-08-10,Paid,60,late
AR-10295,Borealis Mobility,DE,Automotive,EUR,133495.07,2025-07-12,2025-09-10,2025-09-18,2025-09-18,Paid,60,late
AR-10296,Borealis Mobility,DE,Automotive,EUR,59002.76,2025-07-17,2025-09-15,2025-09-19,2025-09-19,Paid,60,late
AR-10297,Borealis Mobility,DE,Automotive,EUR,35702.8,2025-07-14,2025-09-12,2025-09-23,2025-09-23,Paid,60,late
AR-10298,Borealis Mobility,DE,Automotive,EUR,93060.32,2025-07-11,2025-09-09,2025-09-24,2025-09-24,Paid,60,late
AR-10299,Borealis Mobility,DE,Automotive,EUR,54728.97,2025-07-15,2025-09-13,2025-09-23,2025-09-23,Paid,60,late
AR-10300,Borealis Mobility,DE,Automotive,EUR,132561.35,2025-07-06,2025-09-04,2025-09-14,2025-09-14,Paid,60,late
AR-10301,Borealis Mobility,DE,Automotive,EUR,129766.04,2025-07-03,2025-09-01,2025-09-11,2025-09-11,Paid,60,late
AR-10302,Borealis Mobility,DE,Automotive,EUR,83680.08,2025-07-13,2025-09-11,2025-09-19,2025-09-19,Paid,60,late
AR-10303,Borealis Mobility,DE,Automotive,EUR,24784.17,2025-07-13,2025-09-11,2025-09-26,2025-09-26,Paid,60,late
AR-10304,Borealis Mobility,DE,Automotive,EUR,82262.89,2025-08-20,2025-10-19,2025-10-31,2025-10-31,Paid,60,late
AR-10305,Borealis Mobility,DE,Automotive,EUR,201884.47,2025-08-11,2025-10-10,2025-10-11,2025-10-11,Paid,60,late
AR-10306,Borealis Mobility,DE,Automotive,EUR,182880.76,2025-08-07,2025-10-06,2025-10-16,2025-10-16,Paid,60,late
AR-10307,Borealis Mobility,DE,Automotive,EUR,62080.4,2025-08-24,2025-10-23,2025-10-31,2025-10-31,Paid,60,late
AR-10308,Borealis Mobility,DE,Automotive,EUR,45343.7,2025-08-16,2025-10-15,2025-10-30,2025-10-30,Paid,60,late
AR-10309,Borealis Mobility,DE,Automotive,EUR,60262.32,2025-09-18,2025-11-17,2025-11-23,2025-11-23,Paid,60,late
AR-10310,Borealis Mobility,DE,Automotive,EUR,55066.16,2025-09-06,2025-11-05,2025-11-20,2025-11-20,Paid,60,late
AR-10311,Borealis Mobility,DE,Automotive,EUR,53399.94,2025-09-05,2025-11-04,2025-11-04,2025-11-04,Paid,60,late
AR-10312,Borealis Mobility,DE,Automotive,EUR,139289.42,2025-09-25,2025-11-24,2025-12-01,2025-12-01,Paid,60,late
AR-10313,Borealis Mobility,DE,Automotive,EUR,103108.21,2025-09-24,2025-11-23,2025-12-03,2025-12-03,Paid,60,late
AR-10314,Borealis Mobility,DE,Automotive,EUR,44817.99,2025-09-23,2025-11-22,2025-11-26,2025-11-26,Paid,60,late
AR-10315,Borealis Mobility,DE,Automotive,EUR,11451.61,2025-09-08,2025-11-07,2025-11-21,2025-11-21,Paid,60,late
AR-10316,Borealis Mobility,DE,Automotive,EUR,70361.86,2025-09-24,2025-11-23,2025-11-28,2025-11-28,Paid,60,late
AR-10317,Borealis Mobility,DE,Automotive,EUR,146364.59,2025-09-17,2025-11-16,2025-11-20,2025-11-20,Paid,60,late
AR-10318,Borealis Mobility,DE,Automotive,EUR,30295.74,2025-09-04,2025-11-03,2025-11-08,2025-11-08,Paid,60,late
AR-10319,Borealis Mobility,DE,Automotive,EUR,111535.99,2025-10-28,2025-12-27,2025-12-28,2025-12-28,Paid,60,late
AR-10320,Borealis Mobility,DE,Automotive,EUR,113017.36,2025-10-23,2025-12-22,2025-12-29,2025-12-29,Paid,60,late
AR-10321,Borealis Mobility,DE,Automotive,EUR,120454.27,2025-10-10,2025-12-09,2025-12-12,2025-12-12,Paid,60,late
AR-10322,Borealis Mobility,DE,Automotive,EUR,64859.64,2025-10-25,2025-12-24,2025-12-26,2025-12-26,Paid,60,late
AR-10323,Borealis Mobility,DE,Automotive,EUR,77725.91,2025-10-02,2025-12-01,2025-12-14,2025-12-14,Paid,60,late
AR-10324,Borealis Mobility,DE,Automotive,EUR,36885.47,2025-10-09,2025-12-08,2025-12-12,2025-12-12,Paid,60,late
AR-10325,Borealis Mobility,DE,Automotive,EUR,127321.15,2025-10-18,2025-12-17,2025-12-18,2025-12-18,Paid,60,late
AR-10326,Borealis Mobility,DE,Automotive,EUR,36468.01,2025-10-19,2025-12-18,2025-12-27,2025-12-27,Paid,60,late
AR-10327,Borealis Mobility,DE,Automotive,EUR,54260.51,2025-11-25,2026-01-24,2026-02-04,2026-02-04,Paid,60,late
AR-10328,Borealis Mobility,DE,Automotive,EUR,140287.22,2025-11-03,2026-01-02,2026-01-08,2026-01-08,Paid,60,late
AR-10329,Borealis Mobility,DE,Automotive,EUR,104063.19,2025-11-07,2026-01-06,2026-01-15,2026-01-15,Paid,60,late
AR-10330,Borealis Mobility,DE,Automotive,EUR,445163.14,2025-11-04,2026-01-03,2026-01-13,2026-01-13,Paid,60,late
AR-10331,Borealis Mobility,DE,Automotive,EUR,70237.71,2025-12-16,2026-02-14,2026-02-24,2026-02-24,Paid,60,late
AR-10332,Borealis Mobility,DE,Automotive,EUR,166148.93,2025-12-08,2026-02-06,2026-02-12,2026-02-12,Paid,60,late
AR-10333,Borealis Mobility,DE,Automotive,EUR,54994.2,2025-12-23,2026-02-21,2026-02-22,2026-02-22,Paid,60,late
AR-10334,Borealis Mobility,DE,Automotive,EUR,135570.04,2025-12-14,2026-02-12,2026-02-21,2026-02-21,Paid,60,late
AR-10335,Borealis Mobility,DE,Automotive,EUR,31414.93,2025-12-03,2026-02-01,2026-02-16,2026-02-16,Paid,60,late
AR-10336,Borealis Mobility,DE,Automotive,EUR,132203.7,2025-12-05,2026-02-03,2026-02-05,2026-02-05,Paid,60,late
AR-10337,Borealis Mobility,DE,Automotive,EUR,80945.62,2025-12-20,2026-02-18,2026-02-19,2026-02-19,Paid,60,late
AR-10338,Borealis Mobility,DE,Automotive,EUR,57029.88,2025-12-21,2026-02-19,2026-03-03,2026-03-03,Paid,60,late
AR-10339,Borealis Mobility,DE,Automotive,EUR,322047.14,2026-01-24,2026-03-25,2026-03-25,2026-03-25,Paid,60,late
AR-10340,Borealis Mobility,DE,Automotive,EUR,111621.1,2026-01-26,2026-03-27,2026-04-04,2026-04-04,Paid,60,late
AR-10341,Borealis Mobility,DE,Automotive,EUR,43782.8,2026-01-27,2026-03-28,2026-04-08,2026-04-08,Paid,60,late
AR-10342,Borealis Mobility,DE,Automotive,EUR,78733.6,2026-01-26,2026-03-27,2026-04-06,2026-04-06,Paid,60,late
AR-10343,Borealis Mobility,DE,Automotive,EUR,94770.85,2026-01-05,2026-03-06,2026-03-22,2026-03-22,Paid,60,late
AR-10344,Borealis Mobility,DE,Automotive,EUR,139851.53,2026-02-14,2026-04-15,2026-04-20,2026-04-20,Paid,60,late
AR-10345,Borealis Mobility,DE,Automotive,EUR,164506.11,2026-02-21,2026-04-22,2026-05-02,2026-05-02,Paid,60,late
AR-10346,Borealis Mobility,DE,Automotive,EUR,271927.63,2026-02-21,2026-04-22,2026-04-30,2026-04-30,Paid,60,late
AR-10347,Borealis Mobility,DE,Automotive,EUR,90540.7,2026-02-19,2026-04-20,2026-04-25,2026-04-25,Paid,60,late
AR-10348,Borealis Mobility,DE,Automotive,EUR,53270.02,2026-03-27,2026-05-26,2026-06-03,,Open,60,late
AR-10349,Borealis Mobility,DE,Automotive,EUR,255966.72,2026-03-12,2026-05-11,2026-05-26,,Open,60,late
AR-10350,Borealis Mobility,DE,Automotive,EUR,18281.18,2026-03-19,2026-05-18,2026-05-23,,Open,60,late
AR-10351,Borealis Mobility,DE,Automotive,EUR,128313.68,2026-03-11,2026-05-10,2026-05-29,,Open,60,late
AR-10352,Borealis Mobility,DE,Automotive,EUR,36993.57,2026-03-01,2026-04-30,2026-05-13,,Open,60,late
AR-10353,Borealis Mobility,DE,Automotive,EUR,118738.13,2026-03-26,2026-05-25,2026-06-06,,Open,60,late
AR-10354,Borealis Mobility,DE,Automotive,EUR,80063.25,2026-03-23,2026-05-22,2026-06-10,,Open,60,late
AR-10355,Borealis Mobility,DE,Automotive,EUR,17333.06,2026-04-22,2026-06-21,2026-07-08,,Open,60,late
AR-10356,Borealis Mobility,DE,Automotive,EUR,26682.94,2026-04-26,2026-06-25,2026-07-01,,Open,60,late
AR-10357,Borealis Mobility,DE,Automotive,EUR,56998.63,2026-04-13,2026-06-12,2026-06-23,,Open,60,late
AR-10358,Borealis Mobility,DE,Automotive,EUR,47165.52,2026-04-20,2026-06-19,2026-06-29,,Open,60,late
AR-10359,Borealis Mobility,DE,Automotive,EUR,21995.43,2026-04-04,2026-06-03,2026-06-22,,Open,60,late
AR-10360,Borealis Mobility,DE,Automotive,EUR,28252.31,2026-04-23,2026-06-22,2026-07-08,,Open,60,late
AR-10361,Borealis Mobility,DE,Automotive,EUR,206843.77,2026-04-28,2026-06-27,2026-07-03,,Open,60,late
AR-10362,Borealis Mobility,DE,Automotive,EUR,145068.35,2026-04-03,2026-06-02,2026-06-07,,Open,60,late
AR-10363,Borealis Mobility,DE,Automotive,EUR,173528.41,2026-04-28,2026-06-27,2026-06-30,,Open,60,late
AR-10364,Borealis Mobility,DE,Automotive,EUR,261553.35,2026-05-24,2026-07-23,2026-07-27,,Open,60,late
AR-10365,Borealis Mobility,DE,Automotive,EUR,209280.18,2026-05-02,2026-07-01,2026-07-01,,Open,60,late
AR-10366,Borealis Mobility,DE,Automotive,EUR,137899.28,2026-05-03,2026-07-02,2026-07-08,,Open,60,late
AR-10367,Borealis Mobility,DE,Automotive,EUR,143831.63,2026-05-10,2026-07-09,2026-07-09,,Open,60,late
AR-10368,Borealis Mobility,DE,Automotive,EUR,205331.06,2026-06-12,2026-08-11,2026-08-16,,Open,60,late
AR-10369,Borealis Mobility,DE,Automotive,EUR,204186.87,2026-06-15,2026-08-14,2026-08-25,,Open,60,late
AR-10370,Borealis Mobility,DE,Automotive,EUR,173246.96,2026-06-02,2026-08-01,2026-08-06,,Open,60,late
AR-10371,Borealis Mobility,DE,Automotive,EUR,189281.27,2026-06-12,2026-08-11,2026-08-24,,Open,60,late
AR-10372,Borealis Mobility,DE,Automotive,EUR,23754.52,2026-07-11,2026-09-09,2026-09-24,,Open,60,late
AR-10373,Borealis Mobility,DE,Automotive,EUR,23263.52,2026-07-04,2026-09-02,2026-09-04,,Open,60,late
AR-10374,Borealis Mobility,DE,Automotive,EUR,68139.17,2026-07-27,2026-09-25,2026-10-14,,Open,60,late
AR-10375,Borealis Mobility,DE,Automotive,EUR,64614.61,2026-07-03,2026-09-01,2026-09-13,,Open,60,late
AR-10376,Borealis Mobility,DE,Automotive,EUR,43309.52,2026-07-08,2026-09-06,2026-09-06,,Open,60,late
AR-10377,Borealis Mobility,DE,Automotive,EUR,82422.59,2026-07-17,2026-09-15,2026-09-17,,Open,60,late
AR-10378,Borealis Mobility,DE,Automotive,EUR,77255.98,2026-07-08,2026-09-06,2026-09-16,,Open,60,late
AR-10379,Borealis Mobility,DE,Automotive,EUR,67216.83,2026-07-05,2026-09-03,2026-09-14,,Open,60,late
AR-10380,Borealis Mobility,DE,Automotive,EUR,133033.44,2026-07-26,2026-09-24,2026-09-25,,Open,60,late
AR-10381,Borealis Mobility,DE,Automotive,EUR,193671.1,2026-07-24,2026-09-22,2026-10-14,,Open,60,late
AR-10382,Borealis Mobility,DE,Automotive,EUR,73108.74,2026-08-23,2026-10-22,2026-11-01,,Open,60,late
AR-10383,Borealis Mobility,DE,Automotive,EUR,36601.23,2026-08-20,2026-10-19,2026-10-27,,Open,60,late
AR-10384,Borealis Mobility,DE,Automotive,EUR,89118.76,2026-08-22,2026-10-21,2026-10-26,,Open,60,late
AR-10385,Borealis Mobility,DE,Automotive,EUR,237164.28,2026-08-08,2026-10-07,2026-10-15,,Open,60,late
AR-10386,Borealis Mobility,DE,Automotive,EUR,99377.35,2026-08-25,2026-10-24,2026-11-02,,Open,60,late
AR-10387,Borealis Mobility,DE,Automotive,EUR,62005.37,2026-08-10,2026-10-09,2026-10-23,,Open,60,late
AR-10388,Caledonia Rail,GB,Rail,GBP,50087.85,2024-05-04,2024-06-03,2024-06-09,2024-06-09,Paid,30,ontime
AR-10389,Caledonia Rail,GB,Rail,GBP,12803.63,2024-05-13,2024-06-12,2024-06-14,2024-06-14,Paid,30,ontime
AR-10390,Caledonia Rail,GB,Rail,GBP,52703.78,2024-05-07,2024-06-06,2024-06-05,2024-06-05,Paid,30,ontime
AR-10391,Caledonia Rail,GB,Rail,GBP,73412.18,2024-05-19,2024-06-18,2024-06-18,2024-06-18,Paid,30,ontime
AR-10392,Caledonia Rail,GB,Rail,GBP,70948.29,2024-05-11,2024-06-10,2024-06-11,2024-06-11,Paid,30,ontime
AR-10393,Caledonia Rail,GB,Rail,GBP,38576.01,2024-05-03,2024-06-02,2024-06-02,2024-06-02,Paid,30,ontime
AR-10394,Caledonia Rail,GB,Rail,GBP,22431.63,2024-05-19,2024-06-18,2024-06-21,2024-06-21,Paid,30,ontime
AR-10395,Caledonia Rail,GB,Rail,GBP,15948.34,2024-05-26,2024-06-25,2024-06-23,2024-06-23,Paid,30,ontime
AR-10396,Caledonia Rail,GB,Rail,GBP,21084.75,2024-05-16,2024-06-15,2024-06-15,2024-06-15,Paid,30,ontime
AR-10397,Caledonia Rail,GB,Rail,GBP,33593.73,2024-06-03,2024-07-03,2024-07-03,2024-07-03,Paid,30,ontime
AR-10398,Caledonia Rail,GB,Rail,GBP,28958.57,2024-06-22,2024-07-22,2024-07-21,2024-07-21,Paid,30,ontime
AR-10399,Caledonia Rail,GB,Rail,GBP,33693.02,2024-06-02,2024-07-02,2024-06-30,2024-06-30,Paid,30,ontime
AR-10400,Caledonia Rail,GB,Rail,GBP,93144.44,2024-06-08,2024-07-08,2024-07-08,2024-07-08,Paid,30,ontime
AR-10401,Caledonia Rail,GB,Rail,GBP,100510.36,2024-06-07,2024-07-07,2024-07-07,2024-07-07,Paid,30,ontime
AR-10402,Caledonia Rail,GB,Rail,GBP,31265.05,2024-06-10,2024-07-10,2024-07-08,2024-07-08,Paid,30,ontime
AR-10403,Caledonia Rail,GB,Rail,GBP,32006.76,2024-06-10,2024-07-10,2024-07-09,2024-07-09,Paid,30,ontime
AR-10404,Caledonia Rail,GB,Rail,GBP,13977.35,2024-06-06,2024-07-06,2024-07-12,2024-07-12,Paid,30,ontime
AR-10405,Caledonia Rail,GB,Rail,GBP,54342.08,2024-07-10,2024-08-09,2024-08-09,2024-08-09,Paid,30,ontime
AR-10406,Caledonia Rail,GB,Rail,GBP,80796.02,2024-07-11,2024-08-10,2024-08-14,2024-08-14,Paid,30,ontime
AR-10407,Caledonia Rail,GB,Rail,GBP,37658.36,2024-07-04,2024-08-03,2024-08-07,2024-08-07,Paid,30,ontime
AR-10408,Caledonia Rail,GB,Rail,GBP,50695.23,2024-07-17,2024-08-16,2024-08-15,2024-08-15,Paid,30,ontime
AR-10409,Caledonia Rail,GB,Rail,GBP,30940.31,2024-07-22,2024-08-21,2024-08-25,2024-08-25,Paid,30,ontime
AR-10410,Caledonia Rail,GB,Rail,GBP,52611.3,2024-07-24,2024-08-23,2024-08-28,2024-08-28,Paid,30,ontime
AR-10411,Caledonia Rail,GB,Rail,GBP,8327.18,2024-07-11,2024-08-10,2024-08-10,2024-08-10,Paid,30,ontime
AR-10412,Caledonia Rail,GB,Rail,GBP,53841.54,2024-07-13,2024-08-12,2024-08-17,2024-08-17,Paid,30,ontime
AR-10413,Caledonia Rail,GB,Rail,GBP,147037.32,2024-08-25,2024-09-24,2024-09-21,2024-09-21,Paid,30,ontime
AR-10414,Caledonia Rail,GB,Rail,GBP,29974.84,2024-08-28,2024-09-27,2024-09-28,2024-09-28,Paid,30,ontime
AR-10415,Caledonia Rail,GB,Rail,GBP,41741.69,2024-08-15,2024-09-14,2024-09-12,2024-09-12,Paid,30,ontime
AR-10416,Caledonia Rail,GB,Rail,GBP,65121.63,2024-08-25,2024-09-24,2024-09-26,2024-09-26,Paid,30,ontime
AR-10417,Caledonia Rail,GB,Rail,GBP,48231.8,2024-09-07,2024-10-07,2024-10-15,2024-10-15,Paid,30,ontime
AR-10418,Caledonia Rail,GB,Rail,GBP,53994.39,2024-09-08,2024-10-08,2024-10-12,2024-10-12,Paid,30,ontime
AR-10419,Caledonia Rail,GB,Rail,GBP,76524.74,2024-09-07,2024-10-07,2024-10-08,2024-10-08,Paid,30,ontime
AR-10420,Caledonia Rail,GB,Rail,GBP,37645.84,2024-09-08,2024-10-08,2024-10-06,2024-10-06,Paid,30,ontime
AR-10421,Caledonia Rail,GB,Rail,GBP,19668.2,2024-09-28,2024-10-28,2024-11-01,2024-11-01,Paid,30,ontime
AR-10422,Caledonia Rail,GB,Rail,GBP,3429.12,2024-09-17,2024-10-17,2024-10-17,2024-10-17,Paid,30,ontime
AR-10423,Caledonia Rail,GB,Rail,GBP,63362.24,2024-09-17,2024-10-17,2024-10-19,2024-10-19,Paid,30,ontime
AR-10424,Caledonia Rail,GB,Rail,GBP,24534.25,2024-09-05,2024-10-05,2024-10-05,2024-10-05,Paid,30,ontime
AR-10425,Caledonia Rail,GB,Rail,GBP,25553.01,2024-09-26,2024-10-26,2024-10-26,2024-10-26,Paid,30,ontime
AR-10426,Caledonia Rail,GB,Rail,GBP,15177.0,2024-10-25,2024-11-24,2024-11-24,2024-11-24,Paid,30,ontime
AR-10427,Caledonia Rail,GB,Rail,GBP,13542.09,2024-10-06,2024-11-05,2024-11-03,2024-11-03,Paid,30,ontime
AR-10428,Caledonia Rail,GB,Rail,GBP,14039.77,2024-10-16,2024-11-15,2024-11-12,2024-11-12,Paid,30,ontime
AR-10429,Caledonia Rail,GB,Rail,GBP,43757.92,2024-10-18,2024-11-17,2024-11-22,2024-11-22,Paid,30,ontime
AR-10430,Caledonia Rail,GB,Rail,GBP,48784.52,2024-10-13,2024-11-12,2024-11-11,2024-11-11,Paid,30,ontime
AR-10431,Caledonia Rail,GB,Rail,GBP,48192.94,2024-10-11,2024-11-10,2024-11-08,2024-11-08,Paid,30,ontime
AR-10432,Caledonia Rail,GB,Rail,GBP,107495.1,2024-10-22,2024-11-21,2024-11-24,2024-11-24,Paid,30,ontime
AR-10433,Caledonia Rail,GB,Rail,GBP,49051.25,2024-10-20,2024-11-19,2024-11-19,2024-11-19,Paid,30,ontime
AR-10434,Caledonia Rail,GB,Rail,GBP,56778.03,2024-11-21,2024-12-21,2024-12-19,2024-12-19,Paid,30,ontime
AR-10435,Caledonia Rail,GB,Rail,GBP,66918.6,2024-11-19,2024-12-19,2024-12-16,2024-12-16,Paid,30,ontime
AR-10436,Caledonia Rail,GB,Rail,GBP,47140.97,2024-11-02,2024-12-02,2024-11-29,2024-11-29,Paid,30,ontime
AR-10437,Caledonia Rail,GB,Rail,GBP,15672.91,2024-11-28,2024-12-28,2024-12-29,2024-12-29,Paid,30,ontime
AR-10438,Caledonia Rail,GB,Rail,GBP,39827.44,2024-11-16,2024-12-16,2024-12-23,2024-12-23,Paid,30,ontime
AR-10439,Caledonia Rail,GB,Rail,GBP,17664.68,2024-11-14,2024-12-14,2024-12-14,2024-12-14,Paid,30,ontime
AR-10440,Caledonia Rail,GB,Rail,GBP,38639.29,2024-11-24,2024-12-24,2024-12-24,2024-12-24,Paid,30,ontime
AR-10441,Caledonia Rail,GB,Rail,GBP,35073.63,2024-11-01,2024-12-01,2024-12-03,2024-12-03,Paid,30,ontime
AR-10442,Caledonia Rail,GB,Rail,GBP,24925.87,2024-11-12,2024-12-12,2024-12-20,2024-12-20,Paid,30,ontime
AR-10443,Caledonia Rail,GB,Rail,GBP,24980.77,2024-11-17,2024-12-17,2024-12-16,2024-12-16,Paid,30,ontime
AR-10444,Caledonia Rail,GB,Rail,GBP,22925.02,2024-12-22,2025-01-21,2025-01-22,2025-01-22,Paid,30,ontime
AR-10445,Caledonia Rail,GB,Rail,GBP,50431.34,2024-12-20,2025-01-19,2025-01-18,2025-01-18,Paid,30,ontime
AR-10446,Caledonia Rail,GB,Rail,GBP,181497.99,2024-12-18,2025-01-17,2025-01-17,2025-01-17,Paid,30,ontime
AR-10447,Caledonia Rail,GB,Rail,GBP,66440.49,2024-12-02,2025-01-01,2024-12-29,2024-12-29,Paid,30,ontime
AR-10448,Caledonia Rail,GB,Rail,GBP,39070.02,2024-12-12,2025-01-11,2025-01-11,2025-01-11,Paid,30,ontime
AR-10449,Caledonia Rail,GB,Rail,GBP,6914.47,2025-01-02,2025-02-01,2025-02-04,2025-02-04,Paid,30,ontime
AR-10450,Caledonia Rail,GB,Rail,GBP,87596.49,2025-01-25,2025-02-24,2025-02-25,2025-02-25,Paid,30,ontime
AR-10451,Caledonia Rail,GB,Rail,GBP,84899.81,2025-01-07,2025-02-06,2025-02-09,2025-02-09,Paid,30,ontime
AR-10452,Caledonia Rail,GB,Rail,GBP,142767.02,2025-01-24,2025-02-23,2025-02-26,2025-02-26,Paid,30,ontime
AR-10453,Caledonia Rail,GB,Rail,GBP,3883.34,2025-02-27,2025-03-29,2025-03-30,2025-03-30,Paid,30,ontime
AR-10454,Caledonia Rail,GB,Rail,GBP,64283.96,2025-02-16,2025-03-18,2025-03-20,2025-03-20,Paid,30,ontime
AR-10455,Caledonia Rail,GB,Rail,GBP,33809.34,2025-02-08,2025-03-10,2025-03-08,2025-03-08,Paid,30,ontime
AR-10456,Caledonia Rail,GB,Rail,GBP,16754.18,2025-02-19,2025-03-21,2025-03-21,2025-03-21,Paid,30,ontime
AR-10457,Caledonia Rail,GB,Rail,GBP,83409.63,2025-02-06,2025-03-08,2025-03-09,2025-03-09,Paid,30,ontime
AR-10458,Caledonia Rail,GB,Rail,GBP,44577.21,2025-02-12,2025-03-14,2025-03-18,2025-03-18,Paid,30,ontime
AR-10459,Caledonia Rail,GB,Rail,GBP,45973.0,2025-02-14,2025-03-16,2025-03-14,2025-03-14,Paid,30,ontime
AR-10460,Caledonia Rail,GB,Rail,GBP,37385.89,2025-02-07,2025-03-09,2025-03-10,2025-03-10,Paid,30,ontime
AR-10461,Caledonia Rail,GB,Rail,GBP,51768.35,2025-03-01,2025-03-31,2025-04-03,2025-04-03,Paid,30,ontime
AR-10462,Caledonia Rail,GB,Rail,GBP,74724.64,2025-03-21,2025-04-20,2025-04-19,2025-04-19,Paid,30,ontime
AR-10463,Caledonia Rail,GB,Rail,GBP,99762.85,2025-03-19,2025-04-18,2025-04-23,2025-04-23,Paid,30,ontime
AR-10464,Caledonia Rail,GB,Rail,GBP,116142.22,2025-03-14,2025-04-13,2025-04-14,2025-04-14,Paid,30,ontime
AR-10465,Caledonia Rail,GB,Rail,GBP,22519.43,2025-04-26,2025-05-26,2025-05-27,2025-05-27,Paid,30,ontime
AR-10466,Caledonia Rail,GB,Rail,GBP,44449.7,2025-04-16,2025-05-16,2025-05-16,2025-05-16,Paid,30,ontime
AR-10467,Caledonia Rail,GB,Rail,GBP,144521.02,2025-04-15,2025-05-15,2025-05-19,2025-05-19,Paid,30,ontime
AR-10468,Caledonia Rail,GB,Rail,GBP,73164.21,2025-04-01,2025-05-01,2025-05-07,2025-05-07,Paid,30,ontime
AR-10469,Caledonia Rail,GB,Rail,GBP,5885.9,2025-04-06,2025-05-06,2025-05-05,2025-05-05,Paid,30,ontime
AR-10470,Caledonia Rail,GB,Rail,GBP,22853.29,2025-04-08,2025-05-08,2025-05-07,2025-05-07,Paid,30,ontime
AR-10471,Caledonia Rail,GB,Rail,GBP,17015.6,2025-04-03,2025-05-03,2025-05-03,2025-05-03,Paid,30,ontime
AR-10472,Caledonia Rail,GB,Rail,GBP,27997.74,2025-04-28,2025-05-28,2025-05-29,2025-05-29,Paid,30,ontime
AR-10473,Caledonia Rail,GB,Rail,GBP,25748.25,2025-05-08,2025-06-07,2025-06-07,2025-06-07,Paid,30,ontime
AR-10474,Caledonia Rail,GB,Rail,GBP,112435.28,2025-05-11,2025-06-10,2025-06-09,2025-06-09,Paid,30,ontime
AR-10475,Caledonia Rail,GB,Rail,GBP,38236.78,2025-05-13,2025-06-12,2025-06-11,2025-06-11,Paid,30,ontime
AR-10476,Caledonia Rail,GB,Rail,GBP,70905.81,2025-05-19,2025-06-18,2025-06-19,2025-06-19,Paid,30,ontime
AR-10477,Caledonia Rail,GB,Rail,GBP,56579.57,2025-05-16,2025-06-15,2025-06-16,2025-06-16,Paid,30,ontime
AR-10478,Caledonia Rail,GB,Rail,GBP,60845.47,2025-05-23,2025-06-22,2025-06-21,2025-06-21,Paid,30,ontime
AR-10479,Caledonia Rail,GB,Rail,GBP,7912.56,2025-05-14,2025-06-13,2025-06-13,2025-06-13,Paid,30,ontime
AR-10480,Caledonia Rail,GB,Rail,GBP,38192.51,2025-06-04,2025-07-04,2025-07-09,2025-07-09,Paid,30,ontime
AR-10481,Caledonia Rail,GB,Rail,GBP,149410.77,2025-06-25,2025-07-25,2025-07-29,2025-07-29,Paid,30,ontime
AR-10482,Caledonia Rail,GB,Rail,GBP,42840.67,2025-06-12,2025-07-12,2025-07-15,2025-07-15,Paid,30,ontime
AR-10483,Caledonia Rail,GB,Rail,GBP,78191.16,2025-06-11,2025-07-11,2025-07-12,2025-07-12,Paid,30,ontime
AR-10484,Caledonia Rail,GB,Rail,GBP,52045.74,2025-06-21,2025-07-21,2025-07-24,2025-07-24,Paid,30,ontime
AR-10485,Caledonia Rail,GB,Rail,GBP,21679.64,2025-06-24,2025-07-24,2025-07-24,2025-07-24,Paid,30,ontime
AR-10486,Caledonia Rail,GB,Rail,GBP,86861.8,2025-07-28,2025-08-27,2025-08-25,2025-08-25,Paid,30,ontime
AR-10487,Caledonia Rail,GB,Rail,GBP,121040.39,2025-07-15,2025-08-14,2025-08-11,2025-08-11,Paid,30,ontime
AR-10488,Caledonia Rail,GB,Rail,GBP,29075.34,2025-07-14,2025-08-13,2025-08-13,2025-08-13,Paid,30,ontime
AR-10489,Caledonia Rail,GB,Rail,GBP,55701.86,2025-07-10,2025-08-09,2025-08-12,2025-08-12,Paid,30,ontime
AR-10490,Caledonia Rail,GB,Rail,GBP,19721.97,2025-07-27,2025-08-26,2025-08-25,2025-08-25,Paid,30,ontime
AR-10491,Caledonia Rail,GB,Rail,GBP,40928.11,2025-07-20,2025-08-19,2025-08-25,2025-08-25,Paid,30,ontime
AR-10492,Caledonia Rail,GB,Rail,GBP,31376.18,2025-07-26,2025-08-25,2025-08-26,2025-08-26,Paid,30,ontime
AR-10493,Caledonia Rail,GB,Rail,GBP,86076.2,2025-08-04,2025-09-03,2025-09-02,2025-09-02,Paid,30,ontime
AR-10494,Caledonia Rail,GB,Rail,GBP,36827.63,2025-08-26,2025-09-25,2025-09-28,2025-09-28,Paid,30,ontime
AR-10495,Caledonia Rail,GB,Rail,GBP,30637.49,2025-08-04,2025-09-03,2025-09-10,2025-09-10,Paid,30,ontime
AR-10496,Caledonia Rail,GB,Rail,GBP,42724.73,2025-08-09,2025-09-08,2025-09-12,2025-09-12,Paid,30,ontime
AR-10497,Caledonia Rail,GB,Rail,GBP,99663.89,2025-08-03,2025-09-02,2025-09-02,2025-09-02,Paid,30,ontime
AR-10498,Caledonia Rail,GB,Rail,GBP,46832.19,2025-09-07,2025-10-07,2025-10-04,2025-10-04,Paid,30,ontime
AR-10499,Caledonia Rail,GB,Rail,GBP,78913.3,2025-09-22,2025-10-22,2025-10-23,2025-10-23,Paid,30,ontime
AR-10500,Caledonia Rail,GB,Rail,GBP,36155.22,2025-09-11,2025-10-11,2025-10-08,2025-10-08,Paid,30,ontime
AR-10501,Caledonia Rail,GB,Rail,GBP,36898.52,2025-09-07,2025-10-07,2025-10-05,2025-10-05,Paid,30,ontime
AR-10502,Caledonia Rail,GB,Rail,GBP,49989.93,2025-09-01,2025-10-01,2025-09-30,2025-09-30,Paid,30,ontime
AR-10503,Caledonia Rail,GB,Rail,GBP,37415.22,2025-09-12,2025-10-12,2025-10-09,2025-10-09,Paid,30,ontime
AR-10504,Caledonia Rail,GB,Rail,GBP,81829.05,2025-09-08,2025-10-08,2025-10-08,2025-10-08,Paid,30,ontime
AR-10505,Caledonia Rail,GB,Rail,GBP,119568.47,2025-10-20,2025-11-19,2025-11-19,2025-11-19,Paid,30,ontime
AR-10506,Caledonia Rail,GB,Rail,GBP,54343.99,2025-10-18,2025-11-17,2025-11-17,2025-11-17,Paid,30,ontime
AR-10507,Caledonia Rail,GB,Rail,GBP,66652.78,2025-10-12,2025-11-11,2025-11-13,2025-11-13,Paid,30,ontime
AR-10508,Caledonia Rail,GB,Rail,GBP,28740.69,2025-10-12,2025-11-11,2025-11-12,2025-11-12,Paid,30,ontime
AR-10509,Caledonia Rail,GB,Rail,GBP,85256.28,2025-10-27,2025-11-26,2025-11-26,2025-11-26,Paid,30,ontime
AR-10510,Caledonia Rail,GB,Rail,GBP,13158.13,2025-11-28,2025-12-28,2025-12-30,2025-12-30,Paid,30,ontime
AR-10511,Caledonia Rail,GB,Rail,GBP,104928.04,2025-11-19,2025-12-19,2025-12-23,2025-12-23,Paid,30,ontime
AR-10512,Caledonia Rail,GB,Rail,GBP,30279.14,2025-11-13,2025-12-13,2025-12-19,2025-12-19,Paid,30,ontime
AR-10513,Caledonia Rail,GB,Rail,GBP,111310.91,2025-11-22,2025-12-22,2025-12-23,2025-12-23,Paid,30,ontime
AR-10514,Caledonia Rail,GB,Rail,GBP,73168.99,2025-11-10,2025-12-10,2025-12-10,2025-12-10,Paid,30,ontime
AR-10515,Caledonia Rail,GB,Rail,GBP,50311.12,2025-11-21,2025-12-21,2025-12-18,2025-12-18,Paid,30,ontime
AR-10516,Caledonia Rail,GB,Rail,GBP,44873.04,2025-12-07,2026-01-06,2026-01-05,2026-01-05,Paid,30,ontime
AR-10517,Caledonia Rail,GB,Rail,GBP,55685.6,2025-12-15,2026-01-14,2026-01-16,2026-01-16,Paid,30,ontime
AR-10518,Caledonia Rail,GB,Rail,GBP,23702.88,2025-12-22,2026-01-21,2026-01-23,2026-01-23,Paid,30,ontime
AR-10519,Caledonia Rail,GB,Rail,GBP,82326.5,2025-12-24,2026-01-23,2026-01-20,2026-01-20,Paid,30,ontime
AR-10520,Caledonia Rail,GB,Rail,GBP,30964.8,2025-12-10,2026-01-09,2026-01-14,2026-01-14,Paid,30,ontime
AR-10521,Caledonia Rail,GB,Rail,GBP,19699.37,2025-12-11,2026-01-10,2026-01-08,2026-01-08,Paid,30,ontime
AR-10522,Caledonia Rail,GB,Rail,GBP,24002.61,2025-12-17,2026-01-16,2026-01-23,2026-01-23,Paid,30,ontime
AR-10523,Caledonia Rail,GB,Rail,GBP,42108.78,2025-12-25,2026-01-24,2026-01-26,2026-01-26,Paid,30,ontime
AR-10524,Caledonia Rail,GB,Rail,GBP,28513.33,2025-12-14,2026-01-13,2026-01-16,2026-01-16,Paid,30,ontime
AR-10525,Caledonia Rail,GB,Rail,GBP,23434.17,2025-12-09,2026-01-08,2026-01-12,2026-01-12,Paid,30,ontime
AR-10526,Caledonia Rail,GB,Rail,GBP,103569.81,2026-01-15,2026-02-14,2026-02-19,2026-02-19,Paid,30,ontime
AR-10527,Caledonia Rail,GB,Rail,GBP,107248.75,2026-01-09,2026-02-08,2026-02-08,2026-02-08,Paid,30,ontime
AR-10528,Caledonia Rail,GB,Rail,GBP,5186.93,2026-01-01,2026-01-31,2026-01-31,2026-01-31,Paid,30,ontime
AR-10529,Caledonia Rail,GB,Rail,GBP,119335.21,2026-01-04,2026-02-03,2026-02-04,2026-02-04,Paid,30,ontime
AR-10530,Caledonia Rail,GB,Rail,GBP,38701.64,2026-02-22,2026-03-24,2026-03-24,2026-03-24,Paid,30,ontime
AR-10531,Caledonia Rail,GB,Rail,GBP,20530.07,2026-02-19,2026-03-21,2026-03-25,2026-03-25,Paid,30,ontime
AR-10532,Caledonia Rail,GB,Rail,GBP,22566.36,2026-02-28,2026-03-30,2026-03-29,2026-03-29,Paid,30,ontime
AR-10533,Caledonia Rail,GB,Rail,GBP,38809.85,2026-02-28,2026-03-30,2026-04-03,2026-04-03,Paid,30,ontime
AR-10534,Caledonia Rail,GB,Rail,GBP,90218.87,2026-02-27,2026-03-29,2026-03-30,2026-03-30,Paid,30,ontime
AR-10535,Caledonia Rail,GB,Rail,GBP,23131.66,2026-02-20,2026-03-22,2026-03-21,2026-03-21,Paid,30,ontime
AR-10536,Caledonia Rail,GB,Rail,GBP,20019.27,2026-02-03,2026-03-05,2026-03-07,2026-03-07,Paid,30,ontime
AR-10537,Caledonia Rail,GB,Rail,GBP,27698.01,2026-02-08,2026-03-10,2026-03-07,2026-03-07,Paid,30,ontime
AR-10538,Caledonia Rail,GB,Rail,GBP,27824.92,2026-02-23,2026-03-25,2026-03-29,2026-03-29,Paid,30,ontime
AR-10539,Caledonia Rail,GB,Rail,GBP,34015.76,2026-02-28,2026-03-30,2026-03-29,2026-03-29,Paid,30,ontime
AR-10540,Caledonia Rail,GB,Rail,GBP,71290.74,2026-03-12,2026-04-11,2026-04-14,2026-04-14,Paid,30,ontime
AR-10541,Caledonia Rail,GB,Rail,GBP,36001.37,2026-03-08,2026-04-07,2026-04-06,2026-04-06,Paid,30,ontime
AR-10542,Caledonia Rail,GB,Rail,GBP,71345.78,2026-03-19,2026-04-18,2026-04-22,2026-04-22,Paid,30,ontime
AR-10543,Caledonia Rail,GB,Rail,GBP,4071.61,2026-03-20,2026-04-19,2026-04-19,2026-04-19,Paid,30,ontime
AR-10544,Caledonia Rail,GB,Rail,GBP,9174.35,2026-03-27,2026-04-26,2026-04-29,2026-04-29,Paid,30,ontime
AR-10545,Caledonia Rail,GB,Rail,GBP,41890.62,2026-03-13,2026-04-12,2026-04-10,2026-04-10,Paid,30,ontime
AR-10546,Caledonia Rail,GB,Rail,GBP,72436.46,2026-03-25,2026-04-24,2026-04-26,2026-04-26,Paid,30,ontime
AR-10547,Caledonia Rail,GB,Rail,GBP,42103.35,2026-03-16,2026-04-15,2026-04-18,2026-04-18,Paid,30,ontime
AR-10548,Caledonia Rail,GB,Rail,GBP,7978.2,2026-03-13,2026-04-12,2026-04-10,2026-04-10,Paid,30,ontime
AR-10549,Caledonia Rail,GB,Rail,GBP,49610.59,2026-04-03,2026-05-03,2026-05-08,,Open,30,ontime
AR-10550,Caledonia Rail,GB,Rail,GBP,57737.95,2026-04-01,2026-05-01,2026-05-02,2026-05-02,Paid,30,ontime
AR-10551,Caledonia Rail,GB,Rail,GBP,37765.93,2026-04-25,2026-05-25,2026-05-29,,Open,30,ontime
AR-10552,Caledonia Rail,GB,Rail,GBP,91704.05,2026-04-16,2026-05-16,2026-05-20,,Open,30,ontime
AR-10553,Caledonia Rail,GB,Rail,GBP,44472.42,2026-04-19,2026-05-19,2026-05-21,,Open,30,ontime
AR-10554,Caledonia Rail,GB,Rail,GBP,28615.39,2026-04-25,2026-05-25,2026-05-26,,Open,30,ontime
AR-10555,Caledonia Rail,GB,Rail,GBP,39672.77,2026-04-01,2026-05-01,2026-05-02,2026-05-02,Paid,30,ontime
AR-10556,Caledonia Rail,GB,Rail,GBP,23322.81,2026-04-10,2026-05-10,2026-05-10,,Open,30,ontime
AR-10557,Caledonia Rail,GB,Rail,GBP,40610.07,2026-05-04,2026-06-03,2026-06-08,,Open,30,ontime
AR-10558,Caledonia Rail,GB,Rail,GBP,28885.7,2026-05-09,2026-06-08,2026-06-12,,Open,30,ontime
AR-10559,Caledonia Rail,GB,Rail,GBP,8835.2,2026-05-26,2026-06-25,2026-07-02,,Open,30,ontime
AR-10560,Caledonia Rail,GB,Rail,GBP,120749.02,2026-05-18,2026-06-17,2026-06-14,,Open,30,ontime
AR-10561,Caledonia Rail,GB,Rail,GBP,39810.38,2026-05-15,2026-06-14,2026-06-16,,Open,30,ontime
AR-10562,Caledonia Rail,GB,Rail,GBP,65674.39,2026-05-10,2026-06-09,2026-06-10,,Open,30,ontime
AR-10563,Caledonia Rail,GB,Rail,GBP,83119.95,2026-05-13,2026-06-12,2026-06-11,,Open,30,ontime
AR-10564,Caledonia Rail,GB,Rail,GBP,86443.87,2026-06-23,2026-07-23,2026-07-27,,Open,30,ontime
AR-10565,Caledonia Rail,GB,Rail,GBP,55465.14,2026-06-07,2026-07-07,2026-07-08,,Open,30,ontime
AR-10566,Caledonia Rail,GB,Rail,GBP,36034.41,2026-06-23,2026-07-23,2026-07-24,,Open,30,ontime
AR-10567,Caledonia Rail,GB,Rail,GBP,154533.91,2026-06-14,2026-07-14,2026-07-17,,Open,30,ontime
AR-10568,Caledonia Rail,GB,Rail,GBP,43232.48,2026-06-25,2026-07-25,2026-07-25,,Open,30,ontime
AR-10569,Caledonia Rail,GB,Rail,GBP,22010.92,2026-06-18,2026-07-18,2026-07-18,,Open,30,ontime
AR-10570,Caledonia Rail,GB,Rail,GBP,44662.89,2026-07-25,2026-08-24,2026-08-25,,Open,30,ontime
AR-10571,Caledonia Rail,GB,Rail,GBP,74204.21,2026-07-12,2026-08-11,2026-08-08,,Open,30,ontime
AR-10572,Caledonia Rail,GB,Rail,GBP,144171.78,2026-07-25,2026-08-24,2026-08-22,,Open,30,ontime
AR-10573,Caledonia Rail,GB,Rail,GBP,28086.71,2026-07-16,2026-08-15,2026-08-14,,Open,30,ontime
AR-10574,Caledonia Rail,GB,Rail,GBP,7971.05,2026-07-08,2026-08-07,2026-08-07,,Open,30,ontime
AR-10575,Caledonia Rail,GB,Rail,GBP,33294.81,2026-07-18,2026-08-17,2026-08-20,,Open,30,ontime
AR-10576,Caledonia Rail,GB,Rail,GBP,12852.18,2026-07-10,2026-08-09,2026-08-09,,Open,30,ontime
AR-10577,Caledonia Rail,GB,Rail,GBP,54864.91,2026-07-17,2026-08-16,2026-08-19,,Open,30,ontime
AR-10578,Caledonia Rail,GB,Rail,GBP,43065.19,2026-08-11,2026-09-10,2026-09-08,,Open,30,ontime
AR-10579,Caledonia Rail,GB,Rail,GBP,84546.74,2026-08-06,2026-09-05,2026-09-05,,Open,30,ontime
AR-10580,Caledonia Rail,GB,Rail,GBP,50645.22,2026-08-16,2026-09-15,2026-09-15,,Open,30,ontime
AR-10581,Caledonia Rail,GB,Rail,GBP,44461.29,2026-08-21,2026-09-20,2026-09-18,,Open,30,ontime
AR-10582,Caledonia Rail,GB,Rail,GBP,54421.71,2026-08-27,2026-09-26,2026-09-29,,Open,30,ontime
AR-10583,Caledonia Rail,GB,Rail,GBP,30598.85,2026-08-08,2026-09-07,2026-09-07,,Open,30,ontime
AR-10584,Delphi Aerospace,US,Aerospace,USD,312132.09,2024-05-15,2024-06-29,2024-06-26,2024-06-26,Paid,45,early
AR-10585,Delphi Aerospace,US,Aerospace,USD,86027.4,2024-05-18,2024-07-02,2024-06-28,2024-06-28,Paid,45,early
AR-10586,Delphi Aerospace,US,Aerospace,USD,103890.57,2024-05-04,2024-06-18,2024-06-17,2024-06-17,Paid,45,early
AR-10587,Delphi Aerospace,US,Aerospace,USD,127081.44,2024-05-15,2024-06-29,2024-06-24,2024-06-24,Paid,45,early
AR-10588,Delphi Aerospace,US,Aerospace,USD,160249.32,2024-05-13,2024-06-27,2024-06-26,2024-06-26,Paid,45,early
AR-10589,Delphi Aerospace,US,Aerospace,USD,145537.54,2024-05-20,2024-07-04,2024-06-30,2024-06-30,Paid,45,early
AR-10590,Delphi Aerospace,US,Aerospace,USD,43688.95,2024-05-17,2024-07-01,2024-06-29,2024-06-29,Paid,45,early
AR-10591,Delphi Aerospace,US,Aerospace,USD,90328.0,2024-05-02,2024-06-16,2024-06-10,2024-06-10,Paid,45,early
AR-10592,Delphi Aerospace,US,Aerospace,USD,452074.6,2024-06-03,2024-07-18,2024-07-12,2024-07-12,Paid,45,early
AR-10593,Delphi Aerospace,US,Aerospace,USD,198731.87,2024-06-05,2024-07-20,2024-07-18,2024-07-18,Paid,45,early
AR-10594,Delphi Aerospace,US,Aerospace,USD,195016.59,2024-06-17,2024-08-01,2024-08-01,2024-08-01,Paid,45,early
AR-10595,Delphi Aerospace,US,Aerospace,USD,207164.52,2024-06-11,2024-07-26,2024-07-20,2024-07-20,Paid,45,early
AR-10596,Delphi Aerospace,US,Aerospace,USD,43276.96,2024-06-02,2024-07-17,2024-07-14,2024-07-14,Paid,45,early
AR-10597,Delphi Aerospace,US,Aerospace,USD,22237.63,2024-07-14,2024-08-28,2024-08-27,2024-08-27,Paid,45,early
AR-10598,Delphi Aerospace,US,Aerospace,USD,226181.03,2024-07-01,2024-08-15,2024-08-13,2024-08-13,Paid,45,early
AR-10599,Delphi Aerospace,US,Aerospace,USD,354233.57,2024-07-01,2024-08-15,2024-08-13,2024-08-13,Paid,45,early
AR-10600,Delphi Aerospace,US,Aerospace,USD,184003.75,2024-07-01,2024-08-15,2024-08-13,2024-08-13,Paid,45,early
AR-10601,Delphi Aerospace,US,Aerospace,USD,149798.88,2024-07-18,2024-09-01,2024-08-27,2024-08-27,Paid,45,early
AR-10602,Delphi Aerospace,US,Aerospace,USD,56125.78,2024-07-27,2024-09-10,2024-09-10,2024-09-10,Paid,45,early
AR-10603,Delphi Aerospace,US,Aerospace,USD,109842.99,2024-07-28,2024-09-11,2024-09-06,2024-09-06,Paid,45,early
AR-10604,Delphi Aerospace,US,Aerospace,USD,122346.51,2024-08-24,2024-10-08,2024-10-08,2024-10-08,Paid,45,early
AR-10605,Delphi Aerospace,US,Aerospace,USD,91527.01,2024-08-18,2024-10-02,2024-09-30,2024-09-30,Paid,45,early
AR-10606,Delphi Aerospace,US,Aerospace,USD,441550.49,2024-08-14,2024-09-28,2024-09-22,2024-09-22,Paid,45,early
AR-10607,Delphi Aerospace,US,Aerospace,USD,79884.42,2024-08-17,2024-10-01,2024-09-27,2024-09-27,Paid,45,early
AR-10608,Delphi Aerospace,US,Aerospace,USD,112310.37,2024-08-27,2024-10-11,2024-10-11,2024-10-11,Paid,45,early
AR-10609,Delphi Aerospace,US,Aerospace,USD,36809.14,2024-09-23,2024-11-07,2024-11-06,2024-11-06,Paid,45,early
AR-10610,Delphi Aerospace,US,Aerospace,USD,94382.33,2024-09-24,2024-11-08,2024-11-06,2024-11-06,Paid,45,early
AR-10611,Delphi Aerospace,US,Aerospace,USD,55364.27,2024-09-22,2024-11-06,2024-11-02,2024-11-02,Paid,45,early
AR-10612,Delphi Aerospace,US,Aerospace,USD,73191.82,2024-09-25,2024-11-09,2024-11-08,2024-11-08,Paid,45,early
AR-10613,Delphi Aerospace,US,Aerospace,USD,173178.38,2024-09-12,2024-10-27,2024-10-27,2024-10-27,Paid,45,early
AR-10614,Delphi Aerospace,US,Aerospace,USD,41273.22,2024-09-16,2024-10-31,2024-10-28,2024-10-28,Paid,45,early
AR-10615,Delphi Aerospace,US,Aerospace,USD,274982.72,2024-09-12,2024-10-27,2024-10-23,2024-10-23,Paid,45,early
AR-10616,Delphi Aerospace,US,Aerospace,USD,113783.78,2024-09-26,2024-11-10,2024-11-02,2024-11-02,Paid,45,early
AR-10617,Delphi Aerospace,US,Aerospace,USD,78110.9,2024-09-16,2024-10-31,2024-10-28,2024-10-28,Paid,45,early
AR-10618,Delphi Aerospace,US,Aerospace,USD,112771.43,2024-09-27,2024-11-11,2024-11-09,2024-11-09,Paid,45,early
AR-10619,Delphi Aerospace,US,Aerospace,USD,84865.18,2024-10-15,2024-11-29,2024-11-26,2024-11-26,Paid,45,early
AR-10620,Delphi Aerospace,US,Aerospace,USD,97748.86,2024-10-15,2024-11-29,2024-11-27,2024-11-27,Paid,45,early
AR-10621,Delphi Aerospace,US,Aerospace,USD,304247.22,2024-10-04,2024-11-18,2024-11-15,2024-11-15,Paid,45,early
AR-10622,Delphi Aerospace,US,Aerospace,USD,24904.07,2024-10-25,2024-12-09,2024-12-04,2024-12-04,Paid,45,early
AR-10623,Delphi Aerospace,US,Aerospace,USD,188962.71,2024-10-05,2024-11-19,2024-11-17,2024-11-17,Paid,45,early
AR-10624,Delphi Aerospace,US,Aerospace,USD,69420.15,2024-10-01,2024-11-15,2024-11-11,2024-11-11,Paid,45,early
AR-10625,Delphi Aerospace,US,Aerospace,USD,40984.79,2024-10-16,2024-11-30,2024-11-27,2024-11-27,Paid,45,early
AR-10626,Delphi Aerospace,US,Aerospace,USD,104758.07,2024-10-14,2024-11-28,2024-11-26,2024-11-26,Paid,45,early
AR-10627,Delphi Aerospace,US,Aerospace,USD,48161.91,2024-10-26,2024-12-10,2024-12-09,2024-12-09,Paid,45,early
AR-10628,Delphi Aerospace,US,Aerospace,USD,51268.25,2024-10-02,2024-11-16,2024-11-16,2024-11-16,Paid,45,early
AR-10629,Delphi Aerospace,US,Aerospace,USD,362192.88,2024-11-07,2024-12-22,2024-12-21,2024-12-21,Paid,45,early
AR-10630,Delphi Aerospace,US,Aerospace,USD,537131.52,2024-11-21,2025-01-05,2025-01-04,2025-01-04,Paid,45,early
AR-10631,Delphi Aerospace,US,Aerospace,USD,91382.42,2024-11-28,2025-01-12,2025-01-09,2025-01-09,Paid,45,early
AR-10632,Delphi Aerospace,US,Aerospace,USD,106969.81,2024-11-15,2024-12-30,2024-12-27,2024-12-27,Paid,45,early
AR-10633,Delphi Aerospace,US,Aerospace,USD,274486.39,2024-12-13,2025-01-27,2025-01-23,2025-01-23,Paid,45,early
AR-10634,Delphi Aerospace,US,Aerospace,USD,178463.63,2024-12-15,2025-01-29,2025-01-26,2025-01-26,Paid,45,early
AR-10635,Delphi Aerospace,US,Aerospace,USD,289072.9,2024-12-26,2025-02-09,2025-02-04,2025-02-04,Paid,45,early
AR-10636,Delphi Aerospace,US,Aerospace,USD,322929.69,2024-12-01,2025-01-15,2025-01-13,2025-01-13,Paid,45,early
AR-10637,Delphi Aerospace,US,Aerospace,USD,11054.48,2024-12-16,2025-01-30,2025-01-29,2025-01-29,Paid,45,early
AR-10638,Delphi Aerospace,US,Aerospace,USD,43284.27,2025-01-26,2025-03-12,2025-03-10,2025-03-10,Paid,45,early
AR-10639,Delphi Aerospace,US,Aerospace,USD,203553.54,2025-01-23,2025-03-09,2025-03-09,2025-03-09,Paid,45,early
AR-10640,Delphi Aerospace,US,Aerospace,USD,133119.62,2025-01-24,2025-03-10,2025-03-06,2025-03-06,Paid,45,early
AR-10641,Delphi Aerospace,US,Aerospace,USD,360701.93,2025-01-13,2025-02-27,2025-02-27,2025-02-27,Paid,45,early
AR-10642,Delphi Aerospace,US,Aerospace,USD,87808.92,2025-01-18,2025-03-04,2025-03-02,2025-03-02,Paid,45,early
AR-10643,Delphi Aerospace,US,Aerospace,USD,133516.71,2025-01-04,2025-02-18,2025-02-15,2025-02-15,Paid,45,early
AR-10644,Delphi Aerospace,US,Aerospace,USD,572728.74,2025-02-17,2025-04-03,2025-03-30,2025-03-30,Paid,45,early
AR-10645,Delphi Aerospace,US,Aerospace,USD,124381.14,2025-02-02,2025-03-19,2025-03-11,2025-03-11,Paid,45,early
AR-10646,Delphi Aerospace,US,Aerospace,USD,117566.96,2025-02-01,2025-03-18,2025-03-16,2025-03-16,Paid,45,early
AR-10647,Delphi Aerospace,US,Aerospace,USD,115920.65,2025-02-01,2025-03-18,2025-03-17,2025-03-17,Paid,45,early
AR-10648,Delphi Aerospace,US,Aerospace,USD,54972.26,2025-02-12,2025-03-29,2025-03-25,2025-03-25,Paid,45,early
AR-10649,Delphi Aerospace,US,Aerospace,USD,265939.15,2025-03-20,2025-05-04,2025-05-04,2025-05-04,Paid,45,early
AR-10650,Delphi Aerospace,US,Aerospace,USD,179097.26,2025-03-16,2025-04-30,2025-04-25,2025-04-25,Paid,45,early
AR-10651,Delphi Aerospace,US,Aerospace,USD,307686.88,2025-03-26,2025-05-10,2025-05-09,2025-05-09,Paid,45,early
AR-10652,Delphi Aerospace,US,Aerospace,USD,94869.97,2025-03-26,2025-05-10,2025-05-07,2025-05-07,Paid,45,early
AR-10653,Delphi Aerospace,US,Aerospace,USD,124080.64,2025-03-25,2025-05-09,2025-05-09,2025-05-09,Paid,45,early
AR-10654,Delphi Aerospace,US,Aerospace,USD,50686.4,2025-03-13,2025-04-27,2025-04-23,2025-04-23,Paid,45,early
AR-10655,Delphi Aerospace,US,Aerospace,USD,94457.3,2025-04-09,2025-05-24,2025-05-19,2025-05-19,Paid,45,early
AR-10656,Delphi Aerospace,US,Aerospace,USD,108301.12,2025-04-17,2025-06-01,2025-05-27,2025-05-27,Paid,45,early
AR-10657,Delphi Aerospace,US,Aerospace,USD,172543.06,2025-04-16,2025-05-31,2025-05-26,2025-05-26,Paid,45,early
AR-10658,Delphi Aerospace,US,Aerospace,USD,375289.47,2025-04-27,2025-06-11,2025-06-09,2025-06-09,Paid,45,early
AR-10659,Delphi Aerospace,US,Aerospace,USD,137313.71,2025-04-14,2025-05-29,2025-05-29,2025-05-29,Paid,45,early
AR-10660,Delphi Aerospace,US,Aerospace,USD,93947.48,2025-04-02,2025-05-17,2025-05-16,2025-05-16,Paid,45,early
AR-10661,Delphi Aerospace,US,Aerospace,USD,88308.63,2025-04-04,2025-05-19,2025-05-13,2025-05-13,Paid,45,early
AR-10662,Delphi Aerospace,US,Aerospace,USD,111130.09,2025-05-26,2025-07-10,2025-07-09,2025-07-09,Paid,45,early
AR-10663,Delphi Aerospace,US,Aerospace,USD,157986.17,2025-05-09,2025-06-23,2025-06-22,2025-06-22,Paid,45,early
AR-10664,Delphi Aerospace,US,Aerospace,USD,107631.47,2025-05-15,2025-06-29,2025-06-26,2025-06-26,Paid,45,early
AR-10665,Delphi Aerospace,US,Aerospace,USD,126974.13,2025-05-26,2025-07-10,2025-07-06,2025-07-06,Paid,45,early
AR-10666,Delphi Aerospace,US,Aerospace,USD,11771.22,2025-05-21,2025-07-05,2025-07-04,2025-07-04,Paid,45,early
AR-10667,Delphi Aerospace,US,Aerospace,USD,309868.12,2025-05-06,2025-06-20,2025-06-19,2025-06-19,Paid,45,early
AR-10668,Delphi Aerospace,US,Aerospace,USD,287368.83,2025-05-08,2025-06-22,2025-06-20,2025-06-20,Paid,45,early
AR-10669,Delphi Aerospace,US,Aerospace,USD,126147.62,2025-06-09,2025-07-24,2025-07-24,2025-07-24,Paid,45,early
AR-10670,Delphi Aerospace,US,Aerospace,USD,134860.5,2025-06-02,2025-07-17,2025-07-10,2025-07-10,Paid,45,early
AR-10671,Delphi Aerospace,US,Aerospace,USD,119746.71,2025-06-21,2025-08-05,2025-08-03,2025-08-03,Paid,45,early
AR-10672,Delphi Aerospace,US,Aerospace,USD,78092.83,2025-06-04,2025-07-19,2025-07-18,2025-07-18,Paid,45,early
AR-10673,Delphi Aerospace,US,Aerospace,USD,57627.47,2025-06-08,2025-07-23,2025-07-19,2025-07-19,Paid,45,early
AR-10674,Delphi Aerospace,US,Aerospace,USD,36581.41,2025-06-04,2025-07-19,2025-07-16,2025-07-16,Paid,45,early
AR-10675,Delphi Aerospace,US,Aerospace,USD,136153.14,2025-06-14,2025-07-29,2025-07-25,2025-07-25,Paid,45,early
AR-10676,Delphi Aerospace,US,Aerospace,USD,111683.24,2025-06-16,2025-07-31,2025-07-25,2025-07-25,Paid,45,early
AR-10677,Delphi Aerospace,US,Aerospace,USD,115725.35,2025-06-21,2025-08-05,2025-08-02,2025-08-02,Paid,45,early
AR-10678,Delphi Aerospace,US,Aerospace,USD,225065.17,2025-06-12,2025-07-27,2025-07-26,2025-07-26,Paid,45,early
AR-10679,Delphi Aerospace,US,Aerospace,USD,71220.01,2025-07-16,2025-08-30,2025-08-27,2025-08-27,Paid,45,early
AR-10680,Delphi Aerospace,US,Aerospace,USD,184983.79,2025-07-25,2025-09-08,2025-09-04,2025-09-04,Paid,45,early
AR-10681,Delphi Aerospace,US,Aerospace,USD,39188.78,2025-07-20,2025-09-03,2025-09-01,2025-09-01,Paid,45,early
AR-10682,Delphi Aerospace,US,Aerospace,USD,127801.45,2025-07-25,2025-09-08,2025-09-05,2025-09-05,Paid,45,early
AR-10683,Delphi Aerospace,US,Aerospace,USD,69056.63,2025-07-11,2025-08-25,2025-08-22,2025-08-22,Paid,45,early
AR-10684,Delphi Aerospace,US,Aerospace,USD,76488.83,2025-07-08,2025-08-22,2025-08-22,2025-08-22,Paid,45,early
AR-10685,Delphi Aerospace,US,Aerospace,USD,351691.1,2025-07-23,2025-09-06,2025-09-06,2025-09-06,Paid,45,early
AR-10686,Delphi Aerospace,US,Aerospace,USD,109862.17,2025-07-18,2025-09-01,2025-08-29,2025-08-29,Paid,45,early
AR-10687,Delphi Aerospace,US,Aerospace,USD,43153.26,2025-07-15,2025-08-29,2025-08-25,2025-08-25,Paid,45,early
AR-10688,Delphi Aerospace,US,Aerospace,USD,75239.79,2025-07-03,2025-08-17,2025-08-14,2025-08-14,Paid,45,early
AR-10689,Delphi Aerospace,US,Aerospace,USD,243807.99,2025-08-19,2025-10-03,2025-09-28,2025-09-28,Paid,45,early
AR-10690,Delphi Aerospace,US,Aerospace,USD,265382.59,2025-08-26,2025-10-10,2025-10-10,2025-10-10,Paid,45,early
AR-10691,Delphi Aerospace,US,Aerospace,USD,66083.68,2025-08-23,2025-10-07,2025-10-03,2025-10-03,Paid,45,early
AR-10692,Delphi Aerospace,US,Aerospace,USD,40574.93,2025-08-12,2025-09-26,2025-09-22,2025-09-22,Paid,45,early
AR-10693,Delphi Aerospace,US,Aerospace,USD,101775.28,2025-08-24,2025-10-08,2025-10-04,2025-10-04,Paid,45,early
AR-10694,Delphi Aerospace,US,Aerospace,USD,165987.48,2025-08-18,2025-10-02,2025-09-29,2025-09-29,Paid,45,early
AR-10695,Delphi Aerospace,US,Aerospace,USD,126291.09,2025-09-02,2025-10-17,2025-10-17,2025-10-17,Paid,45,early
AR-10696,Delphi Aerospace,US,Aerospace,USD,456547.0,2025-09-02,2025-10-17,2025-10-11,2025-10-11,Paid,45,early
AR-10697,Delphi Aerospace,US,Aerospace,USD,426379.42,2025-09-05,2025-10-20,2025-10-20,2025-10-20,Paid,45,early
AR-10698,Delphi Aerospace,US,Aerospace,USD,89687.03,2025-09-12,2025-10-27,2025-10-24,2025-10-24,Paid,45,early
AR-10699,Delphi Aerospace,US,Aerospace,USD,241989.35,2025-10-21,2025-12-05,2025-11-30,2025-11-30,Paid,45,early
AR-10700,Delphi Aerospace,US,Aerospace,USD,128614.12,2025-10-27,2025-12-11,2025-12-08,2025-12-08,Paid,45,early
AR-10701,Delphi Aerospace,US,Aerospace,USD,157430.21,2025-10-07,2025-11-21,2025-11-18,2025-11-18,Paid,45,early
AR-10702,Delphi Aerospace,US,Aerospace,USD,114077.52,2025-10-16,2025-11-30,2025-11-27,2025-11-27,Paid,45,early
AR-10703,Delphi Aerospace,US,Aerospace,USD,38116.11,2025-10-04,2025-11-18,2025-11-16,2025-11-16,Paid,45,early
AR-10704,Delphi Aerospace,US,Aerospace,USD,54203.29,2025-10-10,2025-11-24,2025-11-22,2025-11-22,Paid,45,early
AR-10705,Delphi Aerospace,US,Aerospace,USD,30801.78,2025-10-25,2025-12-09,2025-12-01,2025-12-01,Paid,45,early
AR-10706,Delphi Aerospace,US,Aerospace,USD,190585.0,2025-10-20,2025-12-04,2025-12-02,2025-12-02,Paid,45,early
AR-10707,Delphi Aerospace,US,Aerospace,USD,20297.02,2025-10-22,2025-12-06,2025-12-02,2025-12-02,Paid,45,early
AR-10708,Delphi Aerospace,US,Aerospace,USD,82566.61,2025-10-02,2025-11-16,2025-11-14,2025-11-14,Paid,45,early
AR-10709,Delphi Aerospace,US,Aerospace,USD,145474.35,2025-11-05,2025-12-20,2025-12-14,2025-12-14,Paid,45,early
AR-10710,Delphi Aerospace,US,Aerospace,USD,49778.88,2025-11-03,2025-12-18,2025-12-17,2025-12-17,Paid,45,early
AR-10711,Delphi Aerospace,US,Aerospace,USD,154382.71,2025-11-11,2025-12-26,2025-12-24,2025-12-24,Paid,45,early
AR-10712,Delphi Aerospace,US,Aerospace,USD,79757.81,2025-11-03,2025-12-18,2025-12-18,2025-12-18,Paid,45,early
AR-10713,Delphi Aerospace,US,Aerospace,USD,282523.58,2025-11-02,2025-12-17,2025-12-16,2025-12-16,Paid,45,early
AR-10714,Delphi Aerospace,US,Aerospace,USD,203844.9,2025-11-09,2025-12-24,2025-12-21,2025-12-21,Paid,45,early
AR-10715,Delphi Aerospace,US,Aerospace,USD,90553.27,2025-11-13,2025-12-28,2025-12-28,2025-12-28,Paid,45,early
AR-10716,Delphi Aerospace,US,Aerospace,USD,66719.42,2025-11-18,2026-01-02,2025-12-29,2025-12-29,Paid,45,early
AR-10717,Delphi Aerospace,US,Aerospace,USD,71024.83,2025-11-12,2025-12-27,2025-12-26,2025-12-26,Paid,45,early
AR-10718,Delphi Aerospace,US,Aerospace,USD,200071.92,2025-12-02,2026-01-16,2026-01-16,2026-01-16,Paid,45,early
AR-10719,Delphi Aerospace,US,Aerospace,USD,32607.29,2025-12-17,2026-01-31,2026-01-31,2026-01-31,Paid,45,early
AR-10720,Delphi Aerospace,US,Aerospace,USD,145595.57,2025-12-15,2026-01-29,2026-01-29,2026-01-29,Paid,45,early
AR-10721,Delphi Aerospace,US,Aerospace,USD,218007.02,2025-12-15,2026-01-29,2026-01-26,2026-01-26,Paid,45,early
AR-10722,Delphi Aerospace,US,Aerospace,USD,305561.53,2025-12-02,2026-01-16,2026-01-14,2026-01-14,Paid,45,early
AR-10723,Delphi Aerospace,US,Aerospace,USD,89600.29,2025-12-23,2026-02-06,2026-02-04,2026-02-04,Paid,45,early
AR-10724,Delphi Aerospace,US,Aerospace,USD,129191.09,2025-12-16,2026-01-30,2026-01-28,2026-01-28,Paid,45,early
AR-10725,Delphi Aerospace,US,Aerospace,USD,273793.53,2026-01-25,2026-03-11,2026-03-10,2026-03-10,Paid,45,early
AR-10726,Delphi Aerospace,US,Aerospace,USD,260563.83,2026-01-26,2026-03-12,2026-03-10,2026-03-10,Paid,45,early
AR-10727,Delphi Aerospace,US,Aerospace,USD,275160.06,2026-01-23,2026-03-09,2026-03-05,2026-03-05,Paid,45,early
AR-10728,Delphi Aerospace,US,Aerospace,USD,191770.47,2026-01-21,2026-03-07,2026-03-06,2026-03-06,Paid,45,early
AR-10729,Delphi Aerospace,US,Aerospace,USD,309042.1,2026-02-01,2026-03-18,2026-03-14,2026-03-14,Paid,45,early
AR-10730,Delphi Aerospace,US,Aerospace,USD,135009.75,2026-02-21,2026-04-07,2026-04-06,2026-04-06,Paid,45,early
AR-10731,Delphi Aerospace,US,Aerospace,USD,139580.46,2026-02-21,2026-04-07,2026-04-06,2026-04-06,Paid,45,early
AR-10732,Delphi Aerospace,US,Aerospace,USD,38663.68,2026-02-11,2026-03-28,2026-03-25,2026-03-25,Paid,45,early
AR-10733,Delphi Aerospace,US,Aerospace,USD,114617.0,2026-02-19,2026-04-05,2026-04-03,2026-04-03,Paid,45,early
AR-10734,Delphi Aerospace,US,Aerospace,USD,75690.17,2026-02-11,2026-03-28,2026-03-26,2026-03-26,Paid,45,early
AR-10735,Delphi Aerospace,US,Aerospace,USD,15637.87,2026-02-17,2026-04-03,2026-04-02,2026-04-02,Paid,45,early
AR-10736,Delphi Aerospace,US,Aerospace,USD,88351.78,2026-02-07,2026-03-24,2026-03-22,2026-03-22,Paid,45,early
AR-10737,Delphi Aerospace,US,Aerospace,USD,68790.77,2026-02-26,2026-04-12,2026-04-11,2026-04-11,Paid,45,early
AR-10738,Delphi Aerospace,US,Aerospace,USD,40316.0,2026-02-16,2026-04-02,2026-03-30,2026-03-30,Paid,45,early
AR-10739,Delphi Aerospace,US,Aerospace,USD,209718.11,2026-03-19,2026-05-03,2026-04-29,2026-04-29,Paid,45,early
AR-10740,Delphi Aerospace,US,Aerospace,USD,166684.38,2026-03-09,2026-04-23,2026-04-18,2026-04-18,Paid,45,early
AR-10741,Delphi Aerospace,US,Aerospace,USD,51487.32,2026-03-17,2026-05-01,2026-04-30,2026-04-30,Paid,45,early
AR-10742,Delphi Aerospace,US,Aerospace,USD,151031.19,2026-03-24,2026-05-08,2026-05-06,,Open,45,early
AR-10743,Delphi Aerospace,US,Aerospace,USD,81767.31,2026-03-07,2026-04-21,2026-04-21,2026-04-21,Paid,45,early
AR-10744,Delphi Aerospace,US,Aerospace,USD,198989.31,2026-03-27,2026-05-11,2026-05-11,,Open,45,early
AR-10745,Delphi Aerospace,US,Aerospace,USD,2523.28,2026-03-20,2026-05-04,2026-05-04,2026-05-04,Paid,45,early
AR-10746,Delphi Aerospace,US,Aerospace,USD,113027.17,2026-03-19,2026-05-03,2026-05-01,2026-05-01,Paid,45,early
AR-10747,Delphi Aerospace,US,Aerospace,USD,88619.32,2026-03-17,2026-05-01,2026-04-29,2026-04-29,Paid,45,early
AR-10748,Delphi Aerospace,US,Aerospace,USD,65054.52,2026-04-17,2026-06-01,2026-05-30,,Open,45,early
AR-10749,Delphi Aerospace,US,Aerospace,USD,4739.82,2026-04-27,2026-06-11,2026-06-04,,Open,45,early
AR-10750,Delphi Aerospace,US,Aerospace,USD,153207.26,2026-04-19,2026-06-03,2026-06-03,,Open,45,early
AR-10751,Delphi Aerospace,US,Aerospace,USD,84399.03,2026-04-21,2026-06-05,2026-06-01,,Open,45,early
AR-10752,Delphi Aerospace,US,Aerospace,USD,188075.61,2026-04-17,2026-06-01,2026-05-28,,Open,45,early
AR-10753,Delphi Aerospace,US,Aerospace,USD,276195.68,2026-04-27,2026-06-11,2026-06-10,,Open,45,early
AR-10754,Delphi Aerospace,US,Aerospace,USD,115414.59,2026-04-27,2026-06-11,2026-06-08,,Open,45,early
AR-10755,Delphi Aerospace,US,Aerospace,USD,17801.07,2026-04-22,2026-06-06,2026-06-03,,Open,45,early
AR-10756,Delphi Aerospace,US,Aerospace,USD,208553.65,2026-04-18,2026-06-02,2026-06-01,,Open,45,early
AR-10757,Delphi Aerospace,US,Aerospace,USD,422203.98,2026-05-27,2026-07-11,2026-07-07,,Open,45,early
AR-10758,Delphi Aerospace,US,Aerospace,USD,210841.08,2026-05-09,2026-06-23,2026-06-22,,Open,45,early
AR-10759,Delphi Aerospace,US,Aerospace,USD,359966.06,2026-05-20,2026-07-04,2026-07-01,,Open,45,early
AR-10760,Delphi Aerospace,US,Aerospace,USD,164569.82,2026-05-25,2026-07-09,2026-07-05,,Open,45,early
AR-10761,Delphi Aerospace,US,Aerospace,USD,60697.55,2026-06-19,2026-08-03,2026-07-30,,Open,45,early
AR-10762,Delphi Aerospace,US,Aerospace,USD,158692.78,2026-06-23,2026-08-07,2026-08-05,,Open,45,early
AR-10763,Delphi Aerospace,US,Aerospace,USD,70533.11,2026-06-02,2026-07-17,2026-07-15,,Open,45,early
AR-10764,Delphi Aerospace,US,Aerospace,USD,125020.17,2026-06-26,2026-08-10,2026-08-06,,Open,45,early
AR-10765,Delphi Aerospace,US,Aerospace,USD,329600.96,2026-06-19,2026-08-03,2026-08-02,,Open,45,early
AR-10766,Delphi Aerospace,US,Aerospace,USD,263533.85,2026-06-14,2026-07-29,2026-07-26,,Open,45,early
AR-10767,Delphi Aerospace,US,Aerospace,USD,179468.93,2026-06-06,2026-07-21,2026-07-18,,Open,45,early
AR-10768,Delphi Aerospace,US,Aerospace,USD,487961.99,2026-07-10,2026-08-24,2026-08-23,,Open,45,early
AR-10769,Delphi Aerospace,US,Aerospace,USD,112794.54,2026-07-09,2026-08-23,2026-08-19,,Open,45,early
AR-10770,Delphi Aerospace,US,Aerospace,USD,280985.71,2026-07-24,2026-09-07,2026-09-02,,Open,45,early
AR-10771,Delphi Aerospace,US,Aerospace,USD,117264.85,2026-07-06,2026-08-20,2026-08-16,,Open,45,early
AR-10772,Delphi Aerospace,US,Aerospace,USD,106614.89,2026-07-08,2026-08-22,2026-08-21,,Open,45,early
AR-10773,Delphi Aerospace,US,Aerospace,USD,89055.06,2026-07-16,2026-08-30,2026-08-25,,Open,45,early
AR-10774,Delphi Aerospace,US,Aerospace,USD,72393.13,2026-08-22,2026-10-06,2026-10-05,,Open,45,early
AR-10775,Delphi Aerospace,US,Aerospace,USD,188014.21,2026-08-03,2026-09-17,2026-09-13,,Open,45,early
AR-10776,Delphi Aerospace,US,Aerospace,USD,117558.25,2026-08-28,2026-10-12,2026-10-12,,Open,45,early
AR-10777,Delphi Aerospace,US,Aerospace,USD,99734.72,2026-08-20,2026-10-04,2026-10-01,,Open,45,early
AR-10778,Delphi Aerospace,US,Aerospace,USD,90718.08,2026-08-07,2026-09-21,2026-09-21,,Open,45,early
AR-10779,Delphi Aerospace,US,Aerospace,USD,87417.08,2026-08-24,2026-10-08,2026-10-08,,Open,45,early
AR-10780,Delphi Aerospace,US,Aerospace,USD,263037.01,2026-08-10,2026-09-24,2026-09-22,,Open,45,early
AR-10781,Eos Pharma,CH,Pharma,EUR,25522.13,2024-05-17,2024-06-16,2024-06-17,2024-06-17,Paid,30,ontime
AR-10782,Eos Pharma,CH,Pharma,EUR,70794.45,2024-05-20,2024-06-19,2024-06-23,2024-06-23,Paid,30,ontime
AR-10783,Eos Pharma,CH,Pharma,EUR,124637.97,2024-05-01,2024-05-31,2024-06-06,2024-06-06,Paid,30,ontime
AR-10784,Eos Pharma,CH,Pharma,EUR,63336.76,2024-05-07,2024-06-06,2024-06-03,2024-06-03,Paid,30,ontime
AR-10785,Eos Pharma,CH,Pharma,EUR,50094.61,2024-06-23,2024-07-23,2024-07-30,2024-07-30,Paid,30,ontime
AR-10786,Eos Pharma,CH,Pharma,EUR,105026.55,2024-06-28,2024-07-28,2024-07-29,2024-07-29,Paid,30,ontime
AR-10787,Eos Pharma,CH,Pharma,EUR,32860.7,2024-06-24,2024-07-24,2024-07-25,2024-07-25,Paid,30,ontime
AR-10788,Eos Pharma,CH,Pharma,EUR,98407.02,2024-06-27,2024-07-27,2024-07-30,2024-07-30,Paid,30,ontime
AR-10789,Eos Pharma,CH,Pharma,EUR,5170.85,2024-06-26,2024-07-26,2024-07-23,2024-07-23,Paid,30,ontime
AR-10790,Eos Pharma,CH,Pharma,EUR,16870.91,2024-07-27,2024-08-26,2024-08-27,2024-08-27,Paid,30,ontime
AR-10791,Eos Pharma,CH,Pharma,EUR,13979.4,2024-07-27,2024-08-26,2024-08-26,2024-08-26,Paid,30,ontime
AR-10792,Eos Pharma,CH,Pharma,EUR,50469.58,2024-07-01,2024-07-31,2024-08-09,2024-08-09,Paid,30,ontime
AR-10793,Eos Pharma,CH,Pharma,EUR,30925.65,2024-07-28,2024-08-27,2024-08-31,2024-08-31,Paid,30,ontime
AR-10794,Eos Pharma,CH,Pharma,EUR,10611.29,2024-07-07,2024-08-06,2024-08-09,2024-08-09,Paid,30,ontime
AR-10795,Eos Pharma,CH,Pharma,EUR,45341.07,2024-07-20,2024-08-19,2024-08-22,2024-08-22,Paid,30,ontime
AR-10796,Eos Pharma,CH,Pharma,EUR,29868.69,2024-07-03,2024-08-02,2024-08-02,2024-08-02,Paid,30,ontime
AR-10797,Eos Pharma,CH,Pharma,EUR,20651.05,2024-07-12,2024-08-11,2024-08-11,2024-08-11,Paid,30,ontime
AR-10798,Eos Pharma,CH,Pharma,EUR,40354.69,2024-07-10,2024-08-09,2024-08-09,2024-08-09,Paid,30,ontime
AR-10799,Eos Pharma,CH,Pharma,EUR,34125.44,2024-07-28,2024-08-27,2024-08-27,2024-08-27,Paid,30,ontime
AR-10800,Eos Pharma,CH,Pharma,EUR,26973.42,2024-08-22,2024-09-21,2024-09-18,2024-09-18,Paid,30,ontime
AR-10801,Eos Pharma,CH,Pharma,EUR,35928.1,2024-08-27,2024-09-26,2024-09-26,2024-09-26,Paid,30,ontime
AR-10802,Eos Pharma,CH,Pharma,EUR,17436.88,2024-08-27,2024-09-26,2024-09-29,2024-09-29,Paid,30,ontime
AR-10803,Eos Pharma,CH,Pharma,EUR,1807.83,2024-08-06,2024-09-05,2024-09-06,2024-09-06,Paid,30,ontime
AR-10804,Eos Pharma,CH,Pharma,EUR,53826.17,2024-08-06,2024-09-05,2024-09-02,2024-09-02,Paid,30,ontime
AR-10805,Eos Pharma,CH,Pharma,EUR,44656.24,2024-08-21,2024-09-20,2024-09-23,2024-09-23,Paid,30,ontime
AR-10806,Eos Pharma,CH,Pharma,EUR,30062.38,2024-08-21,2024-09-20,2024-09-17,2024-09-17,Paid,30,ontime
AR-10807,Eos Pharma,CH,Pharma,EUR,11086.7,2024-08-24,2024-09-23,2024-09-20,2024-09-20,Paid,30,ontime
AR-10808,Eos Pharma,CH,Pharma,EUR,3652.81,2024-08-16,2024-09-15,2024-09-14,2024-09-14,Paid,30,ontime
AR-10809,Eos Pharma,CH,Pharma,EUR,99705.07,2024-09-08,2024-10-08,2024-10-09,2024-10-09,Paid,30,ontime
AR-10810,Eos Pharma,CH,Pharma,EUR,66209.27,2024-09-16,2024-10-16,2024-10-14,2024-10-14,Paid,30,ontime
AR-10811,Eos Pharma,CH,Pharma,EUR,57024.96,2024-09-06,2024-10-06,2024-10-03,2024-10-03,Paid,30,ontime
AR-10812,Eos Pharma,CH,Pharma,EUR,57339.42,2024-09-27,2024-10-27,2024-10-29,2024-10-29,Paid,30,ontime
AR-10813,Eos Pharma,CH,Pharma,EUR,45583.98,2024-10-26,2024-11-25,2024-11-29,2024-11-29,Paid,30,ontime
AR-10814,Eos Pharma,CH,Pharma,EUR,65868.25,2024-10-22,2024-11-21,2024-11-23,2024-11-23,Paid,30,ontime
AR-10815,Eos Pharma,CH,Pharma,EUR,12552.09,2024-10-05,2024-11-04,2024-11-06,2024-11-06,Paid,30,ontime
AR-10816,Eos Pharma,CH,Pharma,EUR,7047.18,2024-10-20,2024-11-19,2024-11-19,2024-11-19,Paid,30,ontime
AR-10817,Eos Pharma,CH,Pharma,EUR,37036.08,2024-10-01,2024-10-31,2024-10-31,2024-10-31,Paid,30,ontime
AR-10818,Eos Pharma,CH,Pharma,EUR,27766.9,2024-10-21,2024-11-20,2024-11-20,2024-11-20,Paid,30,ontime
AR-10819,Eos Pharma,CH,Pharma,EUR,25972.44,2024-10-20,2024-11-19,2024-11-21,2024-11-21,Paid,30,ontime
AR-10820,Eos Pharma,CH,Pharma,EUR,48205.3,2024-10-24,2024-11-23,2024-11-26,2024-11-26,Paid,30,ontime
AR-10821,Eos Pharma,CH,Pharma,EUR,19988.07,2024-11-17,2024-12-17,2024-12-21,2024-12-21,Paid,30,ontime
AR-10822,Eos Pharma,CH,Pharma,EUR,33426.35,2024-11-26,2024-12-26,2024-12-28,2024-12-28,Paid,30,ontime
AR-10823,Eos Pharma,CH,Pharma,EUR,17026.69,2024-11-04,2024-12-04,2024-12-02,2024-12-02,Paid,30,ontime
AR-10824,Eos Pharma,CH,Pharma,EUR,17554.07,2024-11-20,2024-12-20,2024-12-22,2024-12-22,Paid,30,ontime
AR-10825,Eos Pharma,CH,Pharma,EUR,34396.79,2024-11-28,2024-12-28,2024-12-28,2024-12-28,Paid,30,ontime
AR-10826,Eos Pharma,CH,Pharma,EUR,57177.95,2024-11-13,2024-12-13,2024-12-12,2024-12-12,Paid,30,ontime
AR-10827,Eos Pharma,CH,Pharma,EUR,55864.78,2024-11-16,2024-12-16,2024-12-16,2024-12-16,Paid,30,ontime
AR-10828,Eos Pharma,CH,Pharma,EUR,29866.39,2024-11-22,2024-12-22,2024-12-25,2024-12-25,Paid,30,ontime
AR-10829,Eos Pharma,CH,Pharma,EUR,26634.17,2024-11-16,2024-12-16,2024-12-13,2024-12-13,Paid,30,ontime
AR-10830,Eos Pharma,CH,Pharma,EUR,23198.62,2024-12-18,2025-01-17,2025-01-17,2025-01-17,Paid,30,ontime
AR-10831,Eos Pharma,CH,Pharma,EUR,57153.19,2024-12-22,2025-01-21,2025-01-20,2025-01-20,Paid,30,ontime
AR-10832,Eos Pharma,CH,Pharma,EUR,93082.35,2024-12-12,2025-01-11,2025-01-10,2025-01-10,Paid,30,ontime
AR-10833,Eos Pharma,CH,Pharma,EUR,80008.43,2024-12-07,2025-01-06,2025-01-06,2025-01-06,Paid,30,ontime
AR-10834,Eos Pharma,CH,Pharma,EUR,32729.51,2024-12-28,2025-01-27,2025-01-25,2025-01-25,Paid,30,ontime
AR-10835,Eos Pharma,CH,Pharma,EUR,34288.75,2025-01-05,2025-02-04,2025-02-06,2025-02-06,Paid,30,ontime
AR-10836,Eos Pharma,CH,Pharma,EUR,15294.99,2025-01-01,2025-01-31,2025-02-02,2025-02-02,Paid,30,ontime
AR-10837,Eos Pharma,CH,Pharma,EUR,40666.48,2025-01-04,2025-02-03,2025-02-03,2025-02-03,Paid,30,ontime
AR-10838,Eos Pharma,CH,Pharma,EUR,34663.08,2025-01-25,2025-02-24,2025-02-24,2025-02-24,Paid,30,ontime
AR-10839,Eos Pharma,CH,Pharma,EUR,18551.04,2025-01-18,2025-02-17,2025-02-16,2025-02-16,Paid,30,ontime
AR-10840,Eos Pharma,CH,Pharma,EUR,21877.94,2025-01-24,2025-02-23,2025-02-26,2025-02-26,Paid,30,ontime
AR-10841,Eos Pharma,CH,Pharma,EUR,24552.64,2025-01-10,2025-02-09,2025-02-09,2025-02-09,Paid,30,ontime
AR-10842,Eos Pharma,CH,Pharma,EUR,581.97,2025-01-18,2025-02-17,2025-02-17,2025-02-17,Paid,30,ontime
AR-10843,Eos Pharma,CH,Pharma,EUR,18873.52,2025-01-18,2025-02-17,2025-02-18,2025-02-18,Paid,30,ontime
AR-10844,Eos Pharma,CH,Pharma,EUR,46496.65,2025-01-16,2025-02-15,2025-02-15,2025-02-15,Paid,30,ontime
AR-10845,Eos Pharma,CH,Pharma,EUR,11363.06,2025-02-13,2025-03-15,2025-03-16,2025-03-16,Paid,30,ontime
AR-10846,Eos Pharma,CH,Pharma,EUR,90246.36,2025-02-09,2025-03-11,2025-03-12,2025-03-12,Paid,30,ontime
AR-10847,Eos Pharma,CH,Pharma,EUR,18586.14,2025-02-03,2025-03-05,2025-03-05,2025-03-05,Paid,30,ontime
AR-10848,Eos Pharma,CH,Pharma,EUR,54456.87,2025-02-18,2025-03-20,2025-03-23,2025-03-23,Paid,30,ontime
AR-10849,Eos Pharma,CH,Pharma,EUR,9536.92,2025-02-25,2025-03-27,2025-03-27,2025-03-27,Paid,30,ontime
AR-10850,Eos Pharma,CH,Pharma,EUR,77930.27,2025-02-09,2025-03-11,2025-03-09,2025-03-09,Paid,30,ontime
AR-10851,Eos Pharma,CH,Pharma,EUR,60811.94,2025-03-28,2025-04-27,2025-04-29,2025-04-29,Paid,30,ontime
AR-10852,Eos Pharma,CH,Pharma,EUR,44632.39,2025-03-26,2025-04-25,2025-04-24,2025-04-24,Paid,30,ontime
AR-10853,Eos Pharma,CH,Pharma,EUR,35307.19,2025-03-02,2025-04-01,2025-04-04,2025-04-04,Paid,30,ontime
AR-10854,Eos Pharma,CH,Pharma,EUR,16756.36,2025-03-26,2025-04-25,2025-04-27,2025-04-27,Paid,30,ontime
AR-10855,Eos Pharma,CH,Pharma,EUR,2400.83,2025-03-20,2025-04-19,2025-04-17,2025-04-17,Paid,30,ontime
AR-10856,Eos Pharma,CH,Pharma,EUR,19145.03,2025-03-14,2025-04-13,2025-04-10,2025-04-10,Paid,30,ontime
AR-10857,Eos Pharma,CH,Pharma,EUR,55553.04,2025-03-18,2025-04-17,2025-04-20,2025-04-20,Paid,30,ontime
AR-10858,Eos Pharma,CH,Pharma,EUR,37297.54,2025-03-11,2025-04-10,2025-04-09,2025-04-09,Paid,30,ontime
AR-10859,Eos Pharma,CH,Pharma,EUR,66259.17,2025-04-07,2025-05-07,2025-05-07,2025-05-07,Paid,30,ontime
AR-10860,Eos Pharma,CH,Pharma,EUR,24565.92,2025-04-05,2025-05-05,2025-05-07,2025-05-07,Paid,30,ontime
AR-10861,Eos Pharma,CH,Pharma,EUR,61926.35,2025-04-19,2025-05-19,2025-05-17,2025-05-17,Paid,30,ontime
AR-10862,Eos Pharma,CH,Pharma,EUR,10320.67,2025-04-08,2025-05-08,2025-05-08,2025-05-08,Paid,30,ontime
AR-10863,Eos Pharma,CH,Pharma,EUR,121545.13,2025-04-05,2025-05-05,2025-05-04,2025-05-04,Paid,30,ontime
AR-10864,Eos Pharma,CH,Pharma,EUR,79521.65,2025-05-16,2025-06-15,2025-06-15,2025-06-15,Paid,30,ontime
AR-10865,Eos Pharma,CH,Pharma,EUR,132810.62,2025-05-13,2025-06-12,2025-06-12,2025-06-12,Paid,30,ontime
AR-10866,Eos Pharma,CH,Pharma,EUR,62417.77,2025-05-01,2025-05-31,2025-06-01,2025-06-01,Paid,30,ontime
AR-10867,Eos Pharma,CH,Pharma,EUR,21188.79,2025-05-17,2025-06-16,2025-06-19,2025-06-19,Paid,30,ontime
AR-10868,Eos Pharma,CH,Pharma,EUR,28910.16,2025-06-20,2025-07-20,2025-07-23,2025-07-23,Paid,30,ontime
AR-10869,Eos Pharma,CH,Pharma,EUR,45870.09,2025-06-19,2025-07-19,2025-07-19,2025-07-19,Paid,30,ontime
AR-10870,Eos Pharma,CH,Pharma,EUR,68695.15,2025-06-26,2025-07-26,2025-07-28,2025-07-28,Paid,30,ontime
AR-10871,Eos Pharma,CH,Pharma,EUR,42836.23,2025-06-10,2025-07-10,2025-07-07,2025-07-07,Paid,30,ontime
AR-10872,Eos Pharma,CH,Pharma,EUR,17029.66,2025-06-24,2025-07-24,2025-07-24,2025-07-24,Paid,30,ontime
AR-10873,Eos Pharma,CH,Pharma,EUR,30094.16,2025-06-17,2025-07-17,2025-07-20,2025-07-20,Paid,30,ontime
AR-10874,Eos Pharma,CH,Pharma,EUR,39812.05,2025-06-19,2025-07-19,2025-07-21,2025-07-21,Paid,30,ontime
AR-10875,Eos Pharma,CH,Pharma,EUR,7505.78,2025-06-11,2025-07-11,2025-07-09,2025-07-09,Paid,30,ontime
AR-10876,Eos Pharma,CH,Pharma,EUR,22885.93,2025-06-25,2025-07-25,2025-07-28,2025-07-28,Paid,30,ontime
AR-10877,Eos Pharma,CH,Pharma,EUR,96134.83,2025-07-15,2025-08-14,2025-08-16,2025-08-16,Paid,30,ontime
AR-10878,Eos Pharma,CH,Pharma,EUR,26504.65,2025-07-28,2025-08-27,2025-08-26,2025-08-26,Paid,30,ontime
AR-10879,Eos Pharma,CH,Pharma,EUR,49126.45,2025-07-19,2025-08-18,2025-08-18,2025-08-18,Paid,30,ontime
AR-10880,Eos Pharma,CH,Pharma,EUR,15238.68,2025-07-02,2025-08-01,2025-08-01,2025-08-01,Paid,30,ontime
AR-10881,Eos Pharma,CH,Pharma,EUR,39130.62,2025-07-03,2025-08-02,2025-08-06,2025-08-06,Paid,30,ontime
AR-10882,Eos Pharma,CH,Pharma,EUR,79366.31,2025-07-26,2025-08-25,2025-08-27,2025-08-27,Paid,30,ontime
AR-10883,Eos Pharma,CH,Pharma,EUR,86689.91,2025-08-28,2025-09-27,2025-09-25,2025-09-25,Paid,30,ontime
AR-10884,Eos Pharma,CH,Pharma,EUR,64465.05,2025-08-13,2025-09-12,2025-09-16,2025-09-16,Paid,30,ontime
AR-10885,Eos Pharma,CH,Pharma,EUR,45022.96,2025-08-26,2025-09-25,2025-09-29,2025-09-29,Paid,30,ontime
AR-10886,Eos Pharma,CH,Pharma,EUR,38825.26,2025-08-20,2025-09-19,2025-09-21,2025-09-21,Paid,30,ontime
AR-10887,Eos Pharma,CH,Pharma,EUR,18993.18,2025-09-28,2025-10-28,2025-10-29,2025-10-29,Paid,30,ontime
AR-10888,Eos Pharma,CH,Pharma,EUR,40571.74,2025-09-25,2025-10-25,2025-11-04,2025-11-04,Paid,30,ontime
AR-10889,Eos Pharma,CH,Pharma,EUR,39093.34,2025-09-02,2025-10-02,2025-10-03,2025-10-03,Paid,30,ontime
AR-10890,Eos Pharma,CH,Pharma,EUR,126794.45,2025-09-26,2025-10-26,2025-10-26,2025-10-26,Paid,30,ontime
AR-10891,Eos Pharma,CH,Pharma,EUR,66809.14,2025-09-05,2025-10-05,2025-10-08,2025-10-08,Paid,30,ontime
AR-10892,Eos Pharma,CH,Pharma,EUR,49177.78,2025-10-15,2025-11-14,2025-11-15,2025-11-15,Paid,30,ontime
AR-10893,Eos Pharma,CH,Pharma,EUR,91240.56,2025-10-20,2025-11-19,2025-11-18,2025-11-18,Paid,30,ontime
AR-10894,Eos Pharma,CH,Pharma,EUR,32952.61,2025-10-05,2025-11-04,2025-11-09,2025-11-09,Paid,30,ontime
AR-10895,Eos Pharma,CH,Pharma,EUR,12623.38,2025-10-08,2025-11-07,2025-11-07,2025-11-07,Paid,30,ontime
AR-10896,Eos Pharma,CH,Pharma,EUR,45882.6,2025-10-24,2025-11-23,2025-11-29,2025-11-29,Paid,30,ontime
AR-10897,Eos Pharma,CH,Pharma,EUR,16360.72,2025-10-18,2025-11-17,2025-11-24,2025-11-24,Paid,30,ontime
AR-10898,Eos Pharma,CH,Pharma,EUR,33326.45,2025-10-20,2025-11-19,2025-11-23,2025-11-23,Paid,30,ontime
AR-10899,Eos Pharma,CH,Pharma,EUR,23214.04,2025-11-23,2025-12-23,2025-12-20,2025-12-20,Paid,30,ontime
AR-10900,Eos Pharma,CH,Pharma,EUR,31111.66,2025-11-21,2025-12-21,2025-12-22,2025-12-22,Paid,30,ontime
AR-10901,Eos Pharma,CH,Pharma,EUR,32687.79,2025-11-25,2025-12-25,2025-12-24,2025-12-24,Paid,30,ontime
AR-10902,Eos Pharma,CH,Pharma,EUR,39285.05,2025-11-21,2025-12-21,2025-12-22,2025-12-22,Paid,30,ontime
AR-10903,Eos Pharma,CH,Pharma,EUR,31009.29,2025-11-17,2025-12-17,2025-12-20,2025-12-20,Paid,30,ontime
AR-10904,Eos Pharma,CH,Pharma,EUR,22881.19,2025-11-26,2025-12-26,2025-12-23,2025-12-23,Paid,30,ontime
AR-10905,Eos Pharma,CH,Pharma,EUR,19019.1,2025-11-19,2025-12-19,2025-12-22,2025-12-22,Paid,30,ontime
AR-10906,Eos Pharma,CH,Pharma,EUR,19351.2,2025-11-21,2025-12-21,2025-12-18,2025-12-18,Paid,30,ontime
AR-10907,Eos Pharma,CH,Pharma,EUR,65368.55,2025-11-23,2025-12-23,2025-12-22,2025-12-22,Paid,30,ontime
AR-10908,Eos Pharma,CH,Pharma,EUR,20343.34,2025-11-14,2025-12-14,2025-12-15,2025-12-15,Paid,30,ontime
AR-10909,Eos Pharma,CH,Pharma,EUR,26357.1,2025-12-10,2026-01-09,2026-01-09,2026-01-09,Paid,30,ontime
AR-10910,Eos Pharma,CH,Pharma,EUR,231149.74,2025-12-24,2026-01-23,2026-01-23,2026-01-23,Paid,30,ontime
AR-10911,Eos Pharma,CH,Pharma,EUR,36037.27,2025-12-26,2026-01-25,2026-01-26,2026-01-26,Paid,30,ontime
AR-10912,Eos Pharma,CH,Pharma,EUR,4497.04,2025-12-17,2026-01-16,2026-01-16,2026-01-16,Paid,30,ontime
AR-10913,Eos Pharma,CH,Pharma,EUR,68620.21,2026-01-25,2026-02-24,2026-02-26,2026-02-26,Paid,30,ontime
AR-10914,Eos Pharma,CH,Pharma,EUR,63205.22,2026-01-06,2026-02-05,2026-02-04,2026-02-04,Paid,30,ontime
AR-10915,Eos Pharma,CH,Pharma,EUR,50818.52,2026-01-03,2026-02-02,2026-01-30,2026-01-30,Paid,30,ontime
AR-10916,Eos Pharma,CH,Pharma,EUR,36942.17,2026-01-23,2026-02-22,2026-02-22,2026-02-22,Paid,30,ontime
AR-10917,Eos Pharma,CH,Pharma,EUR,46713.85,2026-01-01,2026-01-31,2026-01-29,2026-01-29,Paid,30,ontime
AR-10918,Eos Pharma,CH,Pharma,EUR,147573.51,2026-02-16,2026-03-18,2026-03-16,2026-03-16,Paid,30,ontime
AR-10919,Eos Pharma,CH,Pharma,EUR,26594.77,2026-02-24,2026-03-26,2026-03-29,2026-03-29,Paid,30,ontime
AR-10920,Eos Pharma,CH,Pharma,EUR,64318.6,2026-02-18,2026-03-20,2026-03-20,2026-03-20,Paid,30,ontime
AR-10921,Eos Pharma,CH,Pharma,EUR,34305.56,2026-02-14,2026-03-16,2026-03-19,2026-03-19,Paid,30,ontime
AR-10922,Eos Pharma,CH,Pharma,EUR,19811.73,2026-03-18,2026-04-17,2026-04-17,2026-04-17,Paid,30,ontime
AR-10923,Eos Pharma,CH,Pharma,EUR,12900.85,2026-03-20,2026-04-19,2026-04-18,2026-04-18,Paid,30,ontime
AR-10924,Eos Pharma,CH,Pharma,EUR,56711.61,2026-03-15,2026-04-14,2026-04-19,2026-04-19,Paid,30,ontime
AR-10925,Eos Pharma,CH,Pharma,EUR,55761.06,2026-03-06,2026-04-05,2026-04-08,2026-04-08,Paid,30,ontime
AR-10926,Eos Pharma,CH,Pharma,EUR,55400.08,2026-03-23,2026-04-22,2026-04-23,2026-04-23,Paid,30,ontime
AR-10927,Eos Pharma,CH,Pharma,EUR,60289.43,2026-03-28,2026-04-27,2026-05-01,2026-05-01,Paid,30,ontime
AR-10928,Eos Pharma,CH,Pharma,EUR,22063.36,2026-03-24,2026-04-23,2026-04-24,2026-04-24,Paid,30,ontime
AR-10929,Eos Pharma,CH,Pharma,EUR,29738.9,2026-04-26,2026-05-26,2026-05-26,,Open,30,ontime
AR-10930,Eos Pharma,CH,Pharma,EUR,36580.8,2026-04-17,2026-05-17,2026-05-14,,Open,30,ontime
AR-10931,Eos Pharma,CH,Pharma,EUR,25777.25,2026-04-17,2026-05-17,2026-05-18,,Open,30,ontime
AR-10932,Eos Pharma,CH,Pharma,EUR,46149.42,2026-04-22,2026-05-22,2026-05-26,,Open,30,ontime
AR-10933,Eos Pharma,CH,Pharma,EUR,24817.3,2026-04-14,2026-05-14,2026-05-12,,Open,30,ontime
AR-10934,Eos Pharma,CH,Pharma,EUR,59971.53,2026-04-13,2026-05-13,2026-05-14,,Open,30,ontime
AR-10935,Eos Pharma,CH,Pharma,EUR,17168.83,2026-04-02,2026-05-02,2026-05-05,2026-05-05,Paid,30,ontime
AR-10936,Eos Pharma,CH,Pharma,EUR,21447.72,2026-04-17,2026-05-17,2026-05-14,,Open,30,ontime
AR-10937,Eos Pharma,CH,Pharma,EUR,34476.24,2026-04-07,2026-05-07,2026-05-07,,Open,30,ontime
AR-10938,Eos Pharma,CH,Pharma,EUR,11177.78,2026-05-03,2026-06-02,2026-05-30,,Open,30,ontime
AR-10939,Eos Pharma,CH,Pharma,EUR,13584.13,2026-05-28,2026-06-27,2026-06-27,,Open,30,ontime
AR-10940,Eos Pharma,CH,Pharma,EUR,47397.92,2026-05-24,2026-06-23,2026-06-26,,Open,30,ontime
AR-10941,Eos Pharma,CH,Pharma,EUR,48164.45,2026-05-21,2026-06-20,2026-06-21,,Open,30,ontime
AR-10942,Eos Pharma,CH,Pharma,EUR,60354.98,2026-05-08,2026-06-07,2026-06-07,,Open,30,ontime
AR-10943,Eos Pharma,CH,Pharma,EUR,11515.52,2026-05-08,2026-06-07,2026-06-07,,Open,30,ontime
AR-10944,Eos Pharma,CH,Pharma,EUR,34354.09,2026-05-07,2026-06-06,2026-06-06,,Open,30,ontime
AR-10945,Eos Pharma,CH,Pharma,EUR,12462.34,2026-05-05,2026-06-04,2026-06-05,,Open,30,ontime
AR-10946,Eos Pharma,CH,Pharma,EUR,68856.06,2026-05-02,2026-06-01,2026-05-30,,Open,30,ontime
AR-10947,Eos Pharma,CH,Pharma,EUR,3751.07,2026-06-18,2026-07-18,2026-07-19,,Open,30,ontime
AR-10948,Eos Pharma,CH,Pharma,EUR,27239.49,2026-06-09,2026-07-09,2026-07-11,,Open,30,ontime
AR-10949,Eos Pharma,CH,Pharma,EUR,10879.32,2026-06-20,2026-07-20,2026-07-20,,Open,30,ontime
AR-10950,Eos Pharma,CH,Pharma,EUR,14484.74,2026-06-14,2026-07-14,2026-07-14,,Open,30,ontime
AR-10951,Eos Pharma,CH,Pharma,EUR,53890.42,2026-06-23,2026-07-23,2026-07-22,,Open,30,ontime
AR-10952,Eos Pharma,CH,Pharma,EUR,6751.36,2026-06-15,2026-07-15,2026-07-19,,Open,30,ontime
AR-10953,Eos Pharma,CH,Pharma,EUR,26140.63,2026-06-28,2026-07-28,2026-07-25,,Open,30,ontime
AR-10954,Eos Pharma,CH,Pharma,EUR,54698.01,2026-06-21,2026-07-21,2026-07-21,,Open,30,ontime
AR-10955,Eos Pharma,CH,Pharma,EUR,52885.0,2026-06-22,2026-07-22,2026-07-26,,Open,30,ontime
AR-10956,Eos Pharma,CH,Pharma,EUR,65117.02,2026-06-03,2026-07-03,2026-07-03,,Open,30,ontime
AR-10957,Eos Pharma,CH,Pharma,EUR,11662.73,2026-07-12,2026-08-11,2026-08-09,,Open,30,ontime
AR-10958,Eos Pharma,CH,Pharma,EUR,31341.39,2026-07-28,2026-08-27,2026-08-30,,Open,30,ontime
AR-10959,Eos Pharma,CH,Pharma,EUR,79372.46,2026-07-01,2026-07-31,2026-07-31,,Open,30,ontime
AR-10960,Eos Pharma,CH,Pharma,EUR,96328.87,2026-07-08,2026-08-07,2026-08-09,,Open,30,ontime
AR-10961,Eos Pharma,CH,Pharma,EUR,99027.81,2026-07-13,2026-08-12,2026-08-17,,Open,30,ontime
AR-10962,Eos Pharma,CH,Pharma,EUR,73105.55,2026-08-14,2026-09-13,2026-09-17,,Open,30,ontime
AR-10963,Eos Pharma,CH,Pharma,EUR,20034.26,2026-08-24,2026-09-23,2026-09-23,,Open,30,ontime
AR-10964,Eos Pharma,CH,Pharma,EUR,48611.2,2026-08-16,2026-09-15,2026-09-15,,Open,30,ontime
AR-10965,Eos Pharma,CH,Pharma,EUR,45658.18,2026-08-08,2026-09-07,2026-09-08,,Open,30,ontime
AR-10966,Eos Pharma,CH,Pharma,EUR,35983.66,2026-08-14,2026-09-13,2026-09-13,,Open,30,ontime
AR-10967,Eos Pharma,CH,Pharma,EUR,20988.13,2026-08-06,2026-09-05,2026-09-06,,Open,30,ontime
AR-10968,Forge Manufacturing,IT,Industrial,EUR,264611.03,2024-05-07,2024-07-06,2024-07-12,2024-07-12,Paid,60,late
AR-10969,Forge Manufacturing,IT,Industrial,EUR,73773.71,2024-05-22,2024-07-21,2024-07-22,2024-07-22,Paid,60,late
AR-10970,Forge Manufacturing,IT,Industrial,EUR,21767.4,2024-05-04,2024-07-03,2024-07-12,2024-07-12,Paid,60,late
AR-10971,Forge Manufacturing,IT,Industrial,EUR,2564.18,2024-05-03,2024-07-02,2024-07-14,2024-07-14,Paid,60,late
AR-10972,Forge Manufacturing,IT,Industrial,EUR,59384.09,2024-05-13,2024-07-12,2024-07-26,2024-07-26,Paid,60,late
AR-10973,Forge Manufacturing,IT,Industrial,EUR,146482.2,2024-05-23,2024-07-22,2024-08-07,2024-08-07,Paid,60,late
AR-10974,Forge Manufacturing,IT,Industrial,EUR,74596.52,2024-06-28,2024-08-27,2024-09-08,2024-09-08,Paid,60,late
AR-10975,Forge Manufacturing,IT,Industrial,EUR,73329.27,2024-06-27,2024-08-26,2024-09-03,2024-09-03,Paid,60,late
AR-10976,Forge Manufacturing,IT,Industrial,EUR,87138.48,2024-06-01,2024-07-31,2024-08-21,2024-08-21,Paid,60,late
AR-10977,Forge Manufacturing,IT,Industrial,EUR,41334.21,2024-06-20,2024-08-19,2024-08-28,2024-08-28,Paid,60,late
AR-10978,Forge Manufacturing,IT,Industrial,EUR,25805.83,2024-06-23,2024-08-22,2024-09-03,2024-09-03,Paid,60,late
AR-10979,Forge Manufacturing,IT,Industrial,EUR,36705.37,2024-06-08,2024-08-07,2024-08-24,2024-08-24,Paid,60,late
AR-10980,Forge Manufacturing,IT,Industrial,EUR,244209.76,2024-06-25,2024-08-24,2024-09-06,2024-09-06,Paid,60,late
AR-10981,Forge Manufacturing,IT,Industrial,EUR,61146.78,2024-07-17,2024-09-15,2024-09-15,2024-09-15,Paid,60,late
AR-10982,Forge Manufacturing,IT,Industrial,EUR,113464.48,2024-07-23,2024-09-21,2024-09-28,2024-09-28,Paid,60,late
AR-10983,Forge Manufacturing,IT,Industrial,EUR,80539.51,2024-07-28,2024-09-26,2024-10-06,2024-10-06,Paid,60,late
AR-10984,Forge Manufacturing,IT,Industrial,EUR,97276.4,2024-07-27,2024-09-25,2024-10-07,2024-10-07,Paid,60,late
AR-10985,Forge Manufacturing,IT,Industrial,EUR,47702.24,2024-07-18,2024-09-16,2024-09-22,2024-09-22,Paid,60,late
AR-10986,Forge Manufacturing,IT,Industrial,EUR,39514.63,2024-07-06,2024-09-04,2024-09-16,2024-09-16,Paid,60,late
AR-10987,Forge Manufacturing,IT,Industrial,EUR,129437.24,2024-07-06,2024-09-04,2024-09-16,2024-09-16,Paid,60,late
AR-10988,Forge Manufacturing,IT,Industrial,EUR,17314.28,2024-07-26,2024-09-24,2024-10-02,2024-10-02,Paid,60,late
AR-10989,Forge Manufacturing,IT,Industrial,EUR,71565.33,2024-08-09,2024-10-08,2024-10-22,2024-10-22,Paid,60,late
AR-10990,Forge Manufacturing,IT,Industrial,EUR,27132.51,2024-08-08,2024-10-07,2024-10-21,2024-10-21,Paid,60,late
AR-10991,Forge Manufacturing,IT,Industrial,EUR,11585.28,2024-08-27,2024-10-26,2024-10-27,2024-10-27,Paid,60,late
AR-10992,Forge Manufacturing,IT,Industrial,EUR,46861.21,2024-08-05,2024-10-04,2024-10-15,2024-10-15,Paid,60,late
AR-10993,Forge Manufacturing,IT,Industrial,EUR,37383.59,2024-08-18,2024-10-17,2024-10-17,2024-10-17,Paid,60,late
AR-10994,Forge Manufacturing,IT,Industrial,EUR,26033.9,2024-08-12,2024-10-11,2024-10-15,2024-10-15,Paid,60,late
AR-10995,Forge Manufacturing,IT,Industrial,EUR,19133.25,2024-08-02,2024-10-01,2024-10-08,2024-10-08,Paid,60,late
AR-10996,Forge Manufacturing,IT,Industrial,EUR,69338.82,2024-08-24,2024-10-23,2024-10-27,2024-10-27,Paid,60,late
AR-10997,Forge Manufacturing,IT,Industrial,EUR,102015.13,2024-08-07,2024-10-06,2024-10-14,2024-10-14,Paid,60,late
AR-10998,Forge Manufacturing,IT,Industrial,EUR,39812.05,2024-08-27,2024-10-26,2024-11-01,2024-11-01,Paid,60,late
AR-10999,Forge Manufacturing,IT,Industrial,EUR,71489.51,2024-09-21,2024-11-20,2024-12-03,2024-12-03,Paid,60,late
AR-11000,Forge Manufacturing,IT,Industrial,EUR,56184.4,2024-09-19,2024-11-18,2024-11-28,2024-11-28,Paid,60,late
AR-11001,Forge Manufacturing,IT,Industrial,EUR,75630.47,2024-09-16,2024-11-15,2024-11-22,2024-11-22,Paid,60,late
AR-11002,Forge Manufacturing,IT,Industrial,EUR,60415.74,2024-09-08,2024-11-07,2024-11-14,2024-11-14,Paid,60,late
AR-11003,Forge Manufacturing,IT,Industrial,EUR,34914.5,2024-09-11,2024-11-10,2024-11-10,2024-11-10,Paid,60,late
AR-11004,Forge Manufacturing,IT,Industrial,EUR,10266.6,2024-09-07,2024-11-06,2024-11-10,2024-11-10,Paid,60,late
AR-11005,Forge Manufacturing,IT,Industrial,EUR,100303.66,2024-09-13,2024-11-12,2024-11-15,2024-11-15,Paid,60,late
AR-11006,Forge Manufacturing,IT,Industrial,EUR,73140.54,2024-09-10,2024-11-09,2024-11-10,2024-11-10,Paid,60,late
AR-11007,Forge Manufacturing,IT,Industrial,EUR,78212.03,2024-09-17,2024-11-16,2024-11-28,2024-11-28,Paid,60,late
AR-11008,Forge Manufacturing,IT,Industrial,EUR,114804.38,2024-10-01,2024-11-30,2024-12-06,2024-12-06,Paid,60,late
AR-11009,Forge Manufacturing,IT,Industrial,EUR,53008.28,2024-10-12,2024-12-11,2024-12-21,2024-12-21,Paid,60,late
AR-11010,Forge Manufacturing,IT,Industrial,EUR,87978.39,2024-10-02,2024-12-01,2024-12-14,2024-12-14,Paid,60,late
AR-11011,Forge Manufacturing,IT,Industrial,EUR,60435.05,2024-10-07,2024-12-06,2024-12-09,2024-12-09,Paid,60,late
AR-11012,Forge Manufacturing,IT,Industrial,EUR,17801.8,2024-10-02,2024-12-01,2024-12-05,2024-12-05,Paid,60,late
AR-11013,Forge Manufacturing,IT,Industrial,EUR,114032.89,2024-10-16,2024-12-15,2024-12-26,2024-12-26,Paid,60,late
AR-11014,Forge Manufacturing,IT,Industrial,EUR,92003.69,2024-10-21,2024-12-20,2024-12-29,2024-12-29,Paid,60,late
AR-11015,Forge Manufacturing,IT,Industrial,EUR,73991.9,2024-11-07,2025-01-06,2025-01-16,2025-01-16,Paid,60,late
AR-11016,Forge Manufacturing,IT,Industrial,EUR,112428.59,2024-11-09,2025-01-08,2025-01-16,2025-01-16,Paid,60,late
AR-11017,Forge Manufacturing,IT,Industrial,EUR,69012.9,2024-11-19,2025-01-18,2025-01-20,2025-01-20,Paid,60,late
AR-11018,Forge Manufacturing,IT,Industrial,EUR,76969.87,2024-11-06,2025-01-05,2025-01-11,2025-01-11,Paid,60,late
AR-11019,Forge Manufacturing,IT,Industrial,EUR,52363.59,2024-11-01,2024-12-31,2025-01-01,2025-01-01,Paid,60,late
AR-11020,Forge Manufacturing,IT,Industrial,EUR,97343.21,2024-11-01,2024-12-31,2025-01-23,2025-01-23,Paid,60,late
AR-11021,Forge Manufacturing,IT,Industrial,EUR,101760.5,2024-11-20,2025-01-19,2025-01-30,2025-01-30,Paid,60,late
AR-11022,Forge Manufacturing,IT,Industrial,EUR,175622.05,2024-12-05,2025-02-03,2025-02-18,2025-02-18,Paid,60,late
AR-11023,Forge Manufacturing,IT,Industrial,EUR,196614.59,2024-12-07,2025-02-05,2025-02-08,2025-02-08,Paid,60,late
AR-11024,Forge Manufacturing,IT,Industrial,EUR,51792.73,2024-12-20,2025-02-18,2025-02-18,2025-02-18,Paid,60,late
AR-11025,Forge Manufacturing,IT,Industrial,EUR,35718.41,2024-12-17,2025-02-15,2025-02-21,2025-02-21,Paid,60,late
AR-11026,Forge Manufacturing,IT,Industrial,EUR,71435.15,2024-12-21,2025-02-19,2025-02-26,2025-02-26,Paid,60,late
AR-11027,Forge Manufacturing,IT,Industrial,EUR,41161.27,2024-12-08,2025-02-06,2025-02-10,2025-02-10,Paid,60,late
AR-11028,Forge Manufacturing,IT,Industrial,EUR,87829.74,2025-01-03,2025-03-04,2025-03-08,2025-03-08,Paid,60,late
AR-11029,Forge Manufacturing,IT,Industrial,EUR,139341.55,2025-01-28,2025-03-29,2025-04-03,2025-04-03,Paid,60,late
AR-11030,Forge Manufacturing,IT,Industrial,EUR,69277.45,2025-01-12,2025-03-13,2025-03-21,2025-03-21,Paid,60,late
AR-11031,Forge Manufacturing,IT,Industrial,EUR,114842.95,2025-01-17,2025-03-18,2025-03-30,2025-03-30,Paid,60,late
AR-11032,Forge Manufacturing,IT,Industrial,EUR,16986.94,2025-01-21,2025-03-22,2025-03-22,2025-03-22,Paid,60,late
AR-11033,Forge Manufacturing,IT,Industrial,EUR,83415.51,2025-01-11,2025-03-12,2025-03-27,2025-03-27,Paid,60,late
AR-11034,Forge Manufacturing,IT,Industrial,EUR,56919.1,2025-02-13,2025-04-14,2025-04-22,2025-04-22,Paid,60,late
AR-11035,Forge Manufacturing,IT,Industrial,EUR,150307.72,2025-02-18,2025-04-19,2025-04-24,2025-04-24,Paid,60,late
AR-11036,Forge Manufacturing,IT,Industrial,EUR,124690.67,2025-02-22,2025-04-23,2025-05-06,2025-05-06,Paid,60,late
AR-11037,Forge Manufacturing,IT,Industrial,EUR,192321.74,2025-02-15,2025-04-16,2025-05-04,2025-05-04,Paid,60,late
AR-11038,Forge Manufacturing,IT,Industrial,EUR,61427.2,2025-03-07,2025-05-06,2025-05-10,2025-05-10,Paid,60,late
AR-11039,Forge Manufacturing,IT,Industrial,EUR,43974.23,2025-03-11,2025-05-10,2025-05-19,2025-05-19,Paid,60,late
AR-11040,Forge Manufacturing,IT,Industrial,EUR,172826.13,2025-03-13,2025-05-12,2025-05-27,2025-05-27,Paid,60,late
AR-11041,Forge Manufacturing,IT,Industrial,EUR,176512.89,2025-03-18,2025-05-17,2025-06-07,2025-06-07,Paid,60,late
AR-11042,Forge Manufacturing,IT,Industrial,EUR,89068.22,2025-03-09,2025-05-08,2025-05-10,2025-05-10,Paid,60,late
AR-11043,Forge Manufacturing,IT,Industrial,EUR,225014.48,2025-04-07,2025-06-06,2025-06-17,2025-06-17,Paid,60,late
AR-11044,Forge Manufacturing,IT,Industrial,EUR,62737.04,2025-04-15,2025-06-14,2025-06-19,2025-06-19,Paid,60,late
AR-11045,Forge Manufacturing,IT,Industrial,EUR,63231.29,2025-04-24,2025-06-23,2025-07-05,2025-07-05,Paid,60,late
AR-11046,Forge Manufacturing,IT,Industrial,EUR,116775.0,2025-04-02,2025-06-01,2025-06-06,2025-06-06,Paid,60,late
AR-11047,Forge Manufacturing,IT,Industrial,EUR,101476.64,2025-04-26,2025-06-25,2025-06-25,2025-06-25,Paid,60,late
AR-11048,Forge Manufacturing,IT,Industrial,EUR,32178.96,2025-05-16,2025-07-15,2025-07-26,2025-07-26,Paid,60,late
AR-11049,Forge Manufacturing,IT,Industrial,EUR,47126.06,2025-05-11,2025-07-10,2025-07-15,2025-07-15,Paid,60,late
AR-11050,Forge Manufacturing,IT,Industrial,EUR,7701.65,2025-05-19,2025-07-18,2025-07-26,2025-07-26,Paid,60,late
AR-11051,Forge Manufacturing,IT,Industrial,EUR,34322.11,2025-05-17,2025-07-16,2025-07-21,2025-07-21,Paid,60,late
AR-11052,Forge Manufacturing,IT,Industrial,EUR,33797.99,2025-05-26,2025-07-25,2025-07-25,2025-07-25,Paid,60,late
AR-11053,Forge Manufacturing,IT,Industrial,EUR,144341.3,2025-05-11,2025-07-10,2025-07-13,2025-07-13,Paid,60,late
AR-11054,Forge Manufacturing,IT,Industrial,EUR,48693.99,2025-05-03,2025-07-02,2025-07-14,2025-07-14,Paid,60,late
AR-11055,Forge Manufacturing,IT,Industrial,EUR,30526.04,2025-05-10,2025-07-09,2025-07-10,2025-07-10,Paid,60,late
AR-11056,Forge Manufacturing,IT,Industrial,EUR,85454.73,2025-05-26,2025-07-25,2025-07-25,2025-07-25,Paid,60,late
AR-11057,Forge Manufacturing,IT,Industrial,EUR,127734.82,2025-05-26,2025-07-25,2025-08-10,2025-08-10,Paid,60,late
AR-11058,Forge Manufacturing,IT,Industrial,EUR,125380.13,2025-06-09,2025-08-08,2025-08-08,2025-08-08,Paid,60,late
AR-11059,Forge Manufacturing,IT,Industrial,EUR,13901.65,2025-06-10,2025-08-09,2025-08-15,2025-08-15,Paid,60,late
AR-11060,Forge Manufacturing,IT,Industrial,EUR,59515.87,2025-06-11,2025-08-10,2025-08-11,2025-08-11,Paid,60,late
AR-11061,Forge Manufacturing,IT,Industrial,EUR,286111.37,2025-06-16,2025-08-15,2025-08-27,2025-08-27,Paid,60,late
AR-11062,Forge Manufacturing,IT,Industrial,EUR,122369.4,2025-06-05,2025-08-04,2025-08-17,2025-08-17,Paid,60,late
AR-11063,Forge Manufacturing,IT,Industrial,EUR,65726.15,2025-07-09,2025-09-07,2025-09-10,2025-09-10,Paid,60,late
AR-11064,Forge Manufacturing,IT,Industrial,EUR,185113.87,2025-07-23,2025-09-21,2025-10-06,2025-10-06,Paid,60,late
AR-11065,Forge Manufacturing,IT,Industrial,EUR,13870.78,2025-07-23,2025-09-21,2025-09-27,2025-09-27,Paid,60,late
AR-11066,Forge Manufacturing,IT,Industrial,EUR,48268.11,2025-07-02,2025-08-31,2025-09-03,2025-09-03,Paid,60,late
AR-11067,Forge Manufacturing,IT,Industrial,EUR,138259.17,2025-07-06,2025-09-04,2025-09-09,2025-09-09,Paid,60,late
AR-11068,Forge Manufacturing,IT,Industrial,EUR,23100.52,2025-07-05,2025-09-03,2025-09-16,2025-09-16,Paid,60,late
AR-11069,Forge Manufacturing,IT,Industrial,EUR,38399.25,2025-07-26,2025-09-24,2025-09-27,2025-09-27,Paid,60,late
AR-11070,Forge Manufacturing,IT,Industrial,EUR,63586.44,2025-07-14,2025-09-12,2025-10-04,2025-10-04,Paid,60,late
AR-11071,Forge Manufacturing,IT,Industrial,EUR,23563.73,2025-07-08,2025-09-06,2025-09-16,2025-09-16,Paid,60,late
AR-11072,Forge Manufacturing,IT,Industrial,EUR,11115.06,2025-07-26,2025-09-24,2025-10-02,2025-10-02,Paid,60,late
AR-11073,Forge Manufacturing,IT,Industrial,EUR,10555.16,2025-08-10,2025-10-09,2025-10-19,2025-10-19,Paid,60,late
AR-11074,Forge Manufacturing,IT,Industrial,EUR,60046.65,2025-08-22,2025-10-21,2025-10-22,2025-10-22,Paid,60,late
AR-11075,Forge Manufacturing,IT,Industrial,EUR,24047.36,2025-08-28,2025-10-27,2025-11-09,2025-11-09,Paid,60,late
AR-11076,Forge Manufacturing,IT,Industrial,EUR,89340.83,2025-08-23,2025-10-22,2025-10-26,2025-10-26,Paid,60,late
AR-11077,Forge Manufacturing,IT,Industrial,EUR,72070.2,2025-08-17,2025-10-16,2025-10-22,2025-10-22,Paid,60,late
AR-11078,Forge Manufacturing,IT,Industrial,EUR,114722.1,2025-08-02,2025-10-01,2025-10-07,2025-10-07,Paid,60,late
AR-11079,Forge Manufacturing,IT,Industrial,EUR,99224.07,2025-08-27,2025-10-26,2025-10-26,2025-10-26,Paid,60,late
AR-11080,Forge Manufacturing,IT,Industrial,EUR,58090.32,2025-09-16,2025-11-15,2025-11-17,2025-11-17,Paid,60,late
AR-11081,Forge Manufacturing,IT,Industrial,EUR,111983.74,2025-09-16,2025-11-15,2025-12-03,2025-12-03,Paid,60,late
AR-11082,Forge Manufacturing,IT,Industrial,EUR,54148.42,2025-09-18,2025-11-17,2025-11-25,2025-11-25,Paid,60,late
AR-11083,Forge Manufacturing,IT,Industrial,EUR,34097.25,2025-09-08,2025-11-07,2025-11-09,2025-11-09,Paid,60,late
AR-11084,Forge Manufacturing,IT,Industrial,EUR,50088.75,2025-09-10,2025-11-09,2025-11-25,2025-11-25,Paid,60,late
AR-11085,Forge Manufacturing,IT,Industrial,EUR,27208.42,2025-09-21,2025-11-20,2025-11-20,2025-11-20,Paid,60,late
AR-11086,Forge Manufacturing,IT,Industrial,EUR,70937.9,2025-09-11,2025-11-10,2025-11-15,2025-11-15,Paid,60,late
AR-11087,Forge Manufacturing,IT,Industrial,EUR,71740.69,2025-09-04,2025-11-03,2025-11-03,2025-11-03,Paid,60,late
AR-11088,Forge Manufacturing,IT,Industrial,EUR,23394.22,2025-09-06,2025-11-05,2025-11-19,2025-11-19,Paid,60,late
AR-11089,Forge Manufacturing,IT,Industrial,EUR,82833.98,2025-09-25,2025-11-24,2025-11-24,2025-11-24,Paid,60,late
AR-11090,Forge Manufacturing,IT,Industrial,EUR,68147.98,2025-10-13,2025-12-12,2025-12-14,2025-12-14,Paid,60,late
AR-11091,Forge Manufacturing,IT,Industrial,EUR,134565.99,2025-10-02,2025-12-01,2025-12-16,2025-12-16,Paid,60,late
AR-11092,Forge Manufacturing,IT,Industrial,EUR,121661.92,2025-10-08,2025-12-07,2025-12-13,2025-12-13,Paid,60,late
AR-11093,Forge Manufacturing,IT,Industrial,EUR,57230.14,2025-10-06,2025-12-05,2025-12-05,2025-12-05,Paid,60,late
AR-11094,Forge Manufacturing,IT,Industrial,EUR,145651.86,2025-10-22,2025-12-21,2025-12-24,2025-12-24,Paid,60,late
AR-11095,Forge Manufacturing,IT,Industrial,EUR,35870.32,2025-10-09,2025-12-08,2025-12-21,2025-12-21,Paid,60,late
AR-11096,Forge Manufacturing,IT,Industrial,EUR,168344.18,2025-11-03,2026-01-02,2026-01-17,2026-01-17,Paid,60,late
AR-11097,Forge Manufacturing,IT,Industrial,EUR,111941.48,2025-11-14,2026-01-13,2026-01-20,2026-01-20,Paid,60,late
AR-11098,Forge Manufacturing,IT,Industrial,EUR,120005.93,2025-11-02,2026-01-01,2026-01-02,2026-01-02,Paid,60,late
AR-11099,Forge Manufacturing,IT,Industrial,EUR,208250.82,2025-11-08,2026-01-07,2026-01-14,2026-01-14,Paid,60,late
AR-11100,Forge Manufacturing,IT,Industrial,EUR,91986.48,2025-12-09,2026-02-07,2026-02-09,2026-02-09,Paid,60,late
AR-11101,Forge Manufacturing,IT,Industrial,EUR,210165.9,2025-12-21,2026-02-19,2026-02-28,2026-02-28,Paid,60,late
AR-11102,Forge Manufacturing,IT,Industrial,EUR,107560.24,2025-12-14,2026-02-12,2026-02-23,2026-02-23,Paid,60,late
AR-11103,Forge Manufacturing,IT,Industrial,EUR,163011.43,2025-12-11,2026-02-09,2026-02-21,2026-02-21,Paid,60,late
AR-11104,Forge Manufacturing,IT,Industrial,EUR,23358.24,2025-12-12,2026-02-10,2026-02-24,2026-02-24,Paid,60,late
AR-11105,Forge Manufacturing,IT,Industrial,EUR,61446.73,2026-01-10,2026-03-11,2026-03-17,2026-03-17,Paid,60,late
AR-11106,Forge Manufacturing,IT,Industrial,EUR,33915.46,2026-01-22,2026-03-23,2026-04-04,2026-04-04,Paid,60,late
AR-11107,Forge Manufacturing,IT,Industrial,EUR,131797.88,2026-01-14,2026-03-15,2026-03-15,2026-03-15,Paid,60,late
AR-11108,Forge Manufacturing,IT,Industrial,EUR,81994.2,2026-01-16,2026-03-17,2026-03-25,2026-03-25,Paid,60,late
AR-11109,Forge Manufacturing,IT,Industrial,EUR,92101.49,2026-01-17,2026-03-18,2026-03-22,2026-03-22,Paid,60,late
AR-11110,Forge Manufacturing,IT,Industrial,EUR,75667.76,2026-01-24,2026-03-25,2026-03-30,2026-03-30,Paid,60,late
AR-11111,Forge Manufacturing,IT,Industrial,EUR,33468.99,2026-01-27,2026-03-28,2026-04-01,2026-04-01,Paid,60,late
AR-11112,Forge Manufacturing,IT,Industrial,EUR,17786.76,2026-01-15,2026-03-16,2026-03-16,2026-03-16,Paid,60,late
AR-11113,Forge Manufacturing,IT,Industrial,EUR,4420.67,2026-01-03,2026-03-04,2026-03-04,2026-03-04,Paid,60,late
AR-11114,Forge Manufacturing,IT,Industrial,EUR,36278.41,2026-02-20,2026-04-21,2026-04-29,2026-04-29,Paid,60,late
AR-11115,Forge Manufacturing,IT,Industrial,EUR,114386.93,2026-02-14,2026-04-15,2026-04-18,2026-04-18,Paid,60,late
AR-11116,Forge Manufacturing,IT,Industrial,EUR,57607.67,2026-02-24,2026-04-25,2026-04-30,2026-04-30,Paid,60,late
AR-11117,Forge Manufacturing,IT,Industrial,EUR,55621.68,2026-02-25,2026-04-26,2026-05-08,,Open,60,late
AR-11118,Forge Manufacturing,IT,Industrial,EUR,59882.3,2026-02-20,2026-04-21,2026-04-29,2026-04-29,Paid,60,late
AR-11119,Forge Manufacturing,IT,Industrial,EUR,74062.55,2026-02-08,2026-04-09,2026-04-09,2026-04-09,Paid,60,late
AR-11120,Forge Manufacturing,IT,Industrial,EUR,38615.11,2026-02-25,2026-04-26,2026-05-05,2026-05-05,Paid,60,late
AR-11121,Forge Manufacturing,IT,Industrial,EUR,109130.23,2026-02-23,2026-04-24,2026-05-03,2026-05-03,Paid,60,late
AR-11122,Forge Manufacturing,IT,Industrial,EUR,27485.19,2026-03-03,2026-05-02,2026-05-03,2026-05-03,Paid,60,late
AR-11123,Forge Manufacturing,IT,Industrial,EUR,2951.42,2026-03-09,2026-05-08,2026-05-20,,Open,60,late
AR-11124,Forge Manufacturing,IT,Industrial,EUR,59284.77,2026-03-26,2026-05-25,2026-06-04,,Open,60,late
AR-11125,Forge Manufacturing,IT,Industrial,EUR,63546.5,2026-03-23,2026-05-22,2026-05-23,,Open,60,late
AR-11126,Forge Manufacturing,IT,Industrial,EUR,112263.05,2026-03-23,2026-05-22,2026-05-28,,Open,60,late
AR-11127,Forge Manufacturing,IT,Industrial,EUR,86285.96,2026-03-04,2026-05-03,2026-05-13,,Open,60,late
AR-11128,Forge Manufacturing,IT,Industrial,EUR,102620.68,2026-03-01,2026-04-30,2026-05-12,,Open,60,late
AR-11129,Forge Manufacturing,IT,Industrial,EUR,111438.71,2026-03-13,2026-05-12,2026-05-17,,Open,60,late
AR-11130,Forge Manufacturing,IT,Industrial,EUR,22457.65,2026-04-01,2026-05-31,2026-06-03,,Open,60,late
AR-11131,Forge Manufacturing,IT,Industrial,EUR,36222.04,2026-04-17,2026-06-16,2026-06-30,,Open,60,late
AR-11132,Forge Manufacturing,IT,Industrial,EUR,50366.58,2026-04-05,2026-06-04,2026-06-11,,Open,60,late
AR-11133,Forge Manufacturing,IT,Industrial,EUR,16176.7,2026-04-09,2026-06-08,2026-06-15,,Open,60,late
AR-11134,Forge Manufacturing,IT,Industrial,EUR,10250.14,2026-04-22,2026-06-21,2026-07-03,,Open,60,late
AR-11135,Forge Manufacturing,IT,Industrial,EUR,136136.34,2026-04-18,2026-06-17,2026-06-24,,Open,60,late
AR-11136,Forge Manufacturing,IT,Industrial,EUR,108521.47,2026-04-14,2026-06-13,2026-06-26,,Open,60,late
AR-11137,Forge Manufacturing,IT,Industrial,EUR,105173.44,2026-04-01,2026-05-31,2026-06-02,,Open,60,late
AR-11138,Forge Manufacturing,IT,Industrial,EUR,12235.34,2026-04-15,2026-06-14,2026-06-14,,Open,60,late
AR-11139,Forge Manufacturing,IT,Industrial,EUR,94716.26,2026-04-26,2026-06-25,2026-06-29,,Open,60,late
AR-11140,Forge Manufacturing,IT,Industrial,EUR,16980.19,2026-05-23,2026-07-22,2026-08-11,,Open,60,late
AR-11141,Forge Manufacturing,IT,Industrial,EUR,68871.62,2026-05-20,2026-07-19,2026-07-23,,Open,60,late
AR-11142,Forge Manufacturing,IT,Industrial,EUR,105139.01,2026-05-28,2026-07-27,2026-07-27,,Open,60,late
AR-11143,Forge Manufacturing,IT,Industrial,EUR,65963.51,2026-05-19,2026-07-18,2026-07-18,,Open,60,late
AR-11144,Forge Manufacturing,IT,Industrial,EUR,35063.0,2026-05-09,2026-07-08,2026-07-21,,Open,60,late
AR-11145,Forge Manufacturing,IT,Industrial,EUR,98449.09,2026-05-27,2026-07-26,2026-07-29,,Open,60,late
AR-11146,Forge Manufacturing,IT,Industrial,EUR,48777.96,2026-05-12,2026-07-11,2026-07-21,,Open,60,late
AR-11147,Forge Manufacturing,IT,Industrial,EUR,176490.16,2026-05-10,2026-07-09,2026-07-23,,Open,60,late
AR-11148,Forge Manufacturing,IT,Industrial,EUR,201962.17,2026-06-05,2026-08-04,2026-08-13,,Open,60,late
AR-11149,Forge Manufacturing,IT,Industrial,EUR,141727.53,2026-06-28,2026-08-27,2026-09-01,,Open,60,late
AR-11150,Forge Manufacturing,IT,Industrial,EUR,18771.14,2026-06-23,2026-08-22,2026-09-05,,Open,60,late
AR-11151,Forge Manufacturing,IT,Industrial,EUR,130965.64,2026-06-26,2026-08-25,2026-09-02,,Open,60,late
AR-11152,Forge Manufacturing,IT,Industrial,EUR,138247.64,2026-06-26,2026-08-25,2026-08-28,,Open,60,late
AR-11153,Forge Manufacturing,IT,Industrial,EUR,106872.83,2026-07-11,2026-09-09,2026-09-17,,Open,60,late
AR-11154,Forge Manufacturing,IT,Industrial,EUR,161235.82,2026-07-25,2026-09-23,2026-10-06,,Open,60,late
AR-11155,Forge Manufacturing,IT,Industrial,EUR,60825.14,2026-07-03,2026-09-01,2026-09-13,,Open,60,late
AR-11156,Forge Manufacturing,IT,Industrial,EUR,306532.73,2026-07-01,2026-08-30,2026-09-22,,Open,60,late
AR-11157,Forge Manufacturing,IT,Industrial,EUR,24537.33,2026-08-22,2026-10-21,2026-10-30,,Open,60,late
AR-11158,Forge Manufacturing,IT,Industrial,EUR,117089.85,2026-08-19,2026-10-18,2026-11-02,,Open,60,late
AR-11159,Forge Manufacturing,IT,Industrial,EUR,108076.28,2026-08-11,2026-10-10,2026-10-24,,Open,60,late
AR-11160,Forge Manufacturing,IT,Industrial,EUR,146980.5,2026-08-09,2026-10-08,2026-10-10,,Open,60,late
AR-11161,Forge Manufacturing,IT,Industrial,EUR,92078.0,2026-08-05,2026-10-04,2026-10-10,,Open,60,late
AR-11162,Gaia Renewables,ES,Energy,EUR,110469.8,2024-05-15,2024-06-29,2024-06-29,2024-06-29,Paid,45,ontime
AR-11163,Gaia Renewables,ES,Energy,EUR,25029.63,2024-05-06,2024-06-20,2024-06-20,2024-06-20,Paid,45,ontime
AR-11164,Gaia Renewables,ES,Energy,EUR,44567.37,2024-05-26,2024-07-10,2024-07-13,2024-07-13,Paid,45,ontime
AR-11165,Gaia Renewables,ES,Energy,EUR,10471.66,2024-05-16,2024-06-30,2024-07-03,2024-07-03,Paid,45,ontime
AR-11166,Gaia Renewables,ES,Energy,EUR,72656.1,2024-05-07,2024-06-21,2024-06-21,2024-06-21,Paid,45,ontime
AR-11167,Gaia Renewables,ES,Energy,EUR,73743.28,2024-05-05,2024-06-19,2024-06-21,2024-06-21,Paid,45,ontime
AR-11168,Gaia Renewables,ES,Energy,EUR,9164.21,2024-06-23,2024-08-07,2024-08-08,2024-08-08,Paid,45,ontime
AR-11169,Gaia Renewables,ES,Energy,EUR,42899.2,2024-06-06,2024-07-21,2024-07-18,2024-07-18,Paid,45,ontime
AR-11170,Gaia Renewables,ES,Energy,EUR,43111.72,2024-06-09,2024-07-24,2024-07-28,2024-07-28,Paid,45,ontime
AR-11171,Gaia Renewables,ES,Energy,EUR,75053.22,2024-06-25,2024-08-09,2024-08-16,2024-08-16,Paid,45,ontime
AR-11172,Gaia Renewables,ES,Energy,EUR,36000.69,2024-06-17,2024-08-01,2024-08-01,2024-08-01,Paid,45,ontime
AR-11173,Gaia Renewables,ES,Energy,EUR,139323.23,2024-06-22,2024-08-06,2024-08-05,2024-08-05,Paid,45,ontime
AR-11174,Gaia Renewables,ES,Energy,EUR,45315.95,2024-07-27,2024-09-10,2024-09-11,2024-09-11,Paid,45,ontime
AR-11175,Gaia Renewables,ES,Energy,EUR,50520.21,2024-07-07,2024-08-21,2024-08-21,2024-08-21,Paid,45,ontime
AR-11176,Gaia Renewables,ES,Energy,EUR,5648.27,2024-07-24,2024-09-07,2024-09-08,2024-09-08,Paid,45,ontime
AR-11177,Gaia Renewables,ES,Energy,EUR,76680.72,2024-07-04,2024-08-18,2024-08-20,2024-08-20,Paid,45,ontime
AR-11178,Gaia Renewables,ES,Energy,EUR,67932.08,2024-07-10,2024-08-24,2024-08-24,2024-08-24,Paid,45,ontime
AR-11179,Gaia Renewables,ES,Energy,EUR,93533.51,2024-07-27,2024-09-10,2024-09-10,2024-09-10,Paid,45,ontime
AR-11180,Gaia Renewables,ES,Energy,EUR,7862.92,2024-07-15,2024-08-29,2024-08-30,2024-08-30,Paid,45,ontime
AR-11181,Gaia Renewables,ES,Energy,EUR,32037.19,2024-08-07,2024-09-21,2024-09-21,2024-09-21,Paid,45,ontime
AR-11182,Gaia Renewables,ES,Energy,EUR,137958.59,2024-08-10,2024-09-24,2024-09-28,2024-09-28,Paid,45,ontime
AR-11183,Gaia Renewables,ES,Energy,EUR,31645.09,2024-08-21,2024-10-05,2024-10-05,2024-10-05,Paid,45,ontime
AR-11184,Gaia Renewables,ES,Energy,EUR,14793.4,2024-08-28,2024-10-12,2024-10-12,2024-10-12,Paid,45,ontime
AR-11185,Gaia Renewables,ES,Energy,EUR,50742.67,2024-08-13,2024-09-27,2024-09-28,2024-09-28,Paid,45,ontime
AR-11186,Gaia Renewables,ES,Energy,EUR,51797.77,2024-09-09,2024-10-24,2024-10-28,2024-10-28,Paid,45,ontime
AR-11187,Gaia Renewables,ES,Energy,EUR,99539.53,2024-09-24,2024-11-08,2024-11-05,2024-11-05,Paid,45,ontime
AR-11188,Gaia Renewables,ES,Energy,EUR,79498.03,2024-09-17,2024-11-01,2024-11-04,2024-11-04,Paid,45,ontime
AR-11189,Gaia Renewables,ES,Energy,EUR,56187.98,2024-09-17,2024-11-01,2024-11-01,2024-11-01,Paid,45,ontime
AR-11190,Gaia Renewables,ES,Energy,EUR,30639.07,2024-09-04,2024-10-19,2024-10-22,2024-10-22,Paid,45,ontime
AR-11191,Gaia Renewables,ES,Energy,EUR,14519.8,2024-09-17,2024-11-01,2024-10-29,2024-10-29,Paid,45,ontime
AR-11192,Gaia Renewables,ES,Energy,EUR,32796.65,2024-10-17,2024-12-01,2024-12-02,2024-12-02,Paid,45,ontime
AR-11193,Gaia Renewables,ES,Energy,EUR,11792.85,2024-10-13,2024-11-27,2024-12-02,2024-12-02,Paid,45,ontime
AR-11194,Gaia Renewables,ES,Energy,EUR,32927.4,2024-10-16,2024-11-30,2024-12-04,2024-12-04,Paid,45,ontime
AR-11195,Gaia Renewables,ES,Energy,EUR,40387.65,2024-10-19,2024-12-03,2024-12-10,2024-12-10,Paid,45,ontime
AR-11196,Gaia Renewables,ES,Energy,EUR,7240.06,2024-10-03,2024-11-17,2024-11-20,2024-11-20,Paid,45,ontime
AR-11197,Gaia Renewables,ES,Energy,EUR,41371.13,2024-10-04,2024-11-18,2024-11-19,2024-11-19,Paid,45,ontime
AR-11198,Gaia Renewables,ES,Energy,EUR,46325.47,2024-10-17,2024-12-01,2024-12-01,2024-12-01,Paid,45,ontime
AR-11199,Gaia Renewables,ES,Energy,EUR,30675.82,2024-10-13,2024-11-27,2024-11-30,2024-11-30,Paid,45,ontime
AR-11200,Gaia Renewables,ES,Energy,EUR,12487.5,2024-10-24,2024-12-08,2024-12-12,2024-12-12,Paid,45,ontime
AR-11201,Gaia Renewables,ES,Energy,EUR,64033.67,2024-10-28,2024-12-12,2024-12-18,2024-12-18,Paid,45,ontime
AR-11202,Gaia Renewables,ES,Energy,EUR,5933.13,2024-11-19,2025-01-03,2025-01-02,2025-01-02,Paid,45,ontime
AR-11203,Gaia Renewables,ES,Energy,EUR,38220.17,2024-11-13,2024-12-28,2025-01-02,2025-01-02,Paid,45,ontime
AR-11204,Gaia Renewables,ES,Energy,EUR,99505.98,2024-11-23,2025-01-07,2025-01-08,2025-01-08,Paid,45,ontime
AR-11205,Gaia Renewables,ES,Energy,EUR,88972.66,2024-11-02,2024-12-17,2024-12-15,2024-12-15,Paid,45,ontime
AR-11206,Gaia Renewables,ES,Energy,EUR,40691.54,2024-11-01,2024-12-16,2024-12-20,2024-12-20,Paid,45,ontime
AR-11207,Gaia Renewables,ES,Energy,EUR,12232.11,2024-11-14,2024-12-29,2025-01-04,2025-01-04,Paid,45,ontime
AR-11208,Gaia Renewables,ES,Energy,EUR,40225.28,2024-11-16,2024-12-31,2024-12-30,2024-12-30,Paid,45,ontime
AR-11209,Gaia Renewables,ES,Energy,EUR,20216.49,2024-11-14,2024-12-29,2024-12-26,2024-12-26,Paid,45,ontime
AR-11210,Gaia Renewables,ES,Energy,EUR,68570.4,2024-12-04,2025-01-18,2025-01-15,2025-01-15,Paid,45,ontime
AR-11211,Gaia Renewables,ES,Energy,EUR,19820.94,2024-12-21,2025-02-04,2025-02-04,2025-02-04,Paid,45,ontime
AR-11212,Gaia Renewables,ES,Energy,EUR,114647.65,2024-12-19,2025-02-02,2025-02-11,2025-02-11,Paid,45,ontime
AR-11213,Gaia Renewables,ES,Energy,EUR,77857.52,2024-12-20,2025-02-03,2025-02-02,2025-02-02,Paid,45,ontime
AR-11214,Gaia Renewables,ES,Energy,EUR,5366.51,2024-12-03,2025-01-17,2025-01-16,2025-01-16,Paid,45,ontime
AR-11215,Gaia Renewables,ES,Energy,EUR,52903.9,2024-12-05,2025-01-19,2025-01-21,2025-01-21,Paid,45,ontime
AR-11216,Gaia Renewables,ES,Energy,EUR,24605.87,2025-01-26,2025-03-12,2025-03-11,2025-03-11,Paid,45,ontime
AR-11217,Gaia Renewables,ES,Energy,EUR,14210.91,2025-01-26,2025-03-12,2025-03-09,2025-03-09,Paid,45,ontime
AR-11218,Gaia Renewables,ES,Energy,EUR,72518.41,2025-01-03,2025-02-17,2025-02-21,2025-02-21,Paid,45,ontime
AR-11219,Gaia Renewables,ES,Energy,EUR,54196.28,2025-01-23,2025-03-09,2025-03-06,2025-03-06,Paid,45,ontime
AR-11220,Gaia Renewables,ES,Energy,EUR,70477.86,2025-01-21,2025-03-07,2025-03-09,2025-03-09,Paid,45,ontime
AR-11221,Gaia Renewables,ES,Energy,EUR,14299.32,2025-01-05,2025-02-19,2025-02-20,2025-02-20,Paid,45,ontime
AR-11222,Gaia Renewables,ES,Energy,EUR,52917.52,2025-01-09,2025-02-23,2025-02-21,2025-02-21,Paid,45,ontime
AR-11223,Gaia Renewables,ES,Energy,EUR,86569.11,2025-02-23,2025-04-09,2025-04-06,2025-04-06,Paid,45,ontime
AR-11224,Gaia Renewables,ES,Energy,EUR,12652.22,2025-02-19,2025-04-05,2025-04-02,2025-04-02,Paid,45,ontime
AR-11225,Gaia Renewables,ES,Energy,EUR,157197.33,2025-02-05,2025-03-22,2025-03-26,2025-03-26,Paid,45,ontime
AR-11226,Gaia Renewables,ES,Energy,EUR,40283.38,2025-02-06,2025-03-23,2025-03-29,2025-03-29,Paid,45,ontime
AR-11227,Gaia Renewables,ES,Energy,EUR,13958.25,2025-02-20,2025-04-06,2025-04-09,2025-04-09,Paid,45,ontime
AR-11228,Gaia Renewables,ES,Energy,EUR,72903.72,2025-03-24,2025-05-08,2025-05-08,2025-05-08,Paid,45,ontime
AR-11229,Gaia Renewables,ES,Energy,EUR,23427.22,2025-03-03,2025-04-17,2025-04-19,2025-04-19,Paid,45,ontime
AR-11230,Gaia Renewables,ES,Energy,EUR,66984.29,2025-03-23,2025-05-07,2025-05-10,2025-05-10,Paid,45,ontime
AR-11231,Gaia Renewables,ES,Energy,EUR,62991.61,2025-03-28,2025-05-12,2025-05-14,2025-05-14,Paid,45,ontime
AR-11232,Gaia Renewables,ES,Energy,EUR,95950.16,2025-03-20,2025-05-04,2025-05-02,2025-05-02,Paid,45,ontime
AR-11233,Gaia Renewables,ES,Energy,EUR,54085.46,2025-04-19,2025-06-03,2025-06-02,2025-06-02,Paid,45,ontime
AR-11234,Gaia Renewables,ES,Energy,EUR,18262.09,2025-04-26,2025-06-10,2025-06-19,2025-06-19,Paid,45,ontime
AR-11235,Gaia Renewables,ES,Energy,EUR,94936.82,2025-04-24,2025-06-08,2025-06-09,2025-06-09,Paid,45,ontime
AR-11236,Gaia Renewables,ES,Energy,EUR,9470.11,2025-04-18,2025-06-02,2025-06-06,2025-06-06,Paid,45,ontime
AR-11237,Gaia Renewables,ES,Energy,EUR,57811.82,2025-04-01,2025-05-16,2025-05-13,2025-05-13,Paid,45,ontime
AR-11238,Gaia Renewables,ES,Energy,EUR,21676.59,2025-04-18,2025-06-02,2025-06-09,2025-06-09,Paid,45,ontime
AR-11239,Gaia Renewables,ES,Energy,EUR,81081.23,2025-04-07,2025-05-22,2025-05-25,2025-05-25,Paid,45,ontime
AR-11240,Gaia Renewables,ES,Energy,EUR,62308.65,2025-05-08,2025-06-22,2025-06-19,2025-06-19,Paid,45,ontime
AR-11241,Gaia Renewables,ES,Energy,EUR,21508.84,2025-05-25,2025-07-09,2025-07-10,2025-07-10,Paid,45,ontime
AR-11242,Gaia Renewables,ES,Energy,EUR,18516.62,2025-05-01,2025-06-15,2025-06-12,2025-06-12,Paid,45,ontime
AR-11243,Gaia Renewables,ES,Energy,EUR,29139.37,2025-05-26,2025-07-10,2025-07-11,2025-07-11,Paid,45,ontime
AR-11244,Gaia Renewables,ES,Energy,EUR,18896.31,2025-05-24,2025-07-08,2025-07-09,2025-07-09,Paid,45,ontime
AR-11245,Gaia Renewables,ES,Energy,EUR,52953.36,2025-05-07,2025-06-21,2025-06-21,2025-06-21,Paid,45,ontime
AR-11246,Gaia Renewables,ES,Energy,EUR,79597.67,2025-05-01,2025-06-15,2025-06-14,2025-06-14,Paid,45,ontime
AR-11247,Gaia Renewables,ES,Energy,EUR,19296.81,2025-05-11,2025-06-25,2025-06-22,2025-06-22,Paid,45,ontime
AR-11248,Gaia Renewables,ES,Energy,EUR,13658.69,2025-05-24,2025-07-08,2025-07-08,2025-07-08,Paid,45,ontime
AR-11249,Gaia Renewables,ES,Energy,EUR,34865.99,2025-05-28,2025-07-12,2025-07-15,2025-07-15,Paid,45,ontime
AR-11250,Gaia Renewables,ES,Energy,EUR,58993.75,2025-06-16,2025-07-31,2025-07-31,2025-07-31,Paid,45,ontime
AR-11251,Gaia Renewables,ES,Energy,EUR,41233.18,2025-06-18,2025-08-02,2025-08-02,2025-08-02,Paid,45,ontime
AR-11252,Gaia Renewables,ES,Energy,EUR,91012.28,2025-06-26,2025-08-10,2025-08-14,2025-08-14,Paid,45,ontime
AR-11253,Gaia Renewables,ES,Energy,EUR,18965.15,2025-06-25,2025-08-09,2025-08-08,2025-08-08,Paid,45,ontime
AR-11254,Gaia Renewables,ES,Energy,EUR,43184.37,2025-06-19,2025-08-03,2025-08-07,2025-08-07,Paid,45,ontime
AR-11255,Gaia Renewables,ES,Energy,EUR,49875.78,2025-06-18,2025-08-02,2025-08-01,2025-08-01,Paid,45,ontime
AR-11256,Gaia Renewables,ES,Energy,EUR,6493.04,2025-06-15,2025-07-30,2025-08-03,2025-08-03,Paid,45,ontime
AR-11257,Gaia Renewables,ES,Energy,EUR,14135.33,2025-06-18,2025-08-02,2025-08-03,2025-08-03,Paid,45,ontime
AR-11258,Gaia Renewables,ES,Energy,EUR,35975.82,2025-06-16,2025-07-31,2025-08-01,2025-08-01,Paid,45,ontime
AR-11259,Gaia Renewables,ES,Energy,EUR,9035.35,2025-07-18,2025-09-01,2025-09-02,2025-09-02,Paid,45,ontime
AR-11260,Gaia Renewables,ES,Energy,EUR,14662.1,2025-07-13,2025-08-27,2025-08-26,2025-08-26,Paid,45,ontime
AR-11261,Gaia Renewables,ES,Energy,EUR,21074.82,2025-07-17,2025-08-31,2025-09-04,2025-09-04,Paid,45,ontime
AR-11262,Gaia Renewables,ES,Energy,EUR,44961.11,2025-07-05,2025-08-19,2025-08-20,2025-08-20,Paid,45,ontime
AR-11263,Gaia Renewables,ES,Energy,EUR,54205.4,2025-07-14,2025-08-28,2025-08-31,2025-08-31,Paid,45,ontime
AR-11264,Gaia Renewables,ES,Energy,EUR,12039.14,2025-07-13,2025-08-27,2025-08-28,2025-08-28,Paid,45,ontime
AR-11265,Gaia Renewables,ES,Energy,EUR,29063.6,2025-07-16,2025-08-30,2025-08-30,2025-08-30,Paid,45,ontime
AR-11266,Gaia Renewables,ES,Energy,EUR,52730.44,2025-07-05,2025-08-19,2025-08-19,2025-08-19,Paid,45,ontime
AR-11267,Gaia Renewables,ES,Energy,EUR,95353.16,2025-07-22,2025-09-05,2025-09-06,2025-09-06,Paid,45,ontime
AR-11268,Gaia Renewables,ES,Energy,EUR,28950.77,2025-07-04,2025-08-18,2025-08-24,2025-08-24,Paid,45,ontime
AR-11269,Gaia Renewables,ES,Energy,EUR,91548.69,2025-08-09,2025-09-23,2025-09-23,2025-09-23,Paid,45,ontime
AR-11270,Gaia Renewables,ES,Energy,EUR,8906.9,2025-08-24,2025-10-08,2025-10-09,2025-10-09,Paid,45,ontime
AR-11271,Gaia Renewables,ES,Energy,EUR,89116.64,2025-08-05,2025-09-19,2025-09-17,2025-09-17,Paid,45,ontime
AR-11272,Gaia Renewables,ES,Energy,EUR,88950.05,2025-08-06,2025-09-20,2025-09-18,2025-09-18,Paid,45,ontime
AR-11273,Gaia Renewables,ES,Energy,EUR,51576.41,2025-09-05,2025-10-20,2025-10-21,2025-10-21,Paid,45,ontime
AR-11274,Gaia Renewables,ES,Energy,EUR,145070.14,2025-09-03,2025-10-18,2025-10-21,2025-10-21,Paid,45,ontime
AR-11275,Gaia Renewables,ES,Energy,EUR,65953.35,2025-09-15,2025-10-30,2025-10-29,2025-10-29,Paid,45,ontime
AR-11276,Gaia Renewables,ES,Energy,EUR,83784.51,2025-09-07,2025-10-22,2025-10-22,2025-10-22,Paid,45,ontime
AR-11277,Gaia Renewables,ES,Energy,EUR,21955.47,2025-10-20,2025-12-04,2025-12-03,2025-12-03,Paid,45,ontime
AR-11278,Gaia Renewables,ES,Energy,EUR,96206.53,2025-10-13,2025-11-27,2025-11-24,2025-11-24,Paid,45,ontime
AR-11279,Gaia Renewables,ES,Energy,EUR,69023.43,2025-10-04,2025-11-18,2025-11-23,2025-11-23,Paid,45,ontime
AR-11280,Gaia Renewables,ES,Energy,EUR,10357.62,2025-10-07,2025-11-21,2025-11-22,2025-11-22,Paid,45,ontime
AR-11281,Gaia Renewables,ES,Energy,EUR,136162.56,2025-10-04,2025-11-18,2025-11-18,2025-11-18,Paid,45,ontime
AR-11282,Gaia Renewables,ES,Energy,EUR,90046.52,2025-11-16,2025-12-31,2026-01-01,2026-01-01,Paid,45,ontime
AR-11283,Gaia Renewables,ES,Energy,EUR,43818.55,2025-11-26,2026-01-10,2026-01-14,2026-01-14,Paid,45,ontime
AR-11284,Gaia Renewables,ES,Energy,EUR,30797.63,2025-11-27,2026-01-11,2026-01-13,2026-01-13,Paid,45,ontime
AR-11285,Gaia Renewables,ES,Energy,EUR,48233.69,2025-11-24,2026-01-08,2026-01-13,2026-01-13,Paid,45,ontime
AR-11286,Gaia Renewables,ES,Energy,EUR,38345.66,2025-11-16,2025-12-31,2025-12-30,2025-12-30,Paid,45,ontime
AR-11287,Gaia Renewables,ES,Energy,EUR,34788.75,2025-11-24,2026-01-08,2026-01-10,2026-01-10,Paid,45,ontime
AR-11288,Gaia Renewables,ES,Energy,EUR,18422.98,2025-11-19,2026-01-03,2026-01-11,2026-01-11,Paid,45,ontime
AR-11289,Gaia Renewables,ES,Energy,EUR,13852.79,2025-11-25,2026-01-09,2026-01-08,2026-01-08,Paid,45,ontime
AR-11290,Gaia Renewables,ES,Energy,EUR,42311.15,2025-11-20,2026-01-04,2026-01-03,2026-01-03,Paid,45,ontime
AR-11291,Gaia Renewables,ES,Energy,EUR,104811.63,2025-12-18,2026-02-01,2026-02-03,2026-02-03,Paid,45,ontime
AR-11292,Gaia Renewables,ES,Energy,EUR,121771.53,2025-12-08,2026-01-22,2026-01-20,2026-01-20,Paid,45,ontime
AR-11293,Gaia Renewables,ES,Energy,EUR,42241.23,2025-12-13,2026-01-27,2026-02-01,2026-02-01,Paid,45,ontime
AR-11294,Gaia Renewables,ES,Energy,EUR,84409.55,2025-12-25,2026-02-08,2026-02-07,2026-02-07,Paid,45,ontime
AR-11295,Gaia Renewables,ES,Energy,EUR,6382.19,2026-01-04,2026-02-18,2026-02-25,2026-02-25,Paid,45,ontime
AR-11296,Gaia Renewables,ES,Energy,EUR,46093.55,2026-01-10,2026-02-24,2026-02-28,2026-02-28,Paid,45,ontime
AR-11297,Gaia Renewables,ES,Energy,EUR,26446.97,2026-01-03,2026-02-17,2026-02-20,2026-02-20,Paid,45,ontime
AR-11298,Gaia Renewables,ES,Energy,EUR,81785.5,2026-01-28,2026-03-14,2026-03-13,2026-03-13,Paid,45,ontime
AR-11299,Gaia Renewables,ES,Energy,EUR,8754.64,2026-01-16,2026-03-02,2026-03-01,2026-03-01,Paid,45,ontime
AR-11300,Gaia Renewables,ES,Energy,EUR,8099.98,2026-01-24,2026-03-10,2026-03-16,2026-03-16,Paid,45,ontime
AR-11301,Gaia Renewables,ES,Energy,EUR,26370.03,2026-01-15,2026-03-01,2026-03-01,2026-03-01,Paid,45,ontime
AR-11302,Gaia Renewables,ES,Energy,EUR,26233.72,2026-01-12,2026-02-26,2026-02-27,2026-02-27,Paid,45,ontime
AR-11303,Gaia Renewables,ES,Energy,EUR,22989.41,2026-01-27,2026-03-13,2026-03-10,2026-03-10,Paid,45,ontime
AR-11304,Gaia Renewables,ES,Energy,EUR,62458.79,2026-01-03,2026-02-17,2026-02-17,2026-02-17,Paid,45,ontime
AR-11305,Gaia Renewables,ES,Energy,EUR,19511.54,2026-02-03,2026-03-20,2026-03-26,2026-03-26,Paid,45,ontime
AR-11306,Gaia Renewables,ES,Energy,EUR,19310.3,2026-02-11,2026-03-28,2026-03-31,2026-03-31,Paid,45,ontime
AR-11307,Gaia Renewables,ES,Energy,EUR,60449.07,2026-02-25,2026-04-11,2026-04-08,2026-04-08,Paid,45,ontime
AR-11308,Gaia Renewables,ES,Energy,EUR,10218.1,2026-02-16,2026-04-02,2026-04-02,2026-04-02,Paid,45,ontime
AR-11309,Gaia Renewables,ES,Energy,EUR,152730.22,2026-02-04,2026-03-21,2026-03-19,2026-03-19,Paid,45,ontime
AR-11310,Gaia Renewables,ES,Energy,EUR,61090.34,2026-02-22,2026-04-08,2026-04-15,2026-04-15,Paid,45,ontime
AR-11311,Gaia Renewables,ES,Energy,EUR,22916.38,2026-03-11,2026-04-25,2026-04-22,2026-04-22,Paid,45,ontime
AR-11312,Gaia Renewables,ES,Energy,EUR,2542.94,2026-03-12,2026-04-26,2026-04-30,2026-04-30,Paid,45,ontime
AR-11313,Gaia Renewables,ES,Energy,EUR,26287.95,2026-03-10,2026-04-24,2026-04-25,2026-04-25,Paid,45,ontime
AR-11314,Gaia Renewables,ES,Energy,EUR,70372.93,2026-03-09,2026-04-23,2026-04-23,2026-04-23,Paid,45,ontime
AR-11315,Gaia Renewables,ES,Energy,EUR,26322.28,2026-03-07,2026-04-21,2026-04-26,2026-04-26,Paid,45,ontime
AR-11316,Gaia Renewables,ES,Energy,EUR,15857.43,2026-03-07,2026-04-21,2026-04-23,2026-04-23,Paid,45,ontime
AR-11317,Gaia Renewables,ES,Energy,EUR,89369.31,2026-03-09,2026-04-23,2026-04-27,2026-04-27,Paid,45,ontime
AR-11318,Gaia Renewables,ES,Energy,EUR,61673.01,2026-03-15,2026-04-29,2026-04-26,2026-04-26,Paid,45,ontime
AR-11319,Gaia Renewables,ES,Energy,EUR,19991.85,2026-03-14,2026-04-28,2026-04-28,2026-04-28,Paid,45,ontime
AR-11320,Gaia Renewables,ES,Energy,EUR,31092.19,2026-04-10,2026-05-25,2026-05-25,,Open,45,ontime
AR-11321,Gaia Renewables,ES,Energy,EUR,149465.85,2026-04-01,2026-05-16,2026-05-15,,Open,45,ontime
AR-11322,Gaia Renewables,ES,Energy,EUR,5540.66,2026-04-13,2026-05-28,2026-05-27,,Open,45,ontime
AR-11323,Gaia Renewables,ES,Energy,EUR,26035.18,2026-04-12,2026-05-27,2026-05-27,,Open,45,ontime
AR-11324,Gaia Renewables,ES,Energy,EUR,59331.04,2026-04-16,2026-05-31,2026-05-31,,Open,45,ontime
AR-11325,Gaia Renewables,ES,Energy,EUR,14738.09,2026-04-25,2026-06-09,2026-06-11,,Open,45,ontime
AR-11326,Gaia Renewables,ES,Energy,EUR,30786.65,2026-04-11,2026-05-26,2026-05-30,,Open,45,ontime
AR-11327,Gaia Renewables,ES,Energy,EUR,26991.95,2026-04-03,2026-05-18,2026-05-24,,Open,45,ontime
AR-11328,Gaia Renewables,ES,Energy,EUR,6984.88,2026-04-17,2026-06-01,2026-05-31,,Open,45,ontime
AR-11329,Gaia Renewables,ES,Energy,EUR,30872.12,2026-05-19,2026-07-03,2026-07-07,,Open,45,ontime
AR-11330,Gaia Renewables,ES,Energy,EUR,77342.46,2026-05-18,2026-07-02,2026-06-29,,Open,45,ontime
AR-11331,Gaia Renewables,ES,Energy,EUR,143793.23,2026-05-27,2026-07-11,2026-07-10,,Open,45,ontime
AR-11332,Gaia Renewables,ES,Energy,EUR,112871.91,2026-05-20,2026-07-04,2026-07-05,,Open,45,ontime
AR-11333,Gaia Renewables,ES,Energy,EUR,12102.45,2026-06-16,2026-07-31,2026-08-03,,Open,45,ontime
AR-11334,Gaia Renewables,ES,Energy,EUR,59681.1,2026-06-02,2026-07-17,2026-07-20,,Open,45,ontime
AR-11335,Gaia Renewables,ES,Energy,EUR,11187.5,2026-06-04,2026-07-19,2026-07-18,,Open,45,ontime
AR-11336,Gaia Renewables,ES,Energy,EUR,24126.92,2026-06-24,2026-08-08,2026-08-08,,Open,45,ontime
AR-11337,Gaia Renewables,ES,Energy,EUR,91939.53,2026-06-12,2026-07-27,2026-07-25,,Open,45,ontime
AR-11338,Gaia Renewables,ES,Energy,EUR,48475.41,2026-06-05,2026-07-20,2026-07-22,,Open,45,ontime
AR-11339,Gaia Renewables,ES,Energy,EUR,8586.71,2026-06-05,2026-07-20,2026-07-21,,Open,45,ontime
AR-11340,Gaia Renewables,ES,Energy,EUR,64202.4,2026-06-27,2026-08-11,2026-08-11,,Open,45,ontime
AR-11341,Gaia Renewables,ES,Energy,EUR,54023.4,2026-06-03,2026-07-18,2026-07-18,,Open,45,ontime
AR-11342,Gaia Renewables,ES,Energy,EUR,27535.56,2026-07-22,2026-09-05,2026-09-04,,Open,45,ontime
AR-11343,Gaia Renewables,ES,Energy,EUR,11628.04,2026-07-22,2026-09-05,2026-09-07,,Open,45,ontime
AR-11344,Gaia Renewables,ES,Energy,EUR,101352.38,2026-07-21,2026-09-04,2026-09-03,,Open,45,ontime
AR-11345,Gaia Renewables,ES,Energy,EUR,164509.04,2026-07-09,2026-08-23,2026-08-21,,Open,45,ontime
AR-11346,Gaia Renewables,ES,Energy,EUR,62763.31,2026-07-02,2026-08-16,2026-08-15,,Open,45,ontime
AR-11347,Gaia Renewables,ES,Energy,EUR,8784.41,2026-07-04,2026-08-18,2026-08-17,,Open,45,ontime
AR-11348,Gaia Renewables,ES,Energy,EUR,38109.33,2026-08-10,2026-09-24,2026-09-23,,Open,45,ontime
AR-11349,Gaia Renewables,ES,Energy,EUR,42246.34,2026-08-10,2026-09-24,2026-09-22,,Open,45,ontime
AR-11350,Gaia Renewables,ES,Energy,EUR,2412.3,2026-08-09,2026-09-23,2026-09-23,,Open,45,ontime
AR-11351,Gaia Renewables,ES,Energy,EUR,38575.97,2026-08-05,2026-09-19,2026-09-16,,Open,45,ontime
AR-11352,Gaia Renewables,ES,Energy,EUR,18604.16,2026-08-20,2026-10-04,2026-10-05,,Open,45,ontime
AR-11353,Gaia Renewables,ES,Energy,EUR,20067.16,2026-08-06,2026-09-20,2026-09-17,,Open,45,ontime
AR-11354,Gaia Renewables,ES,Energy,EUR,6169.54,2026-08-11,2026-09-25,2026-09-29,,Open,45,ontime
AR-11355,Gaia Renewables,ES,Energy,EUR,30393.32,2026-08-10,2026-09-24,2026-09-21,,Open,45,ontime
AR-11356,Gaia Renewables,ES,Energy,EUR,80425.27,2026-08-25,2026-10-09,2026-10-10,,Open,45,ontime
AR-11357,Gaia Renewables,ES,Energy,EUR,12633.32,2026-08-14,2026-09-28,2026-09-28,,Open,45,ontime
AR-11358,Helios Public Transit,FR,Public Sector,EUR,19224.29,2024-05-26,2024-08-09,2024-09-17,2024-09-17,Paid,75,very_late
AR-11359,Helios Public Transit,FR,Public Sector,EUR,40249.83,2024-05-02,2024-07-16,2024-08-14,2024-08-14,Paid,75,very_late
AR-11360,Helios Public Transit,FR,Public Sector,EUR,373248.75,2024-05-22,2024-08-05,2024-08-30,2024-08-30,Paid,75,very_late
AR-11361,Helios Public Transit,FR,Public Sector,EUR,182162.26,2024-05-26,2024-08-09,2024-09-11,2024-09-11,Paid,75,very_late
AR-11362,Helios Public Transit,FR,Public Sector,EUR,101189.57,2024-05-15,2024-07-29,2024-09-04,2024-09-04,Paid,75,very_late
AR-11363,Helios Public Transit,FR,Public Sector,EUR,77431.57,2024-05-10,2024-07-24,2024-07-29,2024-07-29,Paid,75,very_late
AR-11364,Helios Public Transit,FR,Public Sector,EUR,17250.43,2024-05-17,2024-07-31,2024-08-18,2024-08-18,Paid,75,very_late
AR-11365,Helios Public Transit,FR,Public Sector,EUR,60381.22,2024-06-26,2024-09-09,2024-09-14,2024-09-14,Paid,75,very_late
AR-11366,Helios Public Transit,FR,Public Sector,EUR,64014.4,2024-06-12,2024-08-26,2024-09-09,2024-09-09,Paid,75,very_late
AR-11367,Helios Public Transit,FR,Public Sector,EUR,64861.6,2024-06-04,2024-08-18,2024-09-05,2024-09-05,Paid,75,very_late
AR-11368,Helios Public Transit,FR,Public Sector,EUR,157172.07,2024-06-28,2024-09-11,2024-09-18,2024-09-18,Paid,75,very_late
AR-11369,Helios Public Transit,FR,Public Sector,EUR,139661.36,2024-06-26,2024-09-09,2024-10-03,2024-10-03,Paid,75,very_late
AR-11370,Helios Public Transit,FR,Public Sector,EUR,78548.91,2024-06-04,2024-08-18,2024-09-15,2024-09-15,Paid,75,very_late
AR-11371,Helios Public Transit,FR,Public Sector,EUR,266845.58,2024-06-14,2024-08-28,2024-09-24,2024-09-24,Paid,75,very_late
AR-11372,Helios Public Transit,FR,Public Sector,EUR,68753.92,2024-07-25,2024-10-08,2024-10-30,2024-10-30,Paid,75,very_late
AR-11373,Helios Public Transit,FR,Public Sector,EUR,493883.86,2024-07-13,2024-09-26,2024-10-23,2024-10-23,Paid,75,very_late
AR-11374,Helios Public Transit,FR,Public Sector,EUR,92534.6,2024-07-04,2024-09-17,2024-10-02,2024-10-02,Paid,75,very_late
AR-11375,Helios Public Transit,FR,Public Sector,EUR,105525.86,2024-07-19,2024-10-02,2024-11-17,2024-11-17,Paid,75,very_late
AR-11376,Helios Public Transit,FR,Public Sector,EUR,75458.37,2024-07-06,2024-09-19,2024-10-17,2024-10-17,Paid,75,very_late
AR-11377,Helios Public Transit,FR,Public Sector,EUR,161466.86,2024-08-15,2024-10-29,2024-11-20,2024-11-20,Paid,75,very_late
AR-11378,Helios Public Transit,FR,Public Sector,EUR,55978.38,2024-08-04,2024-10-18,2024-10-23,2024-10-23,Paid,75,very_late
AR-11379,Helios Public Transit,FR,Public Sector,EUR,168147.16,2024-08-08,2024-10-22,2024-11-10,2024-11-10,Paid,75,very_late
AR-11380,Helios Public Transit,FR,Public Sector,EUR,117798.37,2024-08-02,2024-10-16,2024-11-23,2024-11-23,Paid,75,very_late
AR-11381,Helios Public Transit,FR,Public Sector,EUR,10055.27,2024-08-04,2024-10-18,2024-11-10,2024-11-10,Paid,75,very_late
AR-11382,Helios Public Transit,FR,Public Sector,EUR,13704.16,2024-08-27,2024-11-10,2024-11-22,2024-11-22,Paid,75,very_late
AR-11383,Helios Public Transit,FR,Public Sector,EUR,35987.04,2024-08-21,2024-11-04,2024-11-09,2024-11-09,Paid,75,very_late
AR-11384,Helios Public Transit,FR,Public Sector,EUR,79757.25,2024-08-17,2024-10-31,2024-11-05,2024-11-05,Paid,75,very_late
AR-11385,Helios Public Transit,FR,Public Sector,EUR,278272.02,2024-09-11,2024-11-25,2024-12-07,2024-12-07,Paid,75,very_late
AR-11386,Helios Public Transit,FR,Public Sector,EUR,231687.2,2024-09-07,2024-11-21,2024-12-06,2024-12-06,Paid,75,very_late
AR-11387,Helios Public Transit,FR,Public Sector,EUR,165001.67,2024-09-17,2024-12-01,2024-12-21,2024-12-21,Paid,75,very_late
AR-11388,Helios Public Transit,FR,Public Sector,EUR,124352.51,2024-09-10,2024-11-24,2024-12-21,2024-12-21,Paid,75,very_late
AR-11389,Helios Public Transit,FR,Public Sector,EUR,71887.08,2024-10-05,2024-12-19,2025-01-10,2025-01-10,Paid,75,very_late
AR-11390,Helios Public Transit,FR,Public Sector,EUR,175016.55,2024-10-16,2024-12-30,2025-01-23,2025-01-23,Paid,75,very_late
AR-11391,Helios Public Transit,FR,Public Sector,EUR,20416.89,2024-10-20,2025-01-03,2025-01-26,2025-01-26,Paid,75,very_late
AR-11392,Helios Public Transit,FR,Public Sector,EUR,36370.16,2024-10-15,2024-12-29,2025-01-11,2025-01-11,Paid,75,very_late
AR-11393,Helios Public Transit,FR,Public Sector,EUR,49295.81,2024-10-12,2024-12-26,2025-01-18,2025-01-18,Paid,75,very_late
AR-11394,Helios Public Transit,FR,Public Sector,EUR,98389.18,2024-10-22,2025-01-05,2025-01-26,2025-01-26,Paid,75,very_late
AR-11395,Helios Public Transit,FR,Public Sector,EUR,78333.26,2024-10-02,2024-12-16,2025-01-11,2025-01-11,Paid,75,very_late
AR-11396,Helios Public Transit,FR,Public Sector,EUR,137791.91,2024-10-10,2024-12-24,2024-12-29,2024-12-29,Paid,75,very_late
AR-11397,Helios Public Transit,FR,Public Sector,EUR,42571.66,2024-10-27,2025-01-10,2025-02-01,2025-02-01,Paid,75,very_late
AR-11398,Helios Public Transit,FR,Public Sector,EUR,60019.44,2024-10-06,2024-12-20,2024-12-30,2024-12-30,Paid,75,very_late
AR-11399,Helios Public Transit,FR,Public Sector,EUR,130965.96,2024-11-05,2025-01-19,2025-02-04,2025-02-04,Paid,75,very_late
AR-11400,Helios Public Transit,FR,Public Sector,EUR,40556.1,2024-11-03,2025-01-17,2025-02-10,2025-02-10,Paid,75,very_late
AR-11401,Helios Public Transit,FR,Public Sector,EUR,170627.7,2024-11-03,2025-01-17,2025-01-23,2025-01-23,Paid,75,very_late
AR-11402,Helios Public Transit,FR,Public Sector,EUR,70588.56,2024-11-20,2025-02-03,2025-03-01,2025-03-01,Paid,75,very_late
AR-11403,Helios Public Transit,FR,Public Sector,EUR,62401.01,2024-11-18,2025-02-01,2025-02-26,2025-02-26,Paid,75,very_late
AR-11404,Helios Public Transit,FR,Public Sector,EUR,208253.13,2024-11-26,2025-02-09,2025-02-16,2025-02-16,Paid,75,very_late
AR-11405,Helios Public Transit,FR,Public Sector,EUR,149163.69,2024-11-26,2025-02-09,2025-03-18,2025-03-18,Paid,75,very_late
AR-11406,Helios Public Transit,FR,Public Sector,EUR,198572.29,2024-12-10,2025-02-23,2025-03-02,2025-03-02,Paid,75,very_late
AR-11407,Helios Public Transit,FR,Public Sector,EUR,223768.93,2024-12-16,2025-03-01,2025-04-04,2025-04-04,Paid,75,very_late
AR-11408,Helios Public Transit,FR,Public Sector,EUR,288260.36,2024-12-09,2025-02-22,2025-03-03,2025-03-03,Paid,75,very_late
AR-11409,Helios Public Transit,FR,Public Sector,EUR,105518.85,2024-12-14,2025-02-27,2025-03-31,2025-03-31,Paid,75,very_late
AR-11410,Helios Public Transit,FR,Public Sector,EUR,148599.79,2025-01-12,2025-03-28,2025-04-19,2025-04-19,Paid,75,very_late
AR-11411,Helios Public Transit,FR,Public Sector,EUR,72901.12,2025-01-12,2025-03-28,2025-04-23,2025-04-23,Paid,75,very_late
AR-11412,Helios Public Transit,FR,Public Sector,EUR,3664.43,2025-01-21,2025-04-06,2025-05-01,2025-05-01,Paid,75,very_late
AR-11413,Helios Public Transit,FR,Public Sector,EUR,171169.06,2025-01-03,2025-03-19,2025-04-12,2025-04-12,Paid,75,very_late
AR-11414,Helios Public Transit,FR,Public Sector,EUR,98555.96,2025-01-08,2025-03-24,2025-04-03,2025-04-03,Paid,75,very_late
AR-11415,Helios Public Transit,FR,Public Sector,EUR,234747.58,2025-01-13,2025-03-29,2025-04-24,2025-04-24,Paid,75,very_late
AR-11416,Helios Public Transit,FR,Public Sector,EUR,183756.72,2025-02-21,2025-05-07,2025-05-16,2025-05-16,Paid,75,very_late
AR-11417,Helios Public Transit,FR,Public Sector,EUR,905.94,2025-02-04,2025-04-20,2025-05-07,2025-05-07,Paid,75,very_late
AR-11418,Helios Public Transit,FR,Public Sector,EUR,77638.27,2025-02-21,2025-05-07,2025-05-14,2025-05-14,Paid,75,very_late
AR-11419,Helios Public Transit,FR,Public Sector,EUR,78952.44,2025-02-13,2025-04-29,2025-05-04,2025-05-04,Paid,75,very_late
AR-11420,Helios Public Transit,FR,Public Sector,EUR,127702.31,2025-02-04,2025-04-20,2025-05-23,2025-05-23,Paid,75,very_late
AR-11421,Helios Public Transit,FR,Public Sector,EUR,47563.41,2025-02-08,2025-04-24,2025-05-09,2025-05-09,Paid,75,very_late
AR-11422,Helios Public Transit,FR,Public Sector,EUR,87512.61,2025-02-21,2025-05-07,2025-05-17,2025-05-17,Paid,75,very_late
AR-11423,Helios Public Transit,FR,Public Sector,EUR,35255.74,2025-02-25,2025-05-11,2025-05-19,2025-05-19,Paid,75,very_late
AR-11424,Helios Public Transit,FR,Public Sector,EUR,21170.14,2025-02-13,2025-04-29,2025-05-21,2025-05-21,Paid,75,very_late
AR-11425,Helios Public Transit,FR,Public Sector,EUR,87068.74,2025-02-27,2025-05-13,2025-06-08,2025-06-08,Paid,75,very_late
AR-11426,Helios Public Transit,FR,Public Sector,EUR,171353.6,2025-03-24,2025-06-07,2025-06-23,2025-06-23,Paid,75,very_late
AR-11427,Helios Public Transit,FR,Public Sector,EUR,145547.56,2025-03-06,2025-05-20,2025-06-03,2025-06-03,Paid,75,very_late
AR-11428,Helios Public Transit,FR,Public Sector,EUR,282468.41,2025-03-05,2025-05-19,2025-06-23,2025-06-23,Paid,75,very_late
AR-11429,Helios Public Transit,FR,Public Sector,EUR,156078.39,2025-03-06,2025-05-20,2025-06-10,2025-06-10,Paid,75,very_late
AR-11430,Helios Public Transit,FR,Public Sector,EUR,19982.94,2025-03-09,2025-05-23,2025-06-17,2025-06-17,Paid,75,very_late
AR-11431,Helios Public Transit,FR,Public Sector,EUR,140212.94,2025-04-12,2025-06-26,2025-07-18,2025-07-18,Paid,75,very_late
AR-11432,Helios Public Transit,FR,Public Sector,EUR,203647.6,2025-04-06,2025-06-20,2025-07-02,2025-07-02,Paid,75,very_late
AR-11433,Helios Public Transit,FR,Public Sector,EUR,49252.73,2025-04-24,2025-07-08,2025-08-03,2025-08-03,Paid,75,very_late
AR-11434,Helios Public Transit,FR,Public Sector,EUR,8561.23,2025-04-06,2025-06-20,2025-07-19,2025-07-19,Paid,75,very_late
AR-11435,Helios Public Transit,FR,Public Sector,EUR,47914.66,2025-04-08,2025-06-22,2025-07-23,2025-07-23,Paid,75,very_late
AR-11436,Helios Public Transit,FR,Public Sector,EUR,41198.48,2025-04-05,2025-06-19,2025-07-07,2025-07-07,Paid,75,very_late
AR-11437,Helios Public Transit,FR,Public Sector,EUR,25226.4,2025-04-21,2025-07-05,2025-08-02,2025-08-02,Paid,75,very_late
AR-11438,Helios Public Transit,FR,Public Sector,EUR,197574.38,2025-04-26,2025-07-10,2025-07-25,2025-07-25,Paid,75,very_late
AR-11439,Helios Public Transit,FR,Public Sector,EUR,98097.75,2025-04-14,2025-06-28,2025-07-03,2025-07-03,Paid,75,very_late
AR-11440,Helios Public Transit,FR,Public Sector,EUR,62679.26,2025-05-27,2025-08-10,2025-09-11,2025-09-11,Paid,75,very_late
AR-11441,Helios Public Transit,FR,Public Sector,EUR,95024.78,2025-05-21,2025-08-04,2025-08-24,2025-08-24,Paid,75,very_late
AR-11442,Helios Public Transit,FR,Public Sector,EUR,57228.25,2025-05-10,2025-07-24,2025-08-06,2025-08-06,Paid,75,very_late
AR-11443,Helios Public Transit,FR,Public Sector,EUR,124534.1,2025-05-12,2025-07-26,2025-08-21,2025-08-21,Paid,75,very_late
AR-11444,Helios Public Transit,FR,Public Sector,EUR,49234.03,2025-05-08,2025-07-22,2025-08-29,2025-08-29,Paid,75,very_late
AR-11445,Helios Public Transit,FR,Public Sector,EUR,189173.67,2025-05-16,2025-07-30,2025-08-21,2025-08-21,Paid,75,very_late
AR-11446,Helios Public Transit,FR,Public Sector,EUR,54124.3,2025-05-07,2025-07-21,2025-08-06,2025-08-06,Paid,75,very_late
AR-11447,Helios Public Transit,FR,Public Sector,EUR,2058.75,2025-05-15,2025-07-29,2025-08-21,2025-08-21,Paid,75,very_late
AR-11448,Helios Public Transit,FR,Public Sector,EUR,69663.75,2025-05-23,2025-08-06,2025-08-19,2025-08-19,Paid,75,very_late
AR-11449,Helios Public Transit,FR,Public Sector,EUR,140252.82,2025-05-13,2025-07-27,2025-08-03,2025-08-03,Paid,75,very_late
AR-11450,Helios Public Transit,FR,Public Sector,EUR,292760.71,2025-06-27,2025-09-10,2025-10-01,2025-10-01,Paid,75,very_late
AR-11451,Helios Public Transit,FR,Public Sector,EUR,195103.98,2025-06-15,2025-08-29,2025-09-10,2025-09-10,Paid,75,very_late
AR-11452,Helios Public Transit,FR,Public Sector,EUR,229524.23,2025-06-12,2025-08-26,2025-09-05,2025-09-05,Paid,75,very_late
AR-11453,Helios Public Transit,FR,Public Sector,EUR,148545.13,2025-06-20,2025-09-03,2025-09-24,2025-09-24,Paid,75,very_late
AR-11454,Helios Public Transit,FR,Public Sector,EUR,93715.63,2025-07-01,2025-09-14,2025-09-21,2025-09-21,Paid,75,very_late
AR-11455,Helios Public Transit,FR,Public Sector,EUR,270044.1,2025-07-07,2025-09-20,2025-10-31,2025-10-31,Paid,75,very_late
AR-11456,Helios Public Transit,FR,Public Sector,EUR,110583.03,2025-07-16,2025-09-29,2025-10-29,2025-10-29,Paid,75,very_late
AR-11457,Helios Public Transit,FR,Public Sector,EUR,41260.41,2025-07-10,2025-09-23,2025-10-25,2025-10-25,Paid,75,very_late
AR-11458,Helios Public Transit,FR,Public Sector,EUR,98886.72,2025-07-06,2025-09-19,2025-10-19,2025-10-19,Paid,75,very_late
AR-11459,Helios Public Transit,FR,Public Sector,EUR,108032.26,2025-07-17,2025-09-30,2025-10-27,2025-10-27,Paid,75,very_late
AR-11460,Helios Public Transit,FR,Public Sector,EUR,106217.06,2025-07-17,2025-09-30,2025-10-21,2025-10-21,Paid,75,very_late
AR-11461,Helios Public Transit,FR,Public Sector,EUR,42505.93,2025-07-21,2025-10-04,2025-10-22,2025-10-22,Paid,75,very_late
AR-11462,Helios Public Transit,FR,Public Sector,EUR,102115.21,2025-08-15,2025-10-29,2025-11-20,2025-11-20,Paid,75,very_late
AR-11463,Helios Public Transit,FR,Public Sector,EUR,18168.24,2025-08-28,2025-11-11,2025-12-11,2025-12-11,Paid,75,very_late
AR-11464,Helios Public Transit,FR,Public Sector,EUR,24952.09,2025-08-24,2025-11-07,2025-11-26,2025-11-26,Paid,75,very_late
AR-11465,Helios Public Transit,FR,Public Sector,EUR,114306.83,2025-08-20,2025-11-03,2025-12-03,2025-12-03,Paid,75,very_late
AR-11466,Helios Public Transit,FR,Public Sector,EUR,45535.07,2025-08-11,2025-10-25,2025-11-19,2025-11-19,Paid,75,very_late
AR-11467,Helios Public Transit,FR,Public Sector,EUR,41879.14,2025-08-08,2025-10-22,2025-11-14,2025-11-14,Paid,75,very_late
AR-11468,Helios Public Transit,FR,Public Sector,EUR,17516.66,2025-08-20,2025-11-03,2025-11-08,2025-11-08,Paid,75,very_late
AR-11469,Helios Public Transit,FR,Public Sector,EUR,133669.84,2025-08-15,2025-10-29,2025-11-04,2025-11-04,Paid,75,very_late
AR-11470,Helios Public Transit,FR,Public Sector,EUR,40470.76,2025-08-12,2025-10-26,2025-10-31,2025-10-31,Paid,75,very_late
AR-11471,Helios Public Transit,FR,Public Sector,EUR,131580.41,2025-08-16,2025-10-30,2025-11-08,2025-11-08,Paid,75,very_late
AR-11472,Helios Public Transit,FR,Public Sector,EUR,10137.14,2025-09-18,2025-12-02,2025-12-16,2025-12-16,Paid,75,very_late
AR-11473,Helios Public Transit,FR,Public Sector,EUR,157326.5,2025-09-21,2025-12-05,2025-12-16,2025-12-16,Paid,75,very_late
AR-11474,Helios Public Transit,FR,Public Sector,EUR,39444.28,2025-09-12,2025-11-26,2025-12-04,2025-12-04,Paid,75,very_late
AR-11475,Helios Public Transit,FR,Public Sector,EUR,269775.03,2025-09-05,2025-11-19,2025-11-29,2025-11-29,Paid,75,very_late
AR-11476,Helios Public Transit,FR,Public Sector,EUR,48603.35,2025-09-18,2025-12-02,2025-12-15,2025-12-15,Paid,75,very_late
AR-11477,Helios Public Transit,FR,Public Sector,EUR,164941.48,2025-09-19,2025-12-03,2025-12-16,2025-12-16,Paid,75,very_late
AR-11478,Helios Public Transit,FR,Public Sector,EUR,34653.69,2025-09-17,2025-12-01,2025-12-17,2025-12-17,Paid,75,very_late
AR-11479,Helios Public Transit,FR,Public Sector,EUR,50439.26,2025-09-17,2025-12-01,2025-12-31,2025-12-31,Paid,75,very_late
AR-11480,Helios Public Transit,FR,Public Sector,EUR,58166.76,2025-09-09,2025-11-23,2025-12-12,2025-12-12,Paid,75,very_late
AR-11481,Helios Public Transit,FR,Public Sector,EUR,392771.23,2025-10-05,2025-12-19,2026-01-06,2026-01-06,Paid,75,very_late
AR-11482,Helios Public Transit,FR,Public Sector,EUR,122929.91,2025-10-01,2025-12-15,2025-12-29,2025-12-29,Paid,75,very_late
AR-11483,Helios Public Transit,FR,Public Sector,EUR,193940.56,2025-10-03,2025-12-17,2026-01-05,2026-01-05,Paid,75,very_late
AR-11484,Helios Public Transit,FR,Public Sector,EUR,93337.4,2025-10-26,2026-01-09,2026-01-27,2026-01-27,Paid,75,very_late
AR-11485,Helios Public Transit,FR,Public Sector,EUR,113786.41,2025-11-03,2026-01-17,2026-01-22,2026-01-22,Paid,75,very_late
AR-11486,Helios Public Transit,FR,Public Sector,EUR,112704.86,2025-11-28,2026-02-11,2026-03-10,2026-03-10,Paid,75,very_late
AR-11487,Helios Public Transit,FR,Public Sector,EUR,104668.41,2025-11-26,2026-02-09,2026-03-10,2026-03-10,Paid,75,very_late
AR-11488,Helios Public Transit,FR,Public Sector,EUR,51653.53,2025-11-15,2026-01-29,2026-02-06,2026-02-06,Paid,75,very_late
AR-11489,Helios Public Transit,FR,Public Sector,EUR,52696.08,2025-11-10,2026-01-24,2026-01-29,2026-01-29,Paid,75,very_late
AR-11490,Helios Public Transit,FR,Public Sector,EUR,16112.91,2025-11-11,2026-01-25,2026-02-07,2026-02-07,Paid,75,very_late
AR-11491,Helios Public Transit,FR,Public Sector,EUR,127598.33,2025-11-03,2026-01-17,2026-02-06,2026-02-06,Paid,75,very_late
AR-11492,Helios Public Transit,FR,Public Sector,EUR,102336.91,2025-11-11,2026-01-25,2026-02-20,2026-02-20,Paid,75,very_late
AR-11493,Helios Public Transit,FR,Public Sector,EUR,54892.1,2025-11-15,2026-01-29,2026-02-05,2026-02-05,Paid,75,very_late
AR-11494,Helios Public Transit,FR,Public Sector,EUR,131286.87,2025-11-05,2026-01-19,2026-01-24,2026-01-24,Paid,75,very_late
AR-11495,Helios Public Transit,FR,Public Sector,EUR,144052.78,2025-12-16,2026-03-01,2026-03-06,2026-03-06,Paid,75,very_late
AR-11496,Helios Public Transit,FR,Public Sector,EUR,20772.19,2025-12-10,2026-02-23,2026-03-13,2026-03-13,Paid,75,very_late
AR-11497,Helios Public Transit,FR,Public Sector,EUR,143698.36,2025-12-06,2026-02-19,2026-03-21,2026-03-21,Paid,75,very_late
AR-11498,Helios Public Transit,FR,Public Sector,EUR,79229.28,2025-12-19,2026-03-04,2026-03-23,2026-03-23,Paid,75,very_late
AR-11499,Helios Public Transit,FR,Public Sector,EUR,29910.68,2025-12-08,2026-02-21,2026-03-07,2026-03-07,Paid,75,very_late
AR-11500,Helios Public Transit,FR,Public Sector,EUR,81228.57,2025-12-14,2026-02-27,2026-04-05,2026-04-05,Paid,75,very_late
AR-11501,Helios Public Transit,FR,Public Sector,EUR,351077.32,2025-12-15,2026-02-28,2026-03-25,2026-03-25,Paid,75,very_late
AR-11502,Helios Public Transit,FR,Public Sector,EUR,151350.31,2026-01-12,2026-03-28,2026-04-05,2026-04-05,Paid,75,very_late
AR-11503,Helios Public Transit,FR,Public Sector,EUR,53858.36,2026-01-09,2026-03-25,2026-03-30,2026-03-30,Paid,75,very_late
AR-11504,Helios Public Transit,FR,Public Sector,EUR,20594.36,2026-01-10,2026-03-26,2026-04-27,2026-04-27,Paid,75,very_late
AR-11505,Helios Public Transit,FR,Public Sector,EUR,88188.43,2026-01-01,2026-03-17,2026-04-11,2026-04-11,Paid,75,very_late
AR-11506,Helios Public Transit,FR,Public Sector,EUR,123154.87,2026-01-22,2026-04-07,2026-04-30,2026-04-30,Paid,75,very_late
AR-11507,Helios Public Transit,FR,Public Sector,EUR,46646.94,2026-01-15,2026-03-31,2026-04-22,2026-04-22,Paid,75,very_late
AR-11508,Helios Public Transit,FR,Public Sector,EUR,118393.32,2026-01-22,2026-04-07,2026-04-28,2026-04-28,Paid,75,very_late
AR-11509,Helios Public Transit,FR,Public Sector,EUR,30042.89,2026-01-02,2026-03-18,2026-04-04,2026-04-04,Paid,75,very_late
AR-11510,Helios Public Transit,FR,Public Sector,EUR,54819.28,2026-01-12,2026-03-28,2026-04-26,2026-04-26,Paid,75,very_late
AR-11511,Helios Public Transit,FR,Public Sector,EUR,72399.3,2026-01-21,2026-04-06,2026-04-13,2026-04-13,Paid,75,very_late
AR-11512,Helios Public Transit,FR,Public Sector,EUR,258247.19,2026-02-24,2026-05-10,2026-05-21,,Open,75,very_late
AR-11513,Helios Public Transit,FR,Public Sector,EUR,92916.71,2026-02-27,2026-05-13,2026-06-20,,Open,75,very_late
AR-11514,Helios Public Transit,FR,Public Sector,EUR,161739.12,2026-02-08,2026-04-24,2026-05-14,,Open,75,very_late
AR-11515,Helios Public Transit,FR,Public Sector,EUR,38059.69,2026-02-20,2026-05-06,2026-06-08,,Open,75,very_late
AR-11516,Helios Public Transit,FR,Public Sector,EUR,103581.5,2026-02-08,2026-04-24,2026-05-12,,Open,75,very_late
AR-11517,Helios Public Transit,FR,Public Sector,EUR,123419.42,2026-02-02,2026-04-18,2026-04-23,2026-04-23,Paid,75,very_late
AR-11518,Helios Public Transit,FR,Public Sector,EUR,312707.64,2026-03-25,2026-06-08,2026-06-15,,Open,75,very_late
AR-11519,Helios Public Transit,FR,Public Sector,EUR,149436.56,2026-03-22,2026-06-05,2026-06-29,,Open,75,very_late
AR-11520,Helios Public Transit,FR,Public Sector,EUR,157533.0,2026-03-17,2026-05-31,2026-06-15,,Open,75,very_late
AR-11521,Helios Public Transit,FR,Public Sector,EUR,187220.45,2026-03-24,2026-06-07,2026-07-02,,Open,75,very_late
AR-11522,Helios Public Transit,FR,Public Sector,EUR,83098.35,2026-04-26,2026-07-10,2026-07-27,,Open,75,very_late
AR-11523,Helios Public Transit,FR,Public Sector,EUR,20381.18,2026-04-15,2026-06-29,2026-07-06,,Open,75,very_late
AR-11524,Helios Public Transit,FR,Public Sector,EUR,165388.48,2026-04-08,2026-06-22,2026-07-11,,Open,75,very_late
AR-11525,Helios Public Transit,FR,Public Sector,EUR,89522.16,2026-04-26,2026-07-10,2026-07-29,,Open,75,very_late
AR-11526,Helios Public Transit,FR,Public Sector,EUR,63646.48,2026-04-05,2026-06-19,2026-07-09,,Open,75,very_late
AR-11527,Helios Public Transit,FR,Public Sector,EUR,106382.95,2026-04-26,2026-07-10,2026-08-04,,Open,75,very_late
AR-11528,Helios Public Transit,FR,Public Sector,EUR,40418.29,2026-04-20,2026-07-04,2026-07-09,,Open,75,very_late
AR-11529,Helios Public Transit,FR,Public Sector,EUR,39185.43,2026-04-26,2026-07-10,2026-07-30,,Open,75,very_late
AR-11530,Helios Public Transit,FR,Public Sector,EUR,47790.3,2026-04-19,2026-07-03,2026-07-08,,Open,75,very_late
AR-11531,Helios Public Transit,FR,Public Sector,EUR,188699.52,2026-04-07,2026-06-21,2026-07-10,,Open,75,very_late
AR-11532,Helios Public Transit,FR,Public Sector,EUR,432464.28,2026-05-15,2026-07-29,2026-08-26,,Open,75,very_late
AR-11533,Helios Public Transit,FR,Public Sector,EUR,196458.78,2026-05-04,2026-07-18,2026-08-02,,Open,75,very_late
AR-11534,Helios Public Transit,FR,Public Sector,EUR,49785.84,2026-05-07,2026-07-21,2026-07-26,,Open,75,very_late
AR-11535,Helios Public Transit,FR,Public Sector,EUR,163272.29,2026-05-24,2026-08-07,2026-09-06,,Open,75,very_late
AR-11536,Helios Public Transit,FR,Public Sector,EUR,36010.67,2026-05-13,2026-07-27,2026-08-02,,Open,75,very_late
AR-11537,Helios Public Transit,FR,Public Sector,EUR,20423.63,2026-06-21,2026-09-04,2026-09-29,,Open,75,very_late
AR-11538,Helios Public Transit,FR,Public Sector,EUR,48133.92,2026-06-10,2026-08-24,2026-09-12,,Open,75,very_late
AR-11539,Helios Public Transit,FR,Public Sector,EUR,91350.98,2026-06-23,2026-09-06,2026-10-04,,Open,75,very_late
AR-11540,Helios Public Transit,FR,Public Sector,EUR,267911.32,2026-06-17,2026-08-31,2026-09-18,,Open,75,very_late
AR-11541,Helios Public Transit,FR,Public Sector,EUR,91532.65,2026-06-14,2026-08-28,2026-10-06,,Open,75,very_late
AR-11542,Helios Public Transit,FR,Public Sector,EUR,181707.52,2026-06-08,2026-08-22,2026-09-30,,Open,75,very_late
AR-11543,Helios Public Transit,FR,Public Sector,EUR,101186.62,2026-06-07,2026-08-21,2026-09-21,,Open,75,very_late
AR-11544,Helios Public Transit,FR,Public Sector,EUR,98473.86,2026-06-27,2026-09-10,2026-10-02,,Open,75,very_late
AR-11545,Helios Public Transit,FR,Public Sector,EUR,88169.05,2026-07-01,2026-09-14,2026-10-13,,Open,75,very_late
AR-11546,Helios Public Transit,FR,Public Sector,EUR,125545.49,2026-07-26,2026-10-09,2026-10-23,,Open,75,very_late
AR-11547,Helios Public Transit,FR,Public Sector,EUR,105954.78,2026-07-24,2026-10-07,2026-11-05,,Open,75,very_late
AR-11548,Helios Public Transit,FR,Public Sector,EUR,144981.95,2026-07-15,2026-09-28,2026-10-28,,Open,75,very_late
AR-11549,Helios Public Transit,FR,Public Sector,EUR,183611.64,2026-07-04,2026-09-17,2026-10-04,,Open,75,very_late
AR-11550,Helios Public Transit,FR,Public Sector,EUR,24595.61,2026-07-02,2026-09-15,2026-09-30,,Open,75,very_late
AR-11551,Helios Public Transit,FR,Public Sector,EUR,84399.08,2026-07-27,2026-10-10,2026-10-29,,Open,75,very_late
AR-11552,Helios Public Transit,FR,Public Sector,EUR,97850.99,2026-07-07,2026-09-20,2026-10-13,,Open,75,very_late
AR-11553,Helios Public Transit,FR,Public Sector,EUR,51019.58,2026-07-20,2026-10-03,2026-10-18,,Open,75,very_late
AR-11554,Helios Public Transit,FR,Public Sector,EUR,44071.27,2026-08-13,2026-10-27,2026-11-25,,Open,75,very_late
AR-11555,Helios Public Transit,FR,Public Sector,EUR,10151.43,2026-08-27,2026-11-10,2026-12-25,,Open,75,very_late
AR-11556,Helios Public Transit,FR,Public Sector,EUR,115856.69,2026-08-05,2026-10-19,2026-11-08,,Open,75,very_late
AR-11557,Helios Public Transit,FR,Public Sector,EUR,89638.94,2026-08-11,2026-10-25,2026-12-05,,Open,75,very_late
AR-11558,Helios Public Transit,FR,Public Sector,EUR,84503.06,2026-08-17,2026-10-31,2026-11-15,,Open,75,very_late
AR-11559,Helios Public Transit,FR,Public Sector,EUR,50788.91,2026-08-11,2026-10-25,2026-11-23,,Open,75,very_late
AR-11560,Helios Public Transit,FR,Public Sector,EUR,117595.48,2026-08-12,2026-10-26,2026-12-01,,Open,75,very_late
AR-11561,Helios Public Transit,FR,Public Sector,EUR,75185.67,2026-08-06,2026-10-20,2026-11-03,,Open,75,very_late
AR-11562,Helios Public Transit,FR,Public Sector,EUR,109146.9,2026-08-06,2026-10-20,2026-11-25,,Open,75,very_late
AR-11563,Helios Public Transit,FR,Public Sector,EUR,178231.49,2026-09-02,2026-11-16,2026-12-13,,Open,75,very_late
AR-11564,Indus Logistics,NL,Logistics,EUR,25961.39,2024-05-07,2024-06-06,2024-06-08,2024-06-08,Paid,30,ontime
AR-11565,Indus Logistics,NL,Logistics,EUR,41949.27,2024-05-08,2024-06-07,2024-06-11,2024-06-11,Paid,30,ontime
AR-11566,Indus Logistics,NL,Logistics,EUR,450.32,2024-05-25,2024-06-24,2024-06-23,2024-06-23,Paid,30,ontime
AR-11567,Indus Logistics,NL,Logistics,EUR,43005.01,2024-05-24,2024-06-23,2024-06-26,2024-06-26,Paid,30,ontime
AR-11568,Indus Logistics,NL,Logistics,EUR,40109.91,2024-05-12,2024-06-11,2024-06-18,2024-06-18,Paid,30,ontime
AR-11569,Indus Logistics,NL,Logistics,EUR,61550.78,2024-05-28,2024-06-27,2024-06-30,2024-06-30,Paid,30,ontime
AR-11570,Indus Logistics,NL,Logistics,EUR,4369.55,2024-05-18,2024-06-17,2024-06-19,2024-06-19,Paid,30,ontime
AR-11571,Indus Logistics,NL,Logistics,EUR,32734.21,2024-05-21,2024-06-20,2024-06-17,2024-06-17,Paid,30,ontime
AR-11572,Indus Logistics,NL,Logistics,EUR,2572.95,2024-05-19,2024-06-18,2024-06-20,2024-06-20,Paid,30,ontime
AR-11573,Indus Logistics,NL,Logistics,EUR,72705.79,2024-06-24,2024-07-24,2024-07-23,2024-07-23,Paid,30,ontime
AR-11574,Indus Logistics,NL,Logistics,EUR,39559.8,2024-06-01,2024-07-01,2024-07-01,2024-07-01,Paid,30,ontime
AR-11575,Indus Logistics,NL,Logistics,EUR,12965.96,2024-06-01,2024-07-01,2024-07-01,2024-07-01,Paid,30,ontime
AR-11576,Indus Logistics,NL,Logistics,EUR,46664.26,2024-06-27,2024-07-27,2024-07-27,2024-07-27,Paid,30,ontime
AR-11577,Indus Logistics,NL,Logistics,EUR,36377.05,2024-06-06,2024-07-06,2024-07-04,2024-07-04,Paid,30,ontime
AR-11578,Indus Logistics,NL,Logistics,EUR,28182.88,2024-06-19,2024-07-19,2024-07-22,2024-07-22,Paid,30,ontime
AR-11579,Indus Logistics,NL,Logistics,EUR,7151.22,2024-06-28,2024-07-28,2024-07-25,2024-07-25,Paid,30,ontime
AR-11580,Indus Logistics,NL,Logistics,EUR,15557.23,2024-06-10,2024-07-10,2024-07-10,2024-07-10,Paid,30,ontime
AR-11581,Indus Logistics,NL,Logistics,EUR,75489.49,2024-07-08,2024-08-07,2024-08-10,2024-08-10,Paid,30,ontime
AR-11582,Indus Logistics,NL,Logistics,EUR,4943.53,2024-07-21,2024-08-20,2024-08-20,2024-08-20,Paid,30,ontime
AR-11583,Indus Logistics,NL,Logistics,EUR,15883.94,2024-07-26,2024-08-25,2024-08-25,2024-08-25,Paid,30,ontime
AR-11584,Indus Logistics,NL,Logistics,EUR,31202.54,2024-07-21,2024-08-20,2024-08-22,2024-08-22,Paid,30,ontime
AR-11585,Indus Logistics,NL,Logistics,EUR,82574.37,2024-07-02,2024-08-01,2024-08-02,2024-08-02,Paid,30,ontime
AR-11586,Indus Logistics,NL,Logistics,EUR,50526.38,2024-07-08,2024-08-07,2024-08-08,2024-08-08,Paid,30,ontime
AR-11587,Indus Logistics,NL,Logistics,EUR,64953.38,2024-08-16,2024-09-15,2024-09-12,2024-09-12,Paid,30,ontime
AR-11588,Indus Logistics,NL,Logistics,EUR,39570.05,2024-08-02,2024-09-01,2024-09-03,2024-09-03,Paid,30,ontime
AR-11589,Indus Logistics,NL,Logistics,EUR,23734.22,2024-08-22,2024-09-21,2024-09-21,2024-09-21,Paid,30,ontime
AR-11590,Indus Logistics,NL,Logistics,EUR,42543.55,2024-08-09,2024-09-08,2024-09-09,2024-09-09,Paid,30,ontime
AR-11591,Indus Logistics,NL,Logistics,EUR,29581.5,2024-08-02,2024-09-01,2024-09-02,2024-09-02,Paid,30,ontime
AR-11592,Indus Logistics,NL,Logistics,EUR,5602.93,2024-09-05,2024-10-05,2024-10-04,2024-10-04,Paid,30,ontime
AR-11593,Indus Logistics,NL,Logistics,EUR,82844.98,2024-09-25,2024-10-25,2024-10-26,2024-10-26,Paid,30,ontime
AR-11594,Indus Logistics,NL,Logistics,EUR,17751.84,2024-09-19,2024-10-19,2024-10-19,2024-10-19,Paid,30,ontime
AR-11595,Indus Logistics,NL,Logistics,EUR,15494.52,2024-09-21,2024-10-21,2024-10-21,2024-10-21,Paid,30,ontime
AR-11596,Indus Logistics,NL,Logistics,EUR,53667.68,2024-09-21,2024-10-21,2024-10-21,2024-10-21,Paid,30,ontime
AR-11597,Indus Logistics,NL,Logistics,EUR,73774.69,2024-09-22,2024-10-22,2024-10-25,2024-10-25,Paid,30,ontime
AR-11598,Indus Logistics,NL,Logistics,EUR,31032.52,2024-10-12,2024-11-11,2024-11-10,2024-11-10,Paid,30,ontime
AR-11599,Indus Logistics,NL,Logistics,EUR,17057.65,2024-10-07,2024-11-06,2024-11-10,2024-11-10,Paid,30,ontime
AR-11600,Indus Logistics,NL,Logistics,EUR,20890.85,2024-10-12,2024-11-11,2024-11-18,2024-11-18,Paid,30,ontime
AR-11601,Indus Logistics,NL,Logistics,EUR,63308.29,2024-10-19,2024-11-18,2024-11-21,2024-11-21,Paid,30,ontime
AR-11602,Indus Logistics,NL,Logistics,EUR,33221.65,2024-10-15,2024-11-14,2024-11-21,2024-11-21,Paid,30,ontime
AR-11603,Indus Logistics,NL,Logistics,EUR,18121.23,2024-10-02,2024-11-01,2024-10-29,2024-10-29,Paid,30,ontime
AR-11604,Indus Logistics,NL,Logistics,EUR,13676.21,2024-10-07,2024-11-06,2024-11-03,2024-11-03,Paid,30,ontime
AR-11605,Indus Logistics,NL,Logistics,EUR,42720.24,2024-10-13,2024-11-12,2024-11-14,2024-11-14,Paid,30,ontime
AR-11606,Indus Logistics,NL,Logistics,EUR,62001.97,2024-11-18,2024-12-18,2024-12-19,2024-12-19,Paid,30,ontime
AR-11607,Indus Logistics,NL,Logistics,EUR,24204.73,2024-11-10,2024-12-10,2024-12-13,2024-12-13,Paid,30,ontime
AR-11608,Indus Logistics,NL,Logistics,EUR,63835.19,2024-11-05,2024-12-05,2024-12-03,2024-12-03,Paid,30,ontime
AR-11609,Indus Logistics,NL,Logistics,EUR,75015.21,2024-11-09,2024-12-09,2024-12-15,2024-12-15,Paid,30,ontime
AR-11610,Indus Logistics,NL,Logistics,EUR,34440.92,2024-11-05,2024-12-05,2024-12-09,2024-12-09,Paid,30,ontime
AR-11611,Indus Logistics,NL,Logistics,EUR,4495.07,2024-12-28,2025-01-27,2025-01-29,2025-01-29,Paid,30,ontime
AR-11612,Indus Logistics,NL,Logistics,EUR,137043.91,2024-12-05,2025-01-04,2025-01-03,2025-01-03,Paid,30,ontime
AR-11613,Indus Logistics,NL,Logistics,EUR,90344.28,2024-12-14,2025-01-13,2025-01-14,2025-01-14,Paid,30,ontime
AR-11614,Indus Logistics,NL,Logistics,EUR,22491.95,2024-12-19,2025-01-18,2025-01-16,2025-01-16,Paid,30,ontime
AR-11615,Indus Logistics,NL,Logistics,EUR,23867.21,2025-01-19,2025-02-18,2025-02-18,2025-02-18,Paid,30,ontime
AR-11616,Indus Logistics,NL,Logistics,EUR,34183.82,2025-01-16,2025-02-15,2025-02-15,2025-02-15,Paid,30,ontime
AR-11617,Indus Logistics,NL,Logistics,EUR,51697.87,2025-01-01,2025-01-31,2025-02-01,2025-02-01,Paid,30,ontime
AR-11618,Indus Logistics,NL,Logistics,EUR,68611.08,2025-01-09,2025-02-08,2025-02-07,2025-02-07,Paid,30,ontime
AR-11619,Indus Logistics,NL,Logistics,EUR,29161.22,2025-01-17,2025-02-16,2025-02-16,2025-02-16,Paid,30,ontime
AR-11620,Indus Logistics,NL,Logistics,EUR,19898.42,2025-01-24,2025-02-23,2025-02-27,2025-02-27,Paid,30,ontime
AR-11621,Indus Logistics,NL,Logistics,EUR,61494.41,2025-02-15,2025-03-17,2025-03-15,2025-03-15,Paid,30,ontime
AR-11622,Indus Logistics,NL,Logistics,EUR,28776.16,2025-02-07,2025-03-09,2025-03-06,2025-03-06,Paid,30,ontime
AR-11623,Indus Logistics,NL,Logistics,EUR,73757.64,2025-02-14,2025-03-16,2025-03-17,2025-03-17,Paid,30,ontime
AR-11624,Indus Logistics,NL,Logistics,EUR,7700.6,2025-02-18,2025-03-20,2025-03-22,2025-03-22,Paid,30,ontime
AR-11625,Indus Logistics,NL,Logistics,EUR,29275.81,2025-02-03,2025-03-05,2025-03-06,2025-03-06,Paid,30,ontime
AR-11626,Indus Logistics,NL,Logistics,EUR,31990.59,2025-02-12,2025-03-14,2025-03-15,2025-03-15,Paid,30,ontime
AR-11627,Indus Logistics,NL,Logistics,EUR,13606.64,2025-03-22,2025-04-21,2025-04-29,2025-04-29,Paid,30,ontime
AR-11628,Indus Logistics,NL,Logistics,EUR,49284.96,2025-03-11,2025-04-10,2025-04-10,2025-04-10,Paid,30,ontime
AR-11629,Indus Logistics,NL,Logistics,EUR,60852.97,2025-03-06,2025-04-05,2025-04-08,2025-04-08,Paid,30,ontime
AR-11630,Indus Logistics,NL,Logistics,EUR,117948.18,2025-03-12,2025-04-11,2025-04-11,2025-04-11,Paid,30,ontime
AR-11631,Indus Logistics,NL,Logistics,EUR,19297.85,2025-04-18,2025-05-18,2025-05-22,2025-05-22,Paid,30,ontime
AR-11632,Indus Logistics,NL,Logistics,EUR,23956.82,2025-04-28,2025-05-28,2025-05-28,2025-05-28,Paid,30,ontime
AR-11633,Indus Logistics,NL,Logistics,EUR,44031.12,2025-04-14,2025-05-14,2025-05-13,2025-05-13,Paid,30,ontime
AR-11634,Indus Logistics,NL,Logistics,EUR,87618.03,2025-04-25,2025-05-25,2025-05-25,2025-05-25,Paid,30,ontime
AR-11635,Indus Logistics,NL,Logistics,EUR,24790.13,2025-04-23,2025-05-23,2025-05-27,2025-05-27,Paid,30,ontime
AR-11636,Indus Logistics,NL,Logistics,EUR,53299.14,2025-04-15,2025-05-15,2025-05-19,2025-05-19,Paid,30,ontime
AR-11637,Indus Logistics,NL,Logistics,EUR,34649.65,2025-05-18,2025-06-17,2025-06-18,2025-06-18,Paid,30,ontime
AR-11638,Indus Logistics,NL,Logistics,EUR,30084.27,2025-05-26,2025-06-25,2025-06-29,2025-06-29,Paid,30,ontime
AR-11639,Indus Logistics,NL,Logistics,EUR,30942.79,2025-05-16,2025-06-15,2025-06-18,2025-06-18,Paid,30,ontime
AR-11640,Indus Logistics,NL,Logistics,EUR,26799.09,2025-05-23,2025-06-22,2025-06-23,2025-06-23,Paid,30,ontime
AR-11641,Indus Logistics,NL,Logistics,EUR,42367.33,2025-05-17,2025-06-16,2025-06-17,2025-06-17,Paid,30,ontime
AR-11642,Indus Logistics,NL,Logistics,EUR,98213.6,2025-05-15,2025-06-14,2025-06-18,2025-06-18,Paid,30,ontime
AR-11643,Indus Logistics,NL,Logistics,EUR,25583.63,2025-06-08,2025-07-08,2025-07-05,2025-07-05,Paid,30,ontime
AR-11644,Indus Logistics,NL,Logistics,EUR,34721.22,2025-06-24,2025-07-24,2025-07-24,2025-07-24,Paid,30,ontime
AR-11645,Indus Logistics,NL,Logistics,EUR,40607.03,2025-06-26,2025-07-26,2025-07-28,2025-07-28,Paid,30,ontime
AR-11646,Indus Logistics,NL,Logistics,EUR,6580.8,2025-06-02,2025-07-02,2025-07-01,2025-07-01,Paid,30,ontime
AR-11647,Indus Logistics,NL,Logistics,EUR,16596.79,2025-06-11,2025-07-11,2025-07-13,2025-07-13,Paid,30,ontime
AR-11648,Indus Logistics,NL,Logistics,EUR,61784.8,2025-06-04,2025-07-04,2025-07-03,2025-07-03,Paid,30,ontime
AR-11649,Indus Logistics,NL,Logistics,EUR,29436.27,2025-06-11,2025-07-11,2025-07-09,2025-07-09,Paid,30,ontime
AR-11650,Indus Logistics,NL,Logistics,EUR,30734.09,2025-06-01,2025-07-01,2025-07-04,2025-07-04,Paid,30,ontime
AR-11651,Indus Logistics,NL,Logistics,EUR,23856.89,2025-06-21,2025-07-21,2025-07-18,2025-07-18,Paid,30,ontime
AR-11652,Indus Logistics,NL,Logistics,EUR,25226.16,2025-07-15,2025-08-14,2025-08-17,2025-08-17,Paid,30,ontime
AR-11653,Indus Logistics,NL,Logistics,EUR,84970.54,2025-07-27,2025-08-26,2025-08-26,2025-08-26,Paid,30,ontime
AR-11654,Indus Logistics,NL,Logistics,EUR,48102.88,2025-07-25,2025-08-24,2025-08-29,2025-08-29,Paid,30,ontime
AR-11655,Indus Logistics,NL,Logistics,EUR,31835.36,2025-07-28,2025-08-27,2025-08-26,2025-08-26,Paid,30,ontime
AR-11656,Indus Logistics,NL,Logistics,EUR,19887.69,2025-07-21,2025-08-20,2025-08-26,2025-08-26,Paid,30,ontime
AR-11657,Indus Logistics,NL,Logistics,EUR,61534.29,2025-07-11,2025-08-10,2025-08-13,2025-08-13,Paid,30,ontime
AR-11658,Indus Logistics,NL,Logistics,EUR,59354.93,2025-08-09,2025-09-08,2025-09-11,2025-09-11,Paid,30,ontime
AR-11659,Indus Logistics,NL,Logistics,EUR,46968.99,2025-08-28,2025-09-27,2025-09-25,2025-09-25,Paid,30,ontime
AR-11660,Indus Logistics,NL,Logistics,EUR,56110.94,2025-08-26,2025-09-25,2025-09-26,2025-09-26,Paid,30,ontime
AR-11661,Indus Logistics,NL,Logistics,EUR,8888.45,2025-08-17,2025-09-16,2025-09-16,2025-09-16,Paid,30,ontime
AR-11662,Indus Logistics,NL,Logistics,EUR,8222.93,2025-08-25,2025-09-24,2025-09-24,2025-09-24,Paid,30,ontime
AR-11663,Indus Logistics,NL,Logistics,EUR,6588.74,2025-08-06,2025-09-05,2025-09-05,2025-09-05,Paid,30,ontime
AR-11664,Indus Logistics,NL,Logistics,EUR,22756.74,2025-08-28,2025-09-27,2025-09-28,2025-09-28,Paid,30,ontime
AR-11665,Indus Logistics,NL,Logistics,EUR,36074.62,2025-09-27,2025-10-27,2025-10-27,2025-10-27,Paid,30,ontime
AR-11666,Indus Logistics,NL,Logistics,EUR,35801.35,2025-09-17,2025-10-17,2025-10-20,2025-10-20,Paid,30,ontime
AR-11667,Indus Logistics,NL,Logistics,EUR,86963.14,2025-09-19,2025-10-19,2025-10-22,2025-10-22,Paid,30,ontime
AR-11668,Indus Logistics,NL,Logistics,EUR,11253.31,2025-09-01,2025-10-01,2025-09-28,2025-09-28,Paid,30,ontime
AR-11669,Indus Logistics,NL,Logistics,EUR,23606.29,2025-09-07,2025-10-07,2025-10-11,2025-10-11,Paid,30,ontime
AR-11670,Indus Logistics,NL,Logistics,EUR,66089.6,2025-09-08,2025-10-08,2025-10-09,2025-10-09,Paid,30,ontime
AR-11671,Indus Logistics,NL,Logistics,EUR,9363.96,2025-10-19,2025-11-18,2025-11-16,2025-11-16,Paid,30,ontime
AR-11672,Indus Logistics,NL,Logistics,EUR,68602.48,2025-10-28,2025-11-27,2025-12-01,2025-12-01,Paid,30,ontime
AR-11673,Indus Logistics,NL,Logistics,EUR,19492.41,2025-10-17,2025-11-16,2025-11-16,2025-11-16,Paid,30,ontime
AR-11674,Indus Logistics,NL,Logistics,EUR,36065.74,2025-10-04,2025-11-03,2025-11-03,2025-11-03,Paid,30,ontime
AR-11675,Indus Logistics,NL,Logistics,EUR,35156.28,2025-10-21,2025-11-20,2025-11-19,2025-11-19,Paid,30,ontime
AR-11676,Indus Logistics,NL,Logistics,EUR,81598.33,2025-10-22,2025-11-21,2025-11-22,2025-11-22,Paid,30,ontime
AR-11677,Indus Logistics,NL,Logistics,EUR,97670.18,2025-11-02,2025-12-02,2025-11-29,2025-11-29,Paid,30,ontime
AR-11678,Indus Logistics,NL,Logistics,EUR,48325.17,2025-11-25,2025-12-25,2025-12-30,2025-12-30,Paid,30,ontime
AR-11679,Indus Logistics,NL,Logistics,EUR,71854.25,2025-11-21,2025-12-21,2025-12-20,2025-12-20,Paid,30,ontime
AR-11680,Indus Logistics,NL,Logistics,EUR,52613.7,2025-11-05,2025-12-05,2025-12-06,2025-12-06,Paid,30,ontime
AR-11681,Indus Logistics,NL,Logistics,EUR,59909.05,2025-12-16,2026-01-15,2026-01-15,2026-01-15,Paid,30,ontime
AR-11682,Indus Logistics,NL,Logistics,EUR,102943.32,2025-12-15,2026-01-14,2026-01-11,2026-01-11,Paid,30,ontime
AR-11683,Indus Logistics,NL,Logistics,EUR,14527.41,2025-12-12,2026-01-11,2026-01-09,2026-01-09,Paid,30,ontime
AR-11684,Indus Logistics,NL,Logistics,EUR,63309.89,2025-12-04,2026-01-03,2026-01-01,2026-01-01,Paid,30,ontime
AR-11685,Indus Logistics,NL,Logistics,EUR,24235.8,2025-12-08,2026-01-07,2026-01-05,2026-01-05,Paid,30,ontime
AR-11686,Indus Logistics,NL,Logistics,EUR,34307.13,2026-01-05,2026-02-04,2026-02-03,2026-02-03,Paid,30,ontime
AR-11687,Indus Logistics,NL,Logistics,EUR,30868.68,2026-01-13,2026-02-12,2026-02-12,2026-02-12,Paid,30,ontime
AR-11688,Indus Logistics,NL,Logistics,EUR,16949.73,2026-01-08,2026-02-07,2026-02-04,2026-02-04,Paid,30,ontime
AR-11689,Indus Logistics,NL,Logistics,EUR,15381.11,2026-01-16,2026-02-15,2026-02-15,2026-02-15,Paid,30,ontime
AR-11690,Indus Logistics,NL,Logistics,EUR,90664.77,2026-01-06,2026-02-05,2026-02-06,2026-02-06,Paid,30,ontime
AR-11691,Indus Logistics,NL,Logistics,EUR,48539.67,2026-01-11,2026-02-10,2026-02-10,2026-02-10,Paid,30,ontime
AR-11692,Indus Logistics,NL,Logistics,EUR,26141.53,2026-02-22,2026-03-24,2026-03-23,2026-03-23,Paid,30,ontime
AR-11693,Indus Logistics,NL,Logistics,EUR,7303.59,2026-02-16,2026-03-18,2026-03-19,2026-03-19,Paid,30,ontime
AR-11694,Indus Logistics,NL,Logistics,EUR,23570.86,2026-02-14,2026-03-16,2026-03-18,2026-03-18,Paid,30,ontime
AR-11695,Indus Logistics,NL,Logistics,EUR,66716.87,2026-02-06,2026-03-08,2026-03-09,2026-03-09,Paid,30,ontime
AR-11696,Indus Logistics,NL,Logistics,EUR,17422.64,2026-02-12,2026-03-14,2026-03-14,2026-03-14,Paid,30,ontime
AR-11697,Indus Logistics,NL,Logistics,EUR,21840.18,2026-02-11,2026-03-13,2026-03-12,2026-03-12,Paid,30,ontime
AR-11698,Indus Logistics,NL,Logistics,EUR,12478.54,2026-02-17,2026-03-19,2026-03-20,2026-03-20,Paid,30,ontime
AR-11699,Indus Logistics,NL,Logistics,EUR,67007.97,2026-02-17,2026-03-19,2026-03-18,2026-03-18,Paid,30,ontime
AR-11700,Indus Logistics,NL,Logistics,EUR,13229.36,2026-03-03,2026-04-02,2026-04-04,2026-04-04,Paid,30,ontime
AR-11701,Indus Logistics,NL,Logistics,EUR,1476.03,2026-03-19,2026-04-18,2026-04-17,2026-04-17,Paid,30,ontime
AR-11702,Indus Logistics,NL,Logistics,EUR,41504.35,2026-03-28,2026-04-27,2026-04-26,2026-04-26,Paid,30,ontime
AR-11703,Indus Logistics,NL,Logistics,EUR,29393.39,2026-03-12,2026-04-11,2026-04-08,2026-04-08,Paid,30,ontime
AR-11704,Indus Logistics,NL,Logistics,EUR,35791.18,2026-03-26,2026-04-25,2026-04-22,2026-04-22,Paid,30,ontime
AR-11705,Indus Logistics,NL,Logistics,EUR,51724.33,2026-03-10,2026-04-09,2026-04-07,2026-04-07,Paid,30,ontime
AR-11706,Indus Logistics,NL,Logistics,EUR,18488.24,2026-03-18,2026-04-17,2026-04-21,2026-04-21,Paid,30,ontime
AR-11707,Indus Logistics,NL,Logistics,EUR,59893.69,2026-03-02,2026-04-01,2026-04-04,2026-04-04,Paid,30,ontime
AR-11708,Indus Logistics,NL,Logistics,EUR,6210.72,2026-04-18,2026-05-18,2026-05-20,,Open,30,ontime
AR-11709,Indus Logistics,NL,Logistics,EUR,35289.01,2026-04-22,2026-05-22,2026-05-20,,Open,30,ontime
AR-11710,Indus Logistics,NL,Logistics,EUR,61550.2,2026-04-22,2026-05-22,2026-05-21,,Open,30,ontime
AR-11711,Indus Logistics,NL,Logistics,EUR,26923.41,2026-04-10,2026-05-10,2026-05-12,,Open,30,ontime
AR-11712,Indus Logistics,NL,Logistics,EUR,69791.08,2026-04-03,2026-05-03,2026-05-02,2026-05-02,Paid,30,ontime
AR-11713,Indus Logistics,NL,Logistics,EUR,38000.82,2026-04-06,2026-05-06,2026-05-05,2026-05-05,Paid,30,ontime
AR-11714,Indus Logistics,NL,Logistics,EUR,25459.65,2026-04-03,2026-05-03,2026-05-03,2026-05-03,Paid,30,ontime
AR-11715,Indus Logistics,NL,Logistics,EUR,8235.66,2026-05-13,2026-06-12,2026-06-12,,Open,30,ontime
AR-11716,Indus Logistics,NL,Logistics,EUR,14603.02,2026-05-24,2026-06-23,2026-06-21,,Open,30,ontime
AR-11717,Indus Logistics,NL,Logistics,EUR,88700.64,2026-05-27,2026-06-26,2026-06-23,,Open,30,ontime
AR-11718,Indus Logistics,NL,Logistics,EUR,12986.14,2026-05-01,2026-05-31,2026-06-02,,Open,30,ontime
AR-11719,Indus Logistics,NL,Logistics,EUR,36439.42,2026-05-06,2026-06-05,2026-06-08,,Open,30,ontime
AR-11720,Indus Logistics,NL,Logistics,EUR,26646.1,2026-05-26,2026-06-25,2026-06-24,,Open,30,ontime
AR-11721,Indus Logistics,NL,Logistics,EUR,47933.37,2026-05-21,2026-06-20,2026-06-22,,Open,30,ontime
AR-11722,Indus Logistics,NL,Logistics,EUR,22807.13,2026-05-15,2026-06-14,2026-06-17,,Open,30,ontime
AR-11723,Indus Logistics,NL,Logistics,EUR,15308.32,2026-05-05,2026-06-04,2026-06-04,,Open,30,ontime
AR-11724,Indus Logistics,NL,Logistics,EUR,73955.73,2026-06-08,2026-07-08,2026-07-08,,Open,30,ontime
AR-11725,Indus Logistics,NL,Logistics,EUR,37044.8,2026-06-17,2026-07-17,2026-07-17,,Open,30,ontime
AR-11726,Indus Logistics,NL,Logistics,EUR,42495.88,2026-06-08,2026-07-08,2026-07-07,,Open,30,ontime
AR-11727,Indus Logistics,NL,Logistics,EUR,55027.61,2026-06-06,2026-07-06,2026-07-06,,Open,30,ontime
AR-11728,Indus Logistics,NL,Logistics,EUR,54759.85,2026-06-02,2026-07-02,2026-07-06,,Open,30,ontime
AR-11729,Indus Logistics,NL,Logistics,EUR,17460.18,2026-06-17,2026-07-17,2026-07-20,,Open,30,ontime
AR-11730,Indus Logistics,NL,Logistics,EUR,9305.92,2026-07-28,2026-08-27,2026-09-01,,Open,30,ontime
AR-11731,Indus Logistics,NL,Logistics,EUR,43091.06,2026-07-06,2026-08-05,2026-08-02,,Open,30,ontime
AR-11732,Indus Logistics,NL,Logistics,EUR,16046.96,2026-07-13,2026-08-12,2026-08-16,,Open,30,ontime
AR-11733,Indus Logistics,NL,Logistics,EUR,17190.48,2026-07-22,2026-08-21,2026-08-26,,Open,30,ontime
AR-11734,Indus Logistics,NL,Logistics,EUR,68287.01,2026-07-21,2026-08-20,2026-08-18,,Open,30,ontime
AR-11735,Indus Logistics,NL,Logistics,EUR,46129.39,2026-07-12,2026-08-11,2026-08-11,,Open,30,ontime
AR-11736,Indus Logistics,NL,Logistics,EUR,67107.53,2026-07-27,2026-08-26,2026-08-23,,Open,30,ontime
AR-11737,Indus Logistics,NL,Logistics,EUR,15271.2,2026-07-23,2026-08-22,2026-08-23,,Open,30,ontime
AR-11738,Indus Logistics,NL,Logistics,EUR,28754.83,2026-08-11,2026-09-10,2026-09-11,,Open,30,ontime
AR-11739,Indus Logistics,NL,Logistics,EUR,58011.54,2026-08-16,2026-09-15,2026-09-18,,Open,30,ontime
AR-11740,Indus Logistics,NL,Logistics,EUR,11314.32,2026-08-14,2026-09-13,2026-09-11,,Open,30,ontime
AR-11741,Indus Logistics,NL,Logistics,EUR,8189.94,2026-08-22,2026-09-21,2026-09-21,,Open,30,ontime
AR-11742,Indus Logistics,NL,Logistics,EUR,5449.25,2026-08-09,2026-09-08,2026-09-07,,Open,30,ontime
AR-11743,Indus Logistics,NL,Logistics,EUR,30378.91,2026-08-26,2026-09-25,2026-10-01,,Open,30,ontime
AR-11744,Indus Logistics,NL,Logistics,EUR,36839.24,2026-08-13,2026-09-12,2026-09-12,,Open,30,ontime
AR-11745,Indus Logistics,NL,Logistics,EUR,38289.52,2026-08-19,2026-09-18,2026-09-18,,Open,30,ontime
AR-11746,Janus Defence,FR,Defence,EUR,39806.18,2024-05-02,2024-07-01,2024-07-06,2024-07-06,Paid,60,ontime
AR-11747,Janus Defence,FR,Defence,EUR,54429.41,2024-05-04,2024-07-03,2024-07-03,2024-07-03,Paid,60,ontime
AR-11748,Janus Defence,FR,Defence,EUR,159017.57,2024-05-06,2024-07-05,2024-07-04,2024-07-04,Paid,60,ontime
AR-11749,Janus Defence,FR,Defence,EUR,36589.57,2024-05-01,2024-06-30,2024-06-29,2024-06-29,Paid,60,ontime
AR-11750,Janus Defence,FR,Defence,EUR,134816.93,2024-05-17,2024-07-16,2024-07-17,2024-07-17,Paid,60,ontime
AR-11751,Janus Defence,FR,Defence,EUR,72701.31,2024-05-09,2024-07-08,2024-07-06,2024-07-06,Paid,60,ontime
AR-11752,Janus Defence,FR,Defence,EUR,101900.99,2024-05-27,2024-07-26,2024-07-28,2024-07-28,Paid,60,ontime
AR-11753,Janus Defence,FR,Defence,EUR,78416.25,2024-05-06,2024-07-05,2024-07-03,2024-07-03,Paid,60,ontime
AR-11754,Janus Defence,FR,Defence,EUR,59373.31,2024-05-21,2024-07-20,2024-07-19,2024-07-19,Paid,60,ontime
AR-11755,Janus Defence,FR,Defence,EUR,212732.62,2024-06-05,2024-08-04,2024-08-04,2024-08-04,Paid,60,ontime
AR-11756,Janus Defence,FR,Defence,EUR,125345.63,2024-06-12,2024-08-11,2024-08-11,2024-08-11,Paid,60,ontime
AR-11757,Janus Defence,FR,Defence,EUR,328329.23,2024-06-25,2024-08-24,2024-08-24,2024-08-24,Paid,60,ontime
AR-11758,Janus Defence,FR,Defence,EUR,89488.08,2024-06-28,2024-08-27,2024-08-28,2024-08-28,Paid,60,ontime
AR-11759,Janus Defence,FR,Defence,EUR,51696.11,2024-07-23,2024-09-21,2024-09-23,2024-09-23,Paid,60,ontime
AR-11760,Janus Defence,FR,Defence,EUR,67376.34,2024-07-18,2024-09-16,2024-09-13,2024-09-13,Paid,60,ontime
AR-11761,Janus Defence,FR,Defence,EUR,93907.52,2024-07-11,2024-09-09,2024-09-12,2024-09-12,Paid,60,ontime
AR-11762,Janus Defence,FR,Defence,EUR,136835.96,2024-07-18,2024-09-16,2024-09-14,2024-09-14,Paid,60,ontime
AR-11763,Janus Defence,FR,Defence,EUR,155323.51,2024-07-08,2024-09-06,2024-09-06,2024-09-06,Paid,60,ontime
AR-11764,Janus Defence,FR,Defence,EUR,83933.39,2024-07-05,2024-09-03,2024-09-03,2024-09-03,Paid,60,ontime
AR-11765,Janus Defence,FR,Defence,EUR,124677.82,2024-07-23,2024-09-21,2024-09-18,2024-09-18,Paid,60,ontime
AR-11766,Janus Defence,FR,Defence,EUR,46391.72,2024-07-15,2024-09-13,2024-09-14,2024-09-14,Paid,60,ontime
AR-11767,Janus Defence,FR,Defence,EUR,78482.7,2024-08-26,2024-10-25,2024-10-29,2024-10-29,Paid,60,ontime
AR-11768,Janus Defence,FR,Defence,EUR,96193.38,2024-08-12,2024-10-11,2024-10-11,2024-10-11,Paid,60,ontime
AR-11769,Janus Defence,FR,Defence,EUR,40459.35,2024-08-28,2024-10-27,2024-10-31,2024-10-31,Paid,60,ontime
AR-11770,Janus Defence,FR,Defence,EUR,116146.22,2024-08-23,2024-10-22,2024-10-22,2024-10-22,Paid,60,ontime
AR-11771,Janus Defence,FR,Defence,EUR,18607.92,2024-08-19,2024-10-18,2024-10-19,2024-10-19,Paid,60,ontime
AR-11772,Janus Defence,FR,Defence,EUR,135402.22,2024-08-12,2024-10-11,2024-10-14,2024-10-14,Paid,60,ontime
AR-11773,Janus Defence,FR,Defence,EUR,79253.75,2024-08-07,2024-10-06,2024-10-06,2024-10-06,Paid,60,ontime
AR-11774,Janus Defence,FR,Defence,EUR,19903.99,2024-08-13,2024-10-12,2024-10-16,2024-10-16,Paid,60,ontime
AR-11775,Janus Defence,FR,Defence,EUR,74157.81,2024-09-02,2024-11-01,2024-11-03,2024-11-03,Paid,60,ontime
AR-11776,Janus Defence,FR,Defence,EUR,55012.76,2024-09-16,2024-11-15,2024-11-16,2024-11-16,Paid,60,ontime
AR-11777,Janus Defence,FR,Defence,EUR,99127.67,2024-09-08,2024-11-07,2024-11-06,2024-11-06,Paid,60,ontime
AR-11778,Janus Defence,FR,Defence,EUR,124648.03,2024-09-20,2024-11-19,2024-11-24,2024-11-24,Paid,60,ontime
AR-11779,Janus Defence,FR,Defence,EUR,40485.76,2024-09-07,2024-11-06,2024-11-06,2024-11-06,Paid,60,ontime
AR-11780,Janus Defence,FR,Defence,EUR,30902.62,2024-09-12,2024-11-11,2024-11-10,2024-11-10,Paid,60,ontime
AR-11781,Janus Defence,FR,Defence,EUR,89206.76,2024-09-14,2024-11-13,2024-11-16,2024-11-16,Paid,60,ontime
AR-11782,Janus Defence,FR,Defence,EUR,18268.91,2024-09-13,2024-11-12,2024-11-14,2024-11-14,Paid,60,ontime
AR-11783,Janus Defence,FR,Defence,EUR,163534.82,2024-09-26,2024-11-25,2024-11-22,2024-11-22,Paid,60,ontime
AR-11784,Janus Defence,FR,Defence,EUR,31303.39,2024-09-09,2024-11-08,2024-11-10,2024-11-10,Paid,60,ontime
AR-11785,Janus Defence,FR,Defence,EUR,34082.85,2024-10-14,2024-12-13,2024-12-13,2024-12-13,Paid,60,ontime
AR-11786,Janus Defence,FR,Defence,EUR,146058.24,2024-10-27,2024-12-26,2024-12-26,2024-12-26,Paid,60,ontime
AR-11787,Janus Defence,FR,Defence,EUR,45575.17,2024-10-15,2024-12-14,2024-12-11,2024-12-11,Paid,60,ontime
AR-11788,Janus Defence,FR,Defence,EUR,80368.87,2024-10-21,2024-12-20,2024-12-20,2024-12-20,Paid,60,ontime
AR-11789,Janus Defence,FR,Defence,EUR,115913.55,2024-10-17,2024-12-16,2024-12-21,2024-12-21,Paid,60,ontime
AR-11790,Janus Defence,FR,Defence,EUR,173545.3,2024-10-26,2024-12-25,2024-12-30,2024-12-30,Paid,60,ontime
AR-11791,Janus Defence,FR,Defence,EUR,70106.23,2024-10-27,2024-12-26,2024-12-26,2024-12-26,Paid,60,ontime
AR-11792,Janus Defence,FR,Defence,EUR,34433.37,2024-10-15,2024-12-14,2024-12-13,2024-12-13,Paid,60,ontime
AR-11793,Janus Defence,FR,Defence,EUR,105544.13,2024-11-24,2025-01-23,2025-01-23,2025-01-23,Paid,60,ontime
AR-11794,Janus Defence,FR,Defence,EUR,140690.55,2024-11-04,2025-01-03,2025-01-02,2025-01-02,Paid,60,ontime
AR-11795,Janus Defence,FR,Defence,EUR,239295.54,2024-11-22,2025-01-21,2025-01-21,2025-01-21,Paid,60,ontime
AR-11796,Janus Defence,FR,Defence,EUR,271339.02,2024-11-25,2025-01-24,2025-01-27,2025-01-27,Paid,60,ontime
AR-11797,Janus Defence,FR,Defence,EUR,74138.67,2024-12-15,2025-02-13,2025-02-13,2025-02-13,Paid,60,ontime
AR-11798,Janus Defence,FR,Defence,EUR,123199.44,2024-12-20,2025-02-18,2025-02-17,2025-02-17,Paid,60,ontime
AR-11799,Janus Defence,FR,Defence,EUR,9757.22,2024-12-02,2025-01-31,2025-02-04,2025-02-04,Paid,60,ontime
AR-11800,Janus Defence,FR,Defence,EUR,43271.06,2024-12-23,2025-02-21,2025-02-21,2025-02-21,Paid,60,ontime
AR-11801,Janus Defence,FR,Defence,EUR,114697.84,2024-12-19,2025-02-17,2025-02-21,2025-02-21,Paid,60,ontime
AR-11802,Janus Defence,FR,Defence,EUR,117873.05,2024-12-28,2025-02-26,2025-02-23,2025-02-23,Paid,60,ontime
AR-11803,Janus Defence,FR,Defence,EUR,173291.3,2024-12-22,2025-02-20,2025-02-17,2025-02-17,Paid,60,ontime
AR-11804,Janus Defence,FR,Defence,EUR,36337.93,2024-12-14,2025-02-12,2025-02-14,2025-02-14,Paid,60,ontime
AR-11805,Janus Defence,FR,Defence,EUR,27561.47,2024-12-15,2025-02-13,2025-02-10,2025-02-10,Paid,60,ontime
AR-11806,Janus Defence,FR,Defence,EUR,21799.68,2024-12-10,2025-02-08,2025-02-08,2025-02-08,Paid,60,ontime
AR-11807,Janus Defence,FR,Defence,EUR,48390.38,2025-01-11,2025-03-12,2025-03-17,2025-03-17,Paid,60,ontime
AR-11808,Janus Defence,FR,Defence,EUR,63421.26,2025-01-21,2025-03-22,2025-03-19,2025-03-19,Paid,60,ontime
AR-11809,Janus Defence,FR,Defence,EUR,50632.61,2025-01-21,2025-03-22,2025-03-23,2025-03-23,Paid,60,ontime
AR-11810,Janus Defence,FR,Defence,EUR,85111.11,2025-01-27,2025-03-28,2025-03-30,2025-03-30,Paid,60,ontime
AR-11811,Janus Defence,FR,Defence,EUR,22941.6,2025-01-08,2025-03-09,2025-03-10,2025-03-10,Paid,60,ontime
AR-11812,Janus Defence,FR,Defence,EUR,36593.43,2025-01-23,2025-03-24,2025-03-26,2025-03-26,Paid,60,ontime
AR-11813,Janus Defence,FR,Defence,EUR,130416.29,2025-01-02,2025-03-03,2025-03-05,2025-03-05,Paid,60,ontime
AR-11814,Janus Defence,FR,Defence,EUR,91679.43,2025-01-22,2025-03-23,2025-03-20,2025-03-20,Paid,60,ontime
AR-11815,Janus Defence,FR,Defence,EUR,70528.64,2025-01-25,2025-03-26,2025-03-28,2025-03-28,Paid,60,ontime
AR-11816,Janus Defence,FR,Defence,EUR,63592.47,2025-01-02,2025-03-03,2025-03-04,2025-03-04,Paid,60,ontime
AR-11817,Janus Defence,FR,Defence,EUR,40209.85,2025-02-19,2025-04-20,2025-04-20,2025-04-20,Paid,60,ontime
AR-11818,Janus Defence,FR,Defence,EUR,28241.3,2025-02-24,2025-04-25,2025-04-28,2025-04-28,Paid,60,ontime
AR-11819,Janus Defence,FR,Defence,EUR,83141.85,2025-02-04,2025-04-05,2025-04-02,2025-04-02,Paid,60,ontime
AR-11820,Janus Defence,FR,Defence,EUR,70573.04,2025-02-16,2025-04-17,2025-04-15,2025-04-15,Paid,60,ontime
AR-11821,Janus Defence,FR,Defence,EUR,43611.91,2025-02-22,2025-04-23,2025-04-20,2025-04-20,Paid,60,ontime
AR-11822,Janus Defence,FR,Defence,EUR,279982.9,2025-02-25,2025-04-26,2025-04-27,2025-04-27,Paid,60,ontime
AR-11823,Janus Defence,FR,Defence,EUR,73088.63,2025-02-18,2025-04-19,2025-04-20,2025-04-20,Paid,60,ontime
AR-11824,Janus Defence,FR,Defence,EUR,60719.88,2025-02-08,2025-04-09,2025-04-09,2025-04-09,Paid,60,ontime
AR-11825,Janus Defence,FR,Defence,EUR,126806.67,2025-03-01,2025-04-30,2025-04-27,2025-04-27,Paid,60,ontime
AR-11826,Janus Defence,FR,Defence,EUR,40619.26,2025-03-02,2025-05-01,2025-05-06,2025-05-06,Paid,60,ontime
AR-11827,Janus Defence,FR,Defence,EUR,183794.0,2025-03-15,2025-05-14,2025-05-21,2025-05-21,Paid,60,ontime
AR-11828,Janus Defence,FR,Defence,EUR,94306.14,2025-03-24,2025-05-23,2025-05-23,2025-05-23,Paid,60,ontime
AR-11829,Janus Defence,FR,Defence,EUR,184027.1,2025-03-14,2025-05-13,2025-05-13,2025-05-13,Paid,60,ontime
AR-11830,Janus Defence,FR,Defence,EUR,75384.0,2025-03-06,2025-05-05,2025-05-05,2025-05-05,Paid,60,ontime
AR-11831,Janus Defence,FR,Defence,EUR,208066.81,2025-04-23,2025-06-22,2025-06-25,2025-06-25,Paid,60,ontime
AR-11832,Janus Defence,FR,Defence,EUR,20307.46,2025-04-25,2025-06-24,2025-06-24,2025-06-24,Paid,60,ontime
AR-11833,Janus Defence,FR,Defence,EUR,150262.0,2025-04-15,2025-06-14,2025-06-11,2025-06-11,Paid,60,ontime
AR-11834,Janus Defence,FR,Defence,EUR,15139.51,2025-04-20,2025-06-19,2025-06-25,2025-06-25,Paid,60,ontime
AR-11835,Janus Defence,FR,Defence,EUR,45161.51,2025-04-02,2025-06-01,2025-06-03,2025-06-03,Paid,60,ontime
AR-11836,Janus Defence,FR,Defence,EUR,298959.22,2025-04-01,2025-05-31,2025-06-08,2025-06-08,Paid,60,ontime
AR-11837,Janus Defence,FR,Defence,EUR,17994.35,2025-05-28,2025-07-27,2025-07-24,2025-07-24,Paid,60,ontime
AR-11838,Janus Defence,FR,Defence,EUR,38405.73,2025-05-24,2025-07-23,2025-07-23,2025-07-23,Paid,60,ontime
AR-11839,Janus Defence,FR,Defence,EUR,84892.33,2025-05-09,2025-07-08,2025-07-06,2025-07-06,Paid,60,ontime
AR-11840,Janus Defence,FR,Defence,EUR,43054.15,2025-05-12,2025-07-11,2025-07-11,2025-07-11,Paid,60,ontime
AR-11841,Janus Defence,FR,Defence,EUR,101703.09,2025-05-04,2025-07-03,2025-07-07,2025-07-07,Paid,60,ontime
AR-11842,Janus Defence,FR,Defence,EUR,120456.39,2025-05-14,2025-07-13,2025-07-15,2025-07-15,Paid,60,ontime
AR-11843,Janus Defence,FR,Defence,EUR,67886.6,2025-05-24,2025-07-23,2025-07-23,2025-07-23,Paid,60,ontime
AR-11844,Janus Defence,FR,Defence,EUR,84160.97,2025-05-13,2025-07-12,2025-07-12,2025-07-12,Paid,60,ontime
AR-11845,Janus Defence,FR,Defence,EUR,208695.23,2025-05-22,2025-07-21,2025-07-21,2025-07-21,Paid,60,ontime
AR-11846,Janus Defence,FR,Defence,EUR,98814.55,2025-06-19,2025-08-18,2025-08-18,2025-08-18,Paid,60,ontime
AR-11847,Janus Defence,FR,Defence,EUR,128143.35,2025-06-16,2025-08-15,2025-08-15,2025-08-15,Paid,60,ontime
AR-11848,Janus Defence,FR,Defence,EUR,128522.44,2025-06-17,2025-08-16,2025-08-17,2025-08-17,Paid,60,ontime
AR-11849,Janus Defence,FR,Defence,EUR,56481.58,2025-06-20,2025-08-19,2025-08-17,2025-08-17,Paid,60,ontime
AR-11850,Janus Defence,FR,Defence,EUR,60738.86,2025-06-08,2025-08-07,2025-08-04,2025-08-04,Paid,60,ontime
AR-11851,Janus Defence,FR,Defence,EUR,31951.12,2025-06-22,2025-08-21,2025-08-21,2025-08-21,Paid,60,ontime
AR-11852,Janus Defence,FR,Defence,EUR,282560.89,2025-06-09,2025-08-08,2025-08-08,2025-08-08,Paid,60,ontime
AR-11853,Janus Defence,FR,Defence,EUR,57712.26,2025-07-22,2025-09-20,2025-09-17,2025-09-17,Paid,60,ontime
AR-11854,Janus Defence,FR,Defence,EUR,92687.9,2025-07-08,2025-09-06,2025-09-05,2025-09-05,Paid,60,ontime
AR-11855,Janus Defence,FR,Defence,EUR,401447.07,2025-07-15,2025-09-13,2025-09-13,2025-09-13,Paid,60,ontime
AR-11856,Janus Defence,FR,Defence,EUR,240193.8,2025-07-04,2025-09-02,2025-09-02,2025-09-02,Paid,60,ontime
AR-11857,Janus Defence,FR,Defence,EUR,65143.73,2025-08-24,2025-10-23,2025-10-23,2025-10-23,Paid,60,ontime
AR-11858,Janus Defence,FR,Defence,EUR,64067.8,2025-08-21,2025-10-20,2025-10-24,2025-10-24,Paid,60,ontime
AR-11859,Janus Defence,FR,Defence,EUR,103846.29,2025-08-15,2025-10-14,2025-10-15,2025-10-15,Paid,60,ontime
AR-11860,Janus Defence,FR,Defence,EUR,42648.2,2025-08-08,2025-10-07,2025-10-05,2025-10-05,Paid,60,ontime
AR-11861,Janus Defence,FR,Defence,EUR,124268.01,2025-08-18,2025-10-17,2025-10-18,2025-10-18,Paid,60,ontime
AR-11862,Janus Defence,FR,Defence,EUR,50706.22,2025-08-15,2025-10-14,2025-10-18,2025-10-18,Paid,60,ontime
AR-11863,Janus Defence,FR,Defence,EUR,35870.65,2025-08-24,2025-10-23,2025-10-26,2025-10-26,Paid,60,ontime
AR-11864,Janus Defence,FR,Defence,EUR,122716.59,2025-08-13,2025-10-12,2025-10-13,2025-10-13,Paid,60,ontime
AR-11865,Janus Defence,FR,Defence,EUR,220766.62,2025-09-13,2025-11-12,2025-11-12,2025-11-12,Paid,60,ontime
AR-11866,Janus Defence,FR,Defence,EUR,69745.62,2025-09-24,2025-11-23,2025-11-23,2025-11-23,Paid,60,ontime
AR-11867,Janus Defence,FR,Defence,EUR,173646.89,2025-09-01,2025-10-31,2025-11-01,2025-11-01,Paid,60,ontime
AR-11868,Janus Defence,FR,Defence,EUR,210820.79,2025-09-11,2025-11-10,2025-11-07,2025-11-07,Paid,60,ontime
AR-11869,Janus Defence,FR,Defence,EUR,82735.97,2025-09-04,2025-11-03,2025-11-04,2025-11-04,Paid,60,ontime
AR-11870,Janus Defence,FR,Defence,EUR,294812.48,2025-10-04,2025-12-03,2025-12-04,2025-12-04,Paid,60,ontime
AR-11871,Janus Defence,FR,Defence,EUR,152169.74,2025-10-13,2025-12-12,2025-12-16,2025-12-16,Paid,60,ontime
AR-11872,Janus Defence,FR,Defence,EUR,84460.13,2025-10-01,2025-11-30,2025-12-04,2025-12-04,Paid,60,ontime
AR-11873,Janus Defence,FR,Defence,EUR,198538.65,2025-10-11,2025-12-10,2025-12-07,2025-12-07,Paid,60,ontime
AR-11874,Janus Defence,FR,Defence,EUR,76400.7,2025-11-21,2026-01-20,2026-01-19,2026-01-19,Paid,60,ontime
AR-11875,Janus Defence,FR,Defence,EUR,186664.16,2025-11-26,2026-01-25,2026-01-22,2026-01-22,Paid,60,ontime
AR-11876,Janus Defence,FR,Defence,EUR,306776.67,2025-11-26,2026-01-25,2026-01-27,2026-01-27,Paid,60,ontime
AR-11877,Janus Defence,FR,Defence,EUR,83228.92,2025-11-20,2026-01-19,2026-01-19,2026-01-19,Paid,60,ontime
AR-11878,Janus Defence,FR,Defence,EUR,135780.82,2025-11-25,2026-01-24,2026-01-23,2026-01-23,Paid,60,ontime
AR-11879,Janus Defence,FR,Defence,EUR,91491.96,2025-12-09,2026-02-07,2026-02-07,2026-02-07,Paid,60,ontime
AR-11880,Janus Defence,FR,Defence,EUR,118377.41,2025-12-13,2026-02-11,2026-02-12,2026-02-12,Paid,60,ontime
AR-11881,Janus Defence,FR,Defence,EUR,69529.16,2025-12-26,2026-02-24,2026-02-21,2026-02-21,Paid,60,ontime
AR-11882,Janus Defence,FR,Defence,EUR,216621.72,2025-12-17,2026-02-15,2026-02-14,2026-02-14,Paid,60,ontime
AR-11883,Janus Defence,FR,Defence,EUR,69216.78,2025-12-21,2026-02-19,2026-02-19,2026-02-19,Paid,60,ontime
AR-11884,Janus Defence,FR,Defence,EUR,70552.51,2025-12-08,2026-02-06,2026-02-04,2026-02-04,Paid,60,ontime
AR-11885,Janus Defence,FR,Defence,EUR,59858.2,2025-12-11,2026-02-09,2026-02-14,2026-02-14,Paid,60,ontime
AR-11886,Janus Defence,FR,Defence,EUR,50007.38,2025-12-21,2026-02-19,2026-02-16,2026-02-16,Paid,60,ontime
AR-11887,Janus Defence,FR,Defence,EUR,27044.15,2025-12-01,2026-01-30,2026-01-31,2026-01-31,Paid,60,ontime
AR-11888,Janus Defence,FR,Defence,EUR,46334.55,2026-01-18,2026-03-19,2026-03-22,2026-03-22,Paid,60,ontime
AR-11889,Janus Defence,FR,Defence,EUR,419625.44,2026-01-28,2026-03-29,2026-03-28,2026-03-28,Paid,60,ontime
AR-11890,Janus Defence,FR,Defence,EUR,122695.82,2026-01-02,2026-03-03,2026-03-04,2026-03-04,Paid,60,ontime
AR-11891,Janus Defence,FR,Defence,EUR,101751.51,2026-01-19,2026-03-20,2026-03-22,2026-03-22,Paid,60,ontime
AR-11892,Janus Defence,FR,Defence,EUR,81755.78,2026-02-16,2026-04-17,2026-04-20,2026-04-20,Paid,60,ontime
AR-11893,Janus Defence,FR,Defence,EUR,69748.84,2026-02-14,2026-04-15,2026-04-15,2026-04-15,Paid,60,ontime
AR-11894,Janus Defence,FR,Defence,EUR,247459.66,2026-02-02,2026-04-03,2026-03-31,2026-03-31,Paid,60,ontime
AR-11895,Janus Defence,FR,Defence,EUR,124187.39,2026-02-20,2026-04-21,2026-04-22,2026-04-22,Paid,60,ontime
AR-11896,Janus Defence,FR,Defence,EUR,184088.0,2026-02-27,2026-04-28,2026-04-28,2026-04-28,Paid,60,ontime
AR-11897,Janus Defence,FR,Defence,EUR,317561.33,2026-03-28,2026-05-27,2026-05-31,,Open,60,ontime
AR-11898,Janus Defence,FR,Defence,EUR,72481.95,2026-03-21,2026-05-20,2026-05-23,,Open,60,ontime
AR-11899,Janus Defence,FR,Defence,EUR,266168.17,2026-03-09,2026-05-08,2026-05-08,,Open,60,ontime
AR-11900,Janus Defence,FR,Defence,EUR,77331.87,2026-03-15,2026-05-14,2026-05-15,,Open,60,ontime
AR-11901,Janus Defence,FR,Defence,EUR,44516.72,2026-04-28,2026-06-27,2026-06-27,,Open,60,ontime
AR-11902,Janus Defence,FR,Defence,EUR,274111.28,2026-04-12,2026-06-11,2026-06-18,,Open,60,ontime
AR-11903,Janus Defence,FR,Defence,EUR,115968.91,2026-04-08,2026-06-07,2026-06-09,,Open,60,ontime
AR-11904,Janus Defence,FR,Defence,EUR,44720.05,2026-04-12,2026-06-11,2026-06-18,,Open,60,ontime
AR-11905,Janus Defence,FR,Defence,EUR,202252.3,2026-04-24,2026-06-23,2026-06-24,,Open,60,ontime
AR-11906,Janus Defence,FR,Defence,EUR,86169.96,2026-04-24,2026-06-23,2026-06-21,,Open,60,ontime
AR-11907,Janus Defence,FR,Defence,EUR,90762.42,2026-05-04,2026-07-03,2026-07-05,,Open,60,ontime
AR-11908,Janus Defence,FR,Defence,EUR,273876.9,2026-05-26,2026-07-25,2026-07-28,,Open,60,ontime
AR-11909,Janus Defence,FR,Defence,EUR,31873.88,2026-05-23,2026-07-22,2026-07-27,,Open,60,ontime
AR-11910,Janus Defence,FR,Defence,EUR,58874.26,2026-05-03,2026-07-02,2026-06-29,,Open,60,ontime
AR-11911,Janus Defence,FR,Defence,EUR,99054.81,2026-05-07,2026-07-06,2026-07-13,,Open,60,ontime
AR-11912,Janus Defence,FR,Defence,EUR,144374.72,2026-05-21,2026-07-20,2026-07-18,,Open,60,ontime
AR-11913,Janus Defence,FR,Defence,EUR,99357.43,2026-05-09,2026-07-08,2026-07-07,,Open,60,ontime
AR-11914,Janus Defence,FR,Defence,EUR,29700.28,2026-06-02,2026-08-01,2026-08-04,,Open,60,ontime
AR-11915,Janus Defence,FR,Defence,EUR,71477.35,2026-06-24,2026-08-23,2026-08-26,,Open,60,ontime
AR-11916,Janus Defence,FR,Defence,EUR,390394.33,2026-06-27,2026-08-26,2026-08-25,,Open,60,ontime
AR-11917,Janus Defence,FR,Defence,EUR,102481.16,2026-06-25,2026-08-24,2026-08-24,,Open,60,ontime
AR-11918,Janus Defence,FR,Defence,EUR,14570.02,2026-06-25,2026-08-24,2026-08-31,,Open,60,ontime
AR-11919,Janus Defence,FR,Defence,EUR,210213.68,2026-06-22,2026-08-21,2026-08-21,,Open,60,ontime
AR-11920,Janus Defence,FR,Defence,EUR,151218.76,2026-07-22,2026-09-20,2026-09-17,,Open,60,ontime
AR-11921,Janus Defence,FR,Defence,EUR,20436.45,2026-07-28,2026-09-26,2026-09-28,,Open,60,ontime
AR-11922,Janus Defence,FR,Defence,EUR,77325.94,2026-07-25,2026-09-23,2026-09-23,,Open,60,ontime
AR-11923,Janus Defence,FR,Defence,EUR,207644.22,2026-07-19,2026-09-17,2026-09-16,,Open,60,ontime
AR-11924,Janus Defence,FR,Defence,EUR,72073.12,2026-07-23,2026-09-21,2026-09-24,,Open,60,ontime
AR-11925,Janus Defence,FR,Defence,EUR,217459.72,2026-07-11,2026-09-09,2026-09-10,,Open,60,ontime
AR-11926,Janus Defence,FR,Defence,EUR,24196.17,2026-07-24,2026-09-22,2026-09-21,,Open,60,ontime
AR-11927,Janus Defence,FR,Defence,EUR,53398.5,2026-07-26,2026-09-24,2026-09-26,,Open,60,ontime
AR-11928,Janus Defence,FR,Defence,EUR,65214.61,2026-08-24,2026-10-23,2026-10-20,,Open,60,ontime
AR-11929,Janus Defence,FR,Defence,EUR,30724.87,2026-08-23,2026-10-22,2026-10-22,,Open,60,ontime
AR-11930,Janus Defence,FR,Defence,EUR,34858.84,2026-08-13,2026-10-12,2026-10-14,,Open,60,ontime
AR-11931,Janus Defence,FR,Defence,EUR,209277.22,2026-08-09,2026-10-08,2026-10-07,,Open,60,ontime
AR-11932,Janus Defence,FR,Defence,EUR,83087.74,2026-08-05,2026-10-04,2026-10-08,,Open,60,ontime
AR-11933,Janus Defence,FR,Defence,EUR,22441.87,2026-08-24,2026-10-23,2026-10-27,,Open,60,ontime
AR-11934,Janus Defence,FR,Defence,EUR,103531.69,2026-08-13,2026-10-12,2026-10-13,,Open,60,ontime
AR-11935,Janus Defence,FR,Defence,EUR,84443.47,2026-08-26,2026-10-25,2026-10-26,,Open,60,ontime
AR-11936,Kepler Robotics,DE,Industrial,EUR,13304.55,2024-05-27,2024-07-11,2024-07-11,2024-07-11,Paid,45,late
AR-11937,Kepler Robotics,DE,Industrial,EUR,51518.49,2024-05-08,2024-06-22,2024-07-04,2024-07-04,Paid,45,late
AR-11938,Kepler Robotics,DE,Industrial,EUR,48487.23,2024-05-03,2024-06-17,2024-06-25,2024-06-25,Paid,45,late
AR-11939,Kepler Robotics,DE,Industrial,EUR,13721.18,2024-05-20,2024-07-04,2024-07-12,2024-07-12,Paid,45,late
AR-11940,Kepler Robotics,DE,Industrial,EUR,18717.75,2024-05-09,2024-06-23,2024-06-23,2024-06-23,Paid,45,late
AR-11941,Kepler Robotics,DE,Industrial,EUR,88851.43,2024-05-22,2024-07-06,2024-07-19,2024-07-19,Paid,45,late
AR-11942,Kepler Robotics,DE,Industrial,EUR,81278.59,2024-05-16,2024-06-30,2024-07-03,2024-07-03,Paid,45,late
AR-11943,Kepler Robotics,DE,Industrial,EUR,12266.79,2024-06-17,2024-08-01,2024-08-24,2024-08-24,Paid,45,late
AR-11944,Kepler Robotics,DE,Industrial,EUR,64842.14,2024-06-21,2024-08-05,2024-08-13,2024-08-13,Paid,45,late
AR-11945,Kepler Robotics,DE,Industrial,EUR,31494.94,2024-06-07,2024-07-22,2024-07-30,2024-07-30,Paid,45,late
AR-11946,Kepler Robotics,DE,Industrial,EUR,29486.59,2024-06-06,2024-07-21,2024-08-10,2024-08-10,Paid,45,late
AR-11947,Kepler Robotics,DE,Industrial,EUR,87916.02,2024-06-26,2024-08-10,2024-08-26,2024-08-26,Paid,45,late
AR-11948,Kepler Robotics,DE,Industrial,EUR,97948.76,2024-06-25,2024-08-09,2024-08-14,2024-08-14,Paid,45,late
AR-11949,Kepler Robotics,DE,Industrial,EUR,33641.01,2024-07-05,2024-08-19,2024-09-03,2024-09-03,Paid,45,late
AR-11950,Kepler Robotics,DE,Industrial,EUR,17047.65,2024-07-25,2024-09-08,2024-09-18,2024-09-18,Paid,45,late
AR-11951,Kepler Robotics,DE,Industrial,EUR,39555.95,2024-07-24,2024-09-07,2024-09-14,2024-09-14,Paid,45,late
AR-11952,Kepler Robotics,DE,Industrial,EUR,52545.07,2024-07-14,2024-08-28,2024-09-09,2024-09-09,Paid,45,late
AR-11953,Kepler Robotics,DE,Industrial,EUR,12184.87,2024-07-07,2024-08-21,2024-08-30,2024-08-30,Paid,45,late
AR-11954,Kepler Robotics,DE,Industrial,EUR,51589.05,2024-07-20,2024-09-03,2024-09-05,2024-09-05,Paid,45,late
AR-11955,Kepler Robotics,DE,Industrial,EUR,11625.01,2024-07-15,2024-08-29,2024-08-29,2024-08-29,Paid,45,late
AR-11956,Kepler Robotics,DE,Industrial,EUR,36633.77,2024-07-22,2024-09-05,2024-09-07,2024-09-07,Paid,45,late
AR-11957,Kepler Robotics,DE,Industrial,EUR,70952.91,2024-07-22,2024-09-05,2024-09-12,2024-09-12,Paid,45,late
AR-11958,Kepler Robotics,DE,Industrial,EUR,22360.83,2024-08-25,2024-10-09,2024-10-18,2024-10-18,Paid,45,late
AR-11959,Kepler Robotics,DE,Industrial,EUR,7662.62,2024-08-05,2024-09-19,2024-10-03,2024-10-03,Paid,45,late
AR-11960,Kepler Robotics,DE,Industrial,EUR,20108.61,2024-08-15,2024-09-29,2024-10-06,2024-10-06,Paid,45,late
AR-11961,Kepler Robotics,DE,Industrial,EUR,54849.64,2024-08-10,2024-09-24,2024-10-06,2024-10-06,Paid,45,late
AR-11962,Kepler Robotics,DE,Industrial,EUR,46334.63,2024-08-24,2024-10-08,2024-10-28,2024-10-28,Paid,45,late
AR-11963,Kepler Robotics,DE,Industrial,EUR,31741.64,2024-08-26,2024-10-10,2024-10-10,2024-10-10,Paid,45,late
AR-11964,Kepler Robotics,DE,Industrial,EUR,13196.15,2024-08-26,2024-10-10,2024-10-30,2024-10-30,Paid,45,late
AR-11965,Kepler Robotics,DE,Industrial,EUR,5801.79,2024-08-09,2024-09-23,2024-09-23,2024-09-23,Paid,45,late
AR-11966,Kepler Robotics,DE,Industrial,EUR,48422.46,2024-08-07,2024-09-21,2024-09-25,2024-09-25,Paid,45,late
AR-11967,Kepler Robotics,DE,Industrial,EUR,102904.85,2024-09-07,2024-10-22,2024-11-04,2024-11-04,Paid,45,late
AR-11968,Kepler Robotics,DE,Industrial,EUR,52146.82,2024-09-06,2024-10-21,2024-11-01,2024-11-01,Paid,45,late
AR-11969,Kepler Robotics,DE,Industrial,EUR,54045.96,2024-09-07,2024-10-22,2024-10-29,2024-10-29,Paid,45,late
AR-11970,Kepler Robotics,DE,Industrial,EUR,102323.17,2024-09-08,2024-10-23,2024-10-28,2024-10-28,Paid,45,late
AR-11971,Kepler Robotics,DE,Industrial,EUR,74205.51,2024-10-07,2024-11-21,2024-11-30,2024-11-30,Paid,45,late
AR-11972,Kepler Robotics,DE,Industrial,EUR,37942.98,2024-10-18,2024-12-02,2024-12-09,2024-12-09,Paid,45,late
AR-11973,Kepler Robotics,DE,Industrial,EUR,17783.91,2024-10-25,2024-12-09,2024-12-11,2024-12-11,Paid,45,late
AR-11974,Kepler Robotics,DE,Industrial,EUR,40378.81,2024-10-15,2024-11-29,2024-12-03,2024-12-03,Paid,45,late
AR-11975,Kepler Robotics,DE,Industrial,EUR,15775.81,2024-10-15,2024-11-29,2024-12-11,2024-12-11,Paid,45,late
AR-11976,Kepler Robotics,DE,Industrial,EUR,22142.03,2024-10-01,2024-11-15,2024-11-16,2024-11-16,Paid,45,late
AR-11977,Kepler Robotics,DE,Industrial,EUR,23612.4,2024-10-10,2024-11-24,2024-12-08,2024-12-08,Paid,45,late
AR-11978,Kepler Robotics,DE,Industrial,EUR,56741.69,2024-10-27,2024-12-11,2024-12-19,2024-12-19,Paid,45,late
AR-11979,Kepler Robotics,DE,Industrial,EUR,11452.68,2024-10-24,2024-12-08,2024-12-08,2024-12-08,Paid,45,late
AR-11980,Kepler Robotics,DE,Industrial,EUR,28023.92,2024-11-24,2025-01-08,2025-01-23,2025-01-23,Paid,45,late
AR-11981,Kepler Robotics,DE,Industrial,EUR,26151.26,2024-11-11,2024-12-26,2025-01-02,2025-01-02,Paid,45,late
AR-11982,Kepler Robotics,DE,Industrial,EUR,249659.45,2024-11-13,2024-12-28,2024-12-28,2024-12-28,Paid,45,late
AR-11983,Kepler Robotics,DE,Industrial,EUR,20537.9,2024-11-27,2025-01-11,2025-01-14,2025-01-14,Paid,45,late
AR-11984,Kepler Robotics,DE,Industrial,EUR,68740.25,2024-12-05,2025-01-19,2025-01-21,2025-01-21,Paid,45,late
AR-11985,Kepler Robotics,DE,Industrial,EUR,43196.92,2024-12-25,2025-02-08,2025-02-15,2025-02-15,Paid,45,late
AR-11986,Kepler Robotics,DE,Industrial,EUR,11960.32,2024-12-05,2025-01-19,2025-01-27,2025-01-27,Paid,45,late
AR-11987,Kepler Robotics,DE,Industrial,EUR,90701.29,2024-12-05,2025-01-19,2025-02-01,2025-02-01,Paid,45,late
AR-11988,Kepler Robotics,DE,Industrial,EUR,18110.9,2024-12-16,2025-01-30,2025-01-30,2025-01-30,Paid,45,late
AR-11989,Kepler Robotics,DE,Industrial,EUR,24520.08,2024-12-20,2025-02-03,2025-02-07,2025-02-07,Paid,45,late
AR-11990,Kepler Robotics,DE,Industrial,EUR,41118.28,2024-12-02,2025-01-16,2025-01-27,2025-01-27,Paid,45,late
AR-11991,Kepler Robotics,DE,Industrial,EUR,19620.94,2024-12-03,2025-01-17,2025-01-18,2025-01-18,Paid,45,late
AR-11992,Kepler Robotics,DE,Industrial,EUR,8875.51,2025-01-07,2025-02-21,2025-02-25,2025-02-25,Paid,45,late
AR-11993,Kepler Robotics,DE,Industrial,EUR,15051.07,2025-01-19,2025-03-05,2025-03-14,2025-03-14,Paid,45,late
AR-11994,Kepler Robotics,DE,Industrial,EUR,80974.52,2025-01-12,2025-02-26,2025-03-08,2025-03-08,Paid,45,late
AR-11995,Kepler Robotics,DE,Industrial,EUR,28387.19,2025-01-20,2025-03-06,2025-03-06,2025-03-06,Paid,45,late
AR-11996,Kepler Robotics,DE,Industrial,EUR,39849.12,2025-01-05,2025-02-19,2025-02-20,2025-02-20,Paid,45,late
AR-11997,Kepler Robotics,DE,Industrial,EUR,5676.66,2025-01-03,2025-02-17,2025-02-17,2025-02-17,Paid,45,late
AR-11998,Kepler Robotics,DE,Industrial,EUR,13173.67,2025-01-22,2025-03-08,2025-03-09,2025-03-09,Paid,45,late
AR-11999,Kepler Robotics,DE,Industrial,EUR,68580.16,2025-01-21,2025-03-07,2025-03-17,2025-03-17,Paid,45,late
AR-12000,Kepler Robotics,DE,Industrial,EUR,23706.62,2025-01-08,2025-02-22,2025-03-07,2025-03-07,Paid,45,late
AR-12001,Kepler Robotics,DE,Industrial,EUR,61693.0,2025-02-15,2025-04-01,2025-04-01,2025-04-01,Paid,45,late
AR-12002,Kepler Robotics,DE,Industrial,EUR,28297.0,2025-02-15,2025-04-01,2025-04-16,2025-04-16,Paid,45,late
AR-12003,Kepler Robotics,DE,Industrial,EUR,90663.76,2025-02-20,2025-04-06,2025-04-13,2025-04-13,Paid,45,late
AR-12004,Kepler Robotics,DE,Industrial,EUR,28741.52,2025-02-26,2025-04-12,2025-04-17,2025-04-17,Paid,45,late
AR-12005,Kepler Robotics,DE,Industrial,EUR,59932.07,2025-02-17,2025-04-03,2025-04-06,2025-04-06,Paid,45,late
AR-12006,Kepler Robotics,DE,Industrial,EUR,7653.37,2025-02-20,2025-04-06,2025-04-11,2025-04-11,Paid,45,late
AR-12007,Kepler Robotics,DE,Industrial,EUR,14263.29,2025-02-16,2025-04-02,2025-04-15,2025-04-15,Paid,45,late
AR-12008,Kepler Robotics,DE,Industrial,EUR,56823.28,2025-03-04,2025-04-18,2025-04-28,2025-04-28,Paid,45,late
AR-12009,Kepler Robotics,DE,Industrial,EUR,46366.65,2025-03-02,2025-04-16,2025-05-01,2025-05-01,Paid,45,late
AR-12010,Kepler Robotics,DE,Industrial,EUR,156764.33,2025-03-24,2025-05-08,2025-05-11,2025-05-11,Paid,45,late
AR-12011,Kepler Robotics,DE,Industrial,EUR,7789.65,2025-03-17,2025-05-01,2025-05-07,2025-05-07,Paid,45,late
AR-12012,Kepler Robotics,DE,Industrial,EUR,34372.02,2025-03-10,2025-04-24,2025-04-24,2025-04-24,Paid,45,late
AR-12013,Kepler Robotics,DE,Industrial,EUR,58748.96,2025-04-03,2025-05-18,2025-06-03,2025-06-03,Paid,45,late
AR-12014,Kepler Robotics,DE,Industrial,EUR,78238.0,2025-04-24,2025-06-08,2025-06-08,2025-06-08,Paid,45,late
AR-12015,Kepler Robotics,DE,Industrial,EUR,79088.5,2025-04-03,2025-05-18,2025-05-24,2025-05-24,Paid,45,late
AR-12016,Kepler Robotics,DE,Industrial,EUR,60502.31,2025-04-04,2025-05-19,2025-05-27,2025-05-27,Paid,45,late
AR-12017,Kepler Robotics,DE,Industrial,EUR,39663.59,2025-04-01,2025-05-16,2025-05-21,2025-05-21,Paid,45,late
AR-12018,Kepler Robotics,DE,Industrial,EUR,77405.29,2025-05-12,2025-06-26,2025-07-02,2025-07-02,Paid,45,late
AR-12019,Kepler Robotics,DE,Industrial,EUR,27581.18,2025-05-12,2025-06-26,2025-07-03,2025-07-03,Paid,45,late
AR-12020,Kepler Robotics,DE,Industrial,EUR,19553.35,2025-05-18,2025-07-02,2025-07-04,2025-07-04,Paid,45,late
AR-12021,Kepler Robotics,DE,Industrial,EUR,58645.42,2025-05-12,2025-06-26,2025-07-09,2025-07-09,Paid,45,late
AR-12022,Kepler Robotics,DE,Industrial,EUR,81713.7,2025-05-18,2025-07-02,2025-07-04,2025-07-04,Paid,45,late
AR-12023,Kepler Robotics,DE,Industrial,EUR,19428.54,2025-05-12,2025-06-26,2025-06-26,2025-06-26,Paid,45,late
AR-12024,Kepler Robotics,DE,Industrial,EUR,44493.43,2025-05-18,2025-07-02,2025-07-06,2025-07-06,Paid,45,late
AR-12025,Kepler Robotics,DE,Industrial,EUR,22264.11,2025-06-11,2025-07-26,2025-07-27,2025-07-27,Paid,45,late
AR-12026,Kepler Robotics,DE,Industrial,EUR,20588.49,2025-06-17,2025-08-01,2025-08-13,2025-08-13,Paid,45,late
AR-12027,Kepler Robotics,DE,Industrial,EUR,131853.02,2025-06-11,2025-07-26,2025-08-01,2025-08-01,Paid,45,late
AR-12028,Kepler Robotics,DE,Industrial,EUR,88500.87,2025-06-11,2025-07-26,2025-07-26,2025-07-26,Paid,45,late
AR-12029,Kepler Robotics,DE,Industrial,EUR,52348.4,2025-06-25,2025-08-09,2025-08-12,2025-08-12,Paid,45,late
AR-12030,Kepler Robotics,DE,Industrial,EUR,21822.02,2025-06-20,2025-08-04,2025-08-10,2025-08-10,Paid,45,late
AR-12031,Kepler Robotics,DE,Industrial,EUR,106896.81,2025-07-28,2025-09-11,2025-09-16,2025-09-16,Paid,45,late
AR-12032,Kepler Robotics,DE,Industrial,EUR,73981.2,2025-07-22,2025-09-05,2025-09-05,2025-09-05,Paid,45,late
AR-12033,Kepler Robotics,DE,Industrial,EUR,103197.37,2025-07-11,2025-08-25,2025-09-06,2025-09-06,Paid,45,late
AR-12034,Kepler Robotics,DE,Industrial,EUR,18501.8,2025-07-26,2025-09-09,2025-09-09,2025-09-09,Paid,45,late
AR-12035,Kepler Robotics,DE,Industrial,EUR,36868.97,2025-07-24,2025-09-07,2025-09-21,2025-09-21,Paid,45,late
AR-12036,Kepler Robotics,DE,Industrial,EUR,9240.6,2025-08-15,2025-09-29,2025-10-12,2025-10-12,Paid,45,late
AR-12037,Kepler Robotics,DE,Industrial,EUR,45875.68,2025-08-27,2025-10-11,2025-10-19,2025-10-19,Paid,45,late
AR-12038,Kepler Robotics,DE,Industrial,EUR,28023.39,2025-08-19,2025-10-03,2025-10-11,2025-10-11,Paid,45,late
AR-12039,Kepler Robotics,DE,Industrial,EUR,51071.77,2025-08-19,2025-10-03,2025-10-15,2025-10-15,Paid,45,late
AR-12040,Kepler Robotics,DE,Industrial,EUR,55064.3,2025-08-11,2025-09-25,2025-10-03,2025-10-03,Paid,45,late
AR-12041,Kepler Robotics,DE,Industrial,EUR,49414.67,2025-08-03,2025-09-17,2025-09-27,2025-09-27,Paid,45,late
AR-12042,Kepler Robotics,DE,Industrial,EUR,22424.23,2025-08-03,2025-09-17,2025-09-27,2025-09-27,Paid,45,late
AR-12043,Kepler Robotics,DE,Industrial,EUR,56831.35,2025-09-02,2025-10-17,2025-10-30,2025-10-30,Paid,45,late
AR-12044,Kepler Robotics,DE,Industrial,EUR,108260.93,2025-09-04,2025-10-19,2025-10-26,2025-10-26,Paid,45,late
AR-12045,Kepler Robotics,DE,Industrial,EUR,86955.51,2025-09-06,2025-10-21,2025-10-21,2025-10-21,Paid,45,late
AR-12046,Kepler Robotics,DE,Industrial,EUR,72687.6,2025-09-07,2025-10-22,2025-11-04,2025-11-04,Paid,45,late
AR-12047,Kepler Robotics,DE,Industrial,EUR,65776.2,2025-10-01,2025-11-15,2025-11-19,2025-11-19,Paid,45,late
AR-12048,Kepler Robotics,DE,Industrial,EUR,60052.27,2025-10-05,2025-11-19,2025-12-03,2025-12-03,Paid,45,late
AR-12049,Kepler Robotics,DE,Industrial,EUR,31898.73,2025-10-23,2025-12-07,2025-12-07,2025-12-07,Paid,45,late
AR-12050,Kepler Robotics,DE,Industrial,EUR,60166.91,2025-10-08,2025-11-22,2025-12-03,2025-12-03,Paid,45,late
AR-12051,Kepler Robotics,DE,Industrial,EUR,5363.79,2025-10-07,2025-11-21,2025-11-24,2025-11-24,Paid,45,late
AR-12052,Kepler Robotics,DE,Industrial,EUR,29979.92,2025-10-17,2025-12-01,2025-12-14,2025-12-14,Paid,45,late
AR-12053,Kepler Robotics,DE,Industrial,EUR,59611.18,2025-10-15,2025-11-29,2025-12-01,2025-12-01,Paid,45,late
AR-12054,Kepler Robotics,DE,Industrial,EUR,10661.91,2025-11-13,2025-12-28,2025-12-28,2025-12-28,Paid,45,late
AR-12055,Kepler Robotics,DE,Industrial,EUR,50694.78,2025-11-23,2026-01-07,2026-01-07,2026-01-07,Paid,45,late
AR-12056,Kepler Robotics,DE,Industrial,EUR,39463.06,2025-11-03,2025-12-18,2025-12-18,2025-12-18,Paid,45,late
AR-12057,Kepler Robotics,DE,Industrial,EUR,30419.96,2025-11-02,2025-12-17,2025-12-26,2025-12-26,Paid,45,late
AR-12058,Kepler Robotics,DE,Industrial,EUR,46605.14,2025-11-17,2026-01-01,2026-01-06,2026-01-06,Paid,45,late
AR-12059,Kepler Robotics,DE,Industrial,EUR,92341.07,2025-11-13,2025-12-28,2026-01-10,2026-01-10,Paid,45,late
AR-12060,Kepler Robotics,DE,Industrial,EUR,40634.58,2025-11-14,2025-12-29,2026-01-11,2026-01-11,Paid,45,late
AR-12061,Kepler Robotics,DE,Industrial,EUR,27258.61,2025-11-14,2025-12-29,2026-01-07,2026-01-07,Paid,45,late
AR-12062,Kepler Robotics,DE,Industrial,EUR,9482.41,2025-12-25,2026-02-08,2026-02-14,2026-02-14,Paid,45,late
AR-12063,Kepler Robotics,DE,Industrial,EUR,35306.45,2025-12-16,2026-01-30,2026-02-04,2026-02-04,Paid,45,late
AR-12064,Kepler Robotics,DE,Industrial,EUR,27997.32,2025-12-04,2026-01-18,2026-02-04,2026-02-04,Paid,45,late
AR-12065,Kepler Robotics,DE,Industrial,EUR,120933.62,2025-12-21,2026-02-04,2026-02-08,2026-02-08,Paid,45,late
AR-12066,Kepler Robotics,DE,Industrial,EUR,13097.39,2025-12-28,2026-02-11,2026-02-11,2026-02-11,Paid,45,late
AR-12067,Kepler Robotics,DE,Industrial,EUR,111821.1,2025-12-19,2026-02-02,2026-02-07,2026-02-07,Paid,45,late
AR-12068,Kepler Robotics,DE,Industrial,EUR,12518.54,2025-12-26,2026-02-09,2026-02-23,2026-02-23,Paid,45,late
AR-12069,Kepler Robotics,DE,Industrial,EUR,26831.6,2026-01-16,2026-03-02,2026-03-17,2026-03-17,Paid,45,late
AR-12070,Kepler Robotics,DE,Industrial,EUR,29027.41,2026-01-15,2026-03-01,2026-03-12,2026-03-12,Paid,45,late
AR-12071,Kepler Robotics,DE,Industrial,EUR,31606.54,2026-01-18,2026-03-04,2026-03-07,2026-03-07,Paid,45,late
AR-12072,Kepler Robotics,DE,Industrial,EUR,63993.37,2026-01-13,2026-02-27,2026-03-12,2026-03-12,Paid,45,late
AR-12073,Kepler Robotics,DE,Industrial,EUR,24705.65,2026-01-03,2026-02-17,2026-02-26,2026-02-26,Paid,45,late
AR-12074,Kepler Robotics,DE,Industrial,EUR,31176.89,2026-01-10,2026-02-24,2026-03-06,2026-03-06,Paid,45,late
AR-12075,Kepler Robotics,DE,Industrial,EUR,14697.69,2026-01-17,2026-03-03,2026-03-03,2026-03-03,Paid,45,late
AR-12076,Kepler Robotics,DE,Industrial,EUR,69814.16,2026-01-21,2026-03-07,2026-03-16,2026-03-16,Paid,45,late
AR-12077,Kepler Robotics,DE,Industrial,EUR,4035.55,2026-01-26,2026-03-12,2026-03-16,2026-03-16,Paid,45,late
AR-12078,Kepler Robotics,DE,Industrial,EUR,8911.07,2026-02-12,2026-03-29,2026-04-02,2026-04-02,Paid,45,late
AR-12079,Kepler Robotics,DE,Industrial,EUR,42418.65,2026-02-08,2026-03-25,2026-03-31,2026-03-31,Paid,45,late
AR-12080,Kepler Robotics,DE,Industrial,EUR,4857.91,2026-02-01,2026-03-18,2026-03-27,2026-03-27,Paid,45,late
AR-12081,Kepler Robotics,DE,Industrial,EUR,67346.43,2026-02-21,2026-04-07,2026-04-07,2026-04-07,Paid,45,late
AR-12082,Kepler Robotics,DE,Industrial,EUR,18705.21,2026-02-11,2026-03-28,2026-03-31,2026-03-31,Paid,45,late
AR-12083,Kepler Robotics,DE,Industrial,EUR,12143.01,2026-02-18,2026-04-04,2026-04-17,2026-04-17,Paid,45,late
AR-12084,Kepler Robotics,DE,Industrial,EUR,3445.19,2026-02-20,2026-04-06,2026-04-20,2026-04-20,Paid,45,late
AR-12085,Kepler Robotics,DE,Industrial,EUR,63174.51,2026-02-01,2026-03-18,2026-03-28,2026-03-28,Paid,45,late
AR-12086,Kepler Robotics,DE,Industrial,EUR,51652.33,2026-02-22,2026-04-08,2026-04-08,2026-04-08,Paid,45,late
AR-12087,Kepler Robotics,DE,Industrial,EUR,30448.39,2026-02-28,2026-04-14,2026-04-19,2026-04-19,Paid,45,late
AR-12088,Kepler Robotics,DE,Industrial,EUR,54087.97,2026-03-15,2026-04-29,2026-05-07,,Open,45,late
AR-12089,Kepler Robotics,DE,Industrial,EUR,20771.4,2026-03-10,2026-04-24,2026-05-08,,Open,45,late
AR-12090,Kepler Robotics,DE,Industrial,EUR,25969.84,2026-03-27,2026-05-11,2026-05-11,,Open,45,late
AR-12091,Kepler Robotics,DE,Industrial,EUR,63383.43,2026-03-13,2026-04-27,2026-05-05,2026-05-05,Paid,45,late
AR-12092,Kepler Robotics,DE,Industrial,EUR,7279.95,2026-03-11,2026-04-25,2026-04-25,2026-04-25,Paid,45,late
AR-12093,Kepler Robotics,DE,Industrial,EUR,4432.06,2026-03-22,2026-05-06,2026-05-06,,Open,45,late
AR-12094,Kepler Robotics,DE,Industrial,EUR,45968.95,2026-03-03,2026-04-17,2026-04-23,2026-04-23,Paid,45,late
AR-12095,Kepler Robotics,DE,Industrial,EUR,43472.16,2026-03-05,2026-04-19,2026-04-19,2026-04-19,Paid,45,late
AR-12096,Kepler Robotics,DE,Industrial,EUR,49009.95,2026-03-28,2026-05-12,2026-05-25,,Open,45,late
AR-12097,Kepler Robotics,DE,Industrial,EUR,26425.04,2026-04-19,2026-06-03,2026-06-10,,Open,45,late
AR-12098,Kepler Robotics,DE,Industrial,EUR,18466.54,2026-04-12,2026-05-27,2026-05-27,,Open,45,late
AR-12099,Kepler Robotics,DE,Industrial,EUR,102160.85,2026-04-04,2026-05-19,2026-05-22,,Open,45,late
AR-12100,Kepler Robotics,DE,Industrial,EUR,55466.72,2026-04-23,2026-06-07,2026-06-11,,Open,45,late
AR-12101,Kepler Robotics,DE,Industrial,EUR,91862.77,2026-04-05,2026-05-20,2026-05-21,,Open,45,late
AR-12102,Kepler Robotics,DE,Industrial,EUR,34649.17,2026-04-22,2026-06-06,2026-06-14,,Open,45,late
AR-12103,Kepler Robotics,DE,Industrial,EUR,95456.99,2026-05-18,2026-07-02,2026-07-11,,Open,45,late
AR-12104,Kepler Robotics,DE,Industrial,EUR,19690.21,2026-05-18,2026-07-02,2026-07-20,,Open,45,late
AR-12105,Kepler Robotics,DE,Industrial,EUR,53168.88,2026-05-22,2026-07-06,2026-07-10,,Open,45,late
AR-12106,Kepler Robotics,DE,Industrial,EUR,79244.91,2026-05-21,2026-07-05,2026-07-16,,Open,45,late
AR-12107,Kepler Robotics,DE,Industrial,EUR,10320.62,2026-05-11,2026-06-25,2026-06-25,,Open,45,late
AR-12108,Kepler Robotics,DE,Industrial,EUR,21734.99,2026-05-18,2026-07-02,2026-07-03,,Open,45,late
AR-12109,Kepler Robotics,DE,Industrial,EUR,23052.84,2026-05-09,2026-06-23,2026-06-30,,Open,45,late
AR-12110,Kepler Robotics,DE,Industrial,EUR,39405.32,2026-05-22,2026-07-06,2026-07-11,,Open,45,late
AR-12111,Kepler Robotics,DE,Industrial,EUR,10014.92,2026-06-05,2026-07-20,2026-07-31,,Open,45,late
AR-12112,Kepler Robotics,DE,Industrial,EUR,54345.39,2026-06-09,2026-07-24,2026-07-31,,Open,45,late
AR-12113,Kepler Robotics,DE,Industrial,EUR,20658.0,2026-06-23,2026-08-07,2026-08-17,,Open,45,late
AR-12114,Kepler Robotics,DE,Industrial,EUR,68968.2,2026-06-27,2026-08-11,2026-08-14,,Open,45,late
AR-12115,Kepler Robotics,DE,Industrial,EUR,56515.06,2026-06-18,2026-08-02,2026-08-13,,Open,45,late
AR-12116,Kepler Robotics,DE,Industrial,EUR,96849.48,2026-06-26,2026-08-10,2026-08-12,,Open,45,late
AR-12117,Kepler Robotics,DE,Industrial,EUR,43579.01,2026-06-27,2026-08-11,2026-08-15,,Open,45,late
AR-12118,Kepler Robotics,DE,Industrial,EUR,148171.53,2026-07-27,2026-09-10,2026-09-15,,Open,45,late
AR-12119,Kepler Robotics,DE,Industrial,EUR,49873.22,2026-07-15,2026-08-29,2026-09-07,,Open,45,late
AR-12120,Kepler Robotics,DE,Industrial,EUR,41262.25,2026-07-27,2026-09-10,2026-09-18,,Open,45,late
AR-12121,Kepler Robotics,DE,Industrial,EUR,19374.43,2026-07-26,2026-09-09,2026-09-18,,Open,45,late
AR-12122,Kepler Robotics,DE,Industrial,EUR,22789.82,2026-07-23,2026-09-06,2026-09-17,,Open,45,late
AR-12123,Kepler Robotics,DE,Industrial,EUR,71565.68,2026-07-03,2026-08-17,2026-08-20,,Open,45,late
AR-12124,Kepler Robotics,DE,Industrial,EUR,32001.16,2026-08-04,2026-09-18,2026-09-18,,Open,45,late
AR-12125,Kepler Robotics,DE,Industrial,EUR,13953.08,2026-08-02,2026-09-16,2026-10-06,,Open,45,late
AR-12126,Kepler Robotics,DE,Industrial,EUR,39025.0,2026-08-19,2026-10-03,2026-10-03,,Open,45,late
AR-12127,Kepler Robotics,DE,Industrial,EUR,7466.82,2026-08-13,2026-09-27,2026-10-10,,Open,45,late
AR-12128,Kepler Robotics,DE,Industrial,EUR,20869.0,2026-08-22,2026-10-06,2026-10-08,,Open,45,late
AR-12129,Kepler Robotics,DE,Industrial,EUR,16685.47,2026-08-26,2026-10-10,2026-10-19,,Open,45,late
AR-12130,Kepler Robotics,DE,Industrial,EUR,48482.41,2026-08-03,2026-09-17,2026-09-22,,Open,45,late
AR-12131,Kepler Robotics,DE,Industrial,EUR,39300.96,2026-08-08,2026-09-22,2026-09-22,,Open,45,late
AR-12132,Kepler Robotics,DE,Industrial,EUR,25482.57,2026-08-25,2026-10-09,2026-10-16,,Open,45,late
AR-12133,Kepler Robotics,DE,Industrial,EUR,28267.96,2026-08-09,2026-09-23,2026-10-03,,Open,45,late
AR-12134,Luma Construction,BE,Construction,EUR,8985.21,2024-05-01,2024-06-30,2024-07-22,2024-07-22,Paid,60,very_late
AR-12135,Luma Construction,BE,Construction,EUR,18318.36,2024-05-22,2024-07-21,2024-08-08,2024-08-08,Paid,60,very_late
AR-12136,Luma Construction,BE,Construction,EUR,120678.62,2024-05-16,2024-07-15,2024-08-13,2024-08-13,Paid,60,very_late
AR-12137,Luma Construction,BE,Construction,EUR,36280.69,2024-05-20,2024-07-19,2024-08-04,2024-08-04,Paid,60,very_late
AR-12138,Luma Construction,BE,Construction,EUR,11797.88,2024-06-23,2024-08-22,2024-09-11,2024-09-11,Paid,60,very_late
AR-12139,Luma Construction,BE,Construction,EUR,49344.48,2024-06-10,2024-08-09,2024-09-02,2024-09-02,Paid,60,very_late
AR-12140,Luma Construction,BE,Construction,EUR,19998.69,2024-06-26,2024-08-25,2024-09-10,2024-09-10,Paid,60,very_late
AR-12141,Luma Construction,BE,Construction,EUR,28607.51,2024-06-20,2024-08-19,2024-09-25,2024-09-25,Paid,60,very_late
AR-12142,Luma Construction,BE,Construction,EUR,7461.31,2024-06-20,2024-08-19,2024-09-02,2024-09-02,Paid,60,very_late
AR-12143,Luma Construction,BE,Construction,EUR,3480.87,2024-06-24,2024-08-23,2024-09-26,2024-09-26,Paid,60,very_late
AR-12144,Luma Construction,BE,Construction,EUR,11638.23,2024-06-06,2024-08-05,2024-09-01,2024-09-01,Paid,60,very_late
AR-12145,Luma Construction,BE,Construction,EUR,18129.24,2024-06-13,2024-08-12,2024-09-04,2024-09-04,Paid,60,very_late
AR-12146,Luma Construction,BE,Construction,EUR,19159.26,2024-06-28,2024-08-27,2024-09-27,2024-09-27,Paid,60,very_late
AR-12147,Luma Construction,BE,Construction,EUR,19356.43,2024-06-15,2024-08-14,2024-09-23,2024-09-23,Paid,60,very_late
AR-12148,Luma Construction,BE,Construction,EUR,42391.01,2024-07-26,2024-09-24,2024-10-01,2024-10-01,Paid,60,very_late
AR-12149,Luma Construction,BE,Construction,EUR,5398.7,2024-07-11,2024-09-09,2024-09-16,2024-09-16,Paid,60,very_late
AR-12150,Luma Construction,BE,Construction,EUR,27326.99,2024-07-23,2024-09-21,2024-10-21,2024-10-21,Paid,60,very_late
AR-12151,Luma Construction,BE,Construction,EUR,29906.23,2024-07-19,2024-09-17,2024-10-09,2024-10-09,Paid,60,very_late
AR-12152,Luma Construction,BE,Construction,EUR,33130.03,2024-07-20,2024-09-18,2024-10-03,2024-10-03,Paid,60,very_late
AR-12153,Luma Construction,BE,Construction,EUR,11398.09,2024-07-07,2024-09-05,2024-09-13,2024-09-13,Paid,60,very_late
AR-12154,Luma Construction,BE,Construction,EUR,7011.24,2024-07-04,2024-09-02,2024-10-07,2024-10-07,Paid,60,very_late
AR-12155,Luma Construction,BE,Construction,EUR,14272.25,2024-07-16,2024-09-14,2024-09-26,2024-09-26,Paid,60,very_late
AR-12156,Luma Construction,BE,Construction,EUR,17540.03,2024-07-16,2024-09-14,2024-10-10,2024-10-10,Paid,60,very_late
AR-12157,Luma Construction,BE,Construction,EUR,1661.02,2024-07-18,2024-09-16,2024-10-14,2024-10-14,Paid,60,very_late
AR-12158,Luma Construction,BE,Construction,EUR,9156.97,2024-08-24,2024-10-23,2024-10-29,2024-10-29,Paid,60,very_late
AR-12159,Luma Construction,BE,Construction,EUR,14070.52,2024-08-24,2024-10-23,2024-11-06,2024-11-06,Paid,60,very_late
AR-12160,Luma Construction,BE,Construction,EUR,34443.58,2024-08-07,2024-10-06,2024-10-11,2024-10-11,Paid,60,very_late
AR-12161,Luma Construction,BE,Construction,EUR,20790.38,2024-08-10,2024-10-09,2024-10-28,2024-10-28,Paid,60,very_late
AR-12162,Luma Construction,BE,Construction,EUR,67650.94,2024-08-20,2024-10-19,2024-10-31,2024-10-31,Paid,60,very_late
AR-12163,Luma Construction,BE,Construction,EUR,16601.82,2024-09-21,2024-11-20,2024-12-25,2024-12-25,Paid,60,very_late
AR-12164,Luma Construction,BE,Construction,EUR,26942.24,2024-09-20,2024-11-19,2024-11-24,2024-11-24,Paid,60,very_late
AR-12165,Luma Construction,BE,Construction,EUR,74132.27,2024-09-26,2024-11-25,2024-12-09,2024-12-09,Paid,60,very_late
AR-12166,Luma Construction,BE,Construction,EUR,36371.6,2024-09-22,2024-11-21,2024-12-21,2024-12-21,Paid,60,very_late
AR-12167,Luma Construction,BE,Construction,EUR,27614.2,2024-09-23,2024-11-22,2024-11-27,2024-11-27,Paid,60,very_late
AR-12168,Luma Construction,BE,Construction,EUR,20240.04,2024-10-27,2024-12-26,2025-01-11,2025-01-11,Paid,60,very_late
AR-12169,Luma Construction,BE,Construction,EUR,20701.62,2024-10-13,2024-12-12,2025-01-20,2025-01-20,Paid,60,very_late
AR-12170,Luma Construction,BE,Construction,EUR,13740.25,2024-10-22,2024-12-21,2024-12-28,2024-12-28,Paid,60,very_late
AR-12171,Luma Construction,BE,Construction,EUR,17040.65,2024-10-20,2024-12-19,2024-12-29,2024-12-29,Paid,60,very_late
AR-12172,Luma Construction,BE,Construction,EUR,19971.05,2024-10-04,2024-12-03,2024-12-16,2024-12-16,Paid,60,very_late
AR-12173,Luma Construction,BE,Construction,EUR,28828.5,2024-10-15,2024-12-14,2024-12-29,2024-12-29,Paid,60,very_late
AR-12174,Luma Construction,BE,Construction,EUR,12932.62,2024-10-06,2024-12-05,2024-12-13,2024-12-13,Paid,60,very_late
AR-12175,Luma Construction,BE,Construction,EUR,18538.61,2024-10-08,2024-12-07,2025-01-11,2025-01-11,Paid,60,very_late
AR-12176,Luma Construction,BE,Construction,EUR,3571.55,2024-10-09,2024-12-08,2025-01-09,2025-01-09,Paid,60,very_late
AR-12177,Luma Construction,BE,Construction,EUR,19456.0,2024-10-05,2024-12-04,2024-12-18,2024-12-18,Paid,60,very_late
AR-12178,Luma Construction,BE,Construction,EUR,49607.86,2024-11-26,2025-01-25,2025-02-13,2025-02-13,Paid,60,very_late
AR-12179,Luma Construction,BE,Construction,EUR,23434.15,2024-11-04,2025-01-03,2025-02-08,2025-02-08,Paid,60,very_late
AR-12180,Luma Construction,BE,Construction,EUR,15969.39,2024-11-28,2025-01-27,2025-02-23,2025-02-23,Paid,60,very_late
AR-12181,Luma Construction,BE,Construction,EUR,58292.7,2024-11-10,2025-01-09,2025-01-27,2025-01-27,Paid,60,very_late
AR-12182,Luma Construction,BE,Construction,EUR,31759.28,2024-11-16,2025-01-15,2025-02-10,2025-02-10,Paid,60,very_late
AR-12183,Luma Construction,BE,Construction,EUR,10153.93,2024-11-01,2024-12-31,2025-01-23,2025-01-23,Paid,60,very_late
AR-12184,Luma Construction,BE,Construction,EUR,50355.43,2024-12-04,2025-02-02,2025-02-23,2025-02-23,Paid,60,very_late
AR-12185,Luma Construction,BE,Construction,EUR,4309.91,2024-12-21,2025-02-19,2025-03-16,2025-03-16,Paid,60,very_late
AR-12186,Luma Construction,BE,Construction,EUR,21980.54,2024-12-10,2025-02-08,2025-03-01,2025-03-01,Paid,60,very_late
AR-12187,Luma Construction,BE,Construction,EUR,18797.92,2024-12-27,2025-02-25,2025-03-02,2025-03-02,Paid,60,very_late
AR-12188,Luma Construction,BE,Construction,EUR,8397.04,2024-12-12,2025-02-10,2025-02-20,2025-02-20,Paid,60,very_late
AR-12189,Luma Construction,BE,Construction,EUR,36748.99,2024-12-21,2025-02-19,2025-03-21,2025-03-21,Paid,60,very_late
AR-12190,Luma Construction,BE,Construction,EUR,16059.33,2024-12-17,2025-02-15,2025-02-24,2025-02-24,Paid,60,very_late
AR-12191,Luma Construction,BE,Construction,EUR,18629.04,2024-12-19,2025-02-17,2025-03-12,2025-03-12,Paid,60,very_late
AR-12192,Luma Construction,BE,Construction,EUR,10203.7,2024-12-25,2025-02-23,2025-03-20,2025-03-20,Paid,60,very_late
AR-12193,Luma Construction,BE,Construction,EUR,15382.37,2025-01-09,2025-03-10,2025-03-21,2025-03-21,Paid,60,very_late
AR-12194,Luma Construction,BE,Construction,EUR,9865.97,2025-01-27,2025-03-28,2025-04-26,2025-04-26,Paid,60,very_late
AR-12195,Luma Construction,BE,Construction,EUR,8810.33,2025-01-25,2025-03-26,2025-04-18,2025-04-18,Paid,60,very_late
AR-12196,Luma Construction,BE,Construction,EUR,131768.14,2025-01-09,2025-03-10,2025-03-25,2025-03-25,Paid,60,very_late
AR-12197,Luma Construction,BE,Construction,EUR,52316.26,2025-02-02,2025-04-03,2025-04-09,2025-04-09,Paid,60,very_late
AR-12198,Luma Construction,BE,Construction,EUR,13092.94,2025-02-01,2025-04-02,2025-04-17,2025-04-17,Paid,60,very_late
AR-12199,Luma Construction,BE,Construction,EUR,17023.27,2025-02-25,2025-04-26,2025-05-18,2025-05-18,Paid,60,very_late
AR-12200,Luma Construction,BE,Construction,EUR,16868.63,2025-02-05,2025-04-06,2025-04-21,2025-04-21,Paid,60,very_late
AR-12201,Luma Construction,BE,Construction,EUR,22991.03,2025-02-04,2025-04-05,2025-04-30,2025-04-30,Paid,60,very_late
AR-12202,Luma Construction,BE,Construction,EUR,17524.98,2025-02-28,2025-04-29,2025-05-12,2025-05-12,Paid,60,very_late
AR-12203,Luma Construction,BE,Construction,EUR,6622.12,2025-02-03,2025-04-04,2025-04-26,2025-04-26,Paid,60,very_late
AR-12204,Luma Construction,BE,Construction,EUR,3872.09,2025-02-01,2025-04-02,2025-05-04,2025-05-04,Paid,60,very_late
AR-12205,Luma Construction,BE,Construction,EUR,9087.88,2025-02-06,2025-04-07,2025-04-26,2025-04-26,Paid,60,very_late
AR-12206,Luma Construction,BE,Construction,EUR,10493.15,2025-02-21,2025-04-22,2025-05-01,2025-05-01,Paid,60,very_late
AR-12207,Luma Construction,BE,Construction,EUR,6753.16,2025-03-15,2025-05-14,2025-06-03,2025-06-03,Paid,60,very_late
AR-12208,Luma Construction,BE,Construction,EUR,56297.38,2025-03-13,2025-05-12,2025-06-09,2025-06-09,Paid,60,very_late
AR-12209,Luma Construction,BE,Construction,EUR,43266.8,2025-03-23,2025-05-22,2025-06-12,2025-06-12,Paid,60,very_late
AR-12210,Luma Construction,BE,Construction,EUR,14085.42,2025-03-19,2025-05-18,2025-05-28,2025-05-28,Paid,60,very_late
AR-12211,Luma Construction,BE,Construction,EUR,24568.68,2025-03-08,2025-05-07,2025-06-15,2025-06-15,Paid,60,very_late
AR-12212,Luma Construction,BE,Construction,EUR,9305.32,2025-03-17,2025-05-16,2025-05-26,2025-05-26,Paid,60,very_late
AR-12213,Luma Construction,BE,Construction,EUR,15528.37,2025-03-18,2025-05-17,2025-06-03,2025-06-03,Paid,60,very_late
AR-12214,Luma Construction,BE,Construction,EUR,6429.17,2025-03-16,2025-05-15,2025-05-30,2025-05-30,Paid,60,very_late
AR-12215,Luma Construction,BE,Construction,EUR,32702.26,2025-04-12,2025-06-11,2025-07-12,2025-07-12,Paid,60,very_late
AR-12216,Luma Construction,BE,Construction,EUR,11311.53,2025-04-04,2025-06-03,2025-06-20,2025-06-20,Paid,60,very_late
AR-12217,Luma Construction,BE,Construction,EUR,43646.95,2025-04-14,2025-06-13,2025-07-08,2025-07-08,Paid,60,very_late
AR-12218,Luma Construction,BE,Construction,EUR,4752.43,2025-04-01,2025-05-31,2025-07-05,2025-07-05,Paid,60,very_late
AR-12219,Luma Construction,BE,Construction,EUR,53038.6,2025-04-12,2025-06-11,2025-06-23,2025-06-23,Paid,60,very_late
AR-12220,Luma Construction,BE,Construction,EUR,39022.35,2025-04-08,2025-06-07,2025-07-06,2025-07-06,Paid,60,very_late
AR-12221,Luma Construction,BE,Construction,EUR,28552.6,2025-05-16,2025-07-15,2025-08-09,2025-08-09,Paid,60,very_late
AR-12222,Luma Construction,BE,Construction,EUR,21500.44,2025-05-05,2025-07-04,2025-07-29,2025-07-29,Paid,60,very_late
AR-12223,Luma Construction,BE,Construction,EUR,24688.82,2025-05-15,2025-07-14,2025-08-08,2025-08-08,Paid,60,very_late
AR-12224,Luma Construction,BE,Construction,EUR,8669.58,2025-05-07,2025-07-06,2025-07-24,2025-07-24,Paid,60,very_late
AR-12225,Luma Construction,BE,Construction,EUR,34909.94,2025-05-22,2025-07-21,2025-08-09,2025-08-09,Paid,60,very_late
AR-12226,Luma Construction,BE,Construction,EUR,8513.79,2025-05-18,2025-07-17,2025-07-31,2025-07-31,Paid,60,very_late
AR-12227,Luma Construction,BE,Construction,EUR,10867.84,2025-05-10,2025-07-09,2025-08-03,2025-08-03,Paid,60,very_late
AR-12228,Luma Construction,BE,Construction,EUR,26818.26,2025-05-05,2025-07-04,2025-07-27,2025-07-27,Paid,60,very_late
AR-12229,Luma Construction,BE,Construction,EUR,8090.02,2025-05-01,2025-06-30,2025-07-15,2025-07-15,Paid,60,very_late
AR-12230,Luma Construction,BE,Construction,EUR,19200.92,2025-05-08,2025-07-07,2025-08-02,2025-08-02,Paid,60,very_late
AR-12231,Luma Construction,BE,Construction,EUR,53696.21,2025-06-08,2025-08-07,2025-09-11,2025-09-11,Paid,60,very_late
AR-12232,Luma Construction,BE,Construction,EUR,33373.13,2025-06-14,2025-08-13,2025-09-13,2025-09-13,Paid,60,very_late
AR-12233,Luma Construction,BE,Construction,EUR,17452.15,2025-06-24,2025-08-23,2025-09-06,2025-09-06,Paid,60,very_late
AR-12234,Luma Construction,BE,Construction,EUR,54955.42,2025-06-25,2025-08-24,2025-09-09,2025-09-09,Paid,60,very_late
AR-12235,Luma Construction,BE,Construction,EUR,37326.27,2025-06-04,2025-08-03,2025-08-26,2025-08-26,Paid,60,very_late
AR-12236,Luma Construction,BE,Construction,EUR,33788.41,2025-07-03,2025-09-01,2025-09-20,2025-09-20,Paid,60,very_late
AR-12237,Luma Construction,BE,Construction,EUR,36316.14,2025-07-17,2025-09-15,2025-09-24,2025-09-24,Paid,60,very_late
AR-12238,Luma Construction,BE,Construction,EUR,851.19,2025-07-21,2025-09-19,2025-10-05,2025-10-05,Paid,60,very_late
AR-12239,Luma Construction,BE,Construction,EUR,2057.06,2025-07-04,2025-09-02,2025-09-20,2025-09-20,Paid,60,very_late
AR-12240,Luma Construction,BE,Construction,EUR,9864.45,2025-07-11,2025-09-09,2025-09-21,2025-09-21,Paid,60,very_late
AR-12241,Luma Construction,BE,Construction,EUR,12441.86,2025-07-24,2025-09-22,2025-10-15,2025-10-15,Paid,60,very_late
AR-12242,Luma Construction,BE,Construction,EUR,17445.84,2025-07-11,2025-09-09,2025-10-15,2025-10-15,Paid,60,very_late
AR-12243,Luma Construction,BE,Construction,EUR,14955.54,2025-07-19,2025-09-17,2025-09-30,2025-09-30,Paid,60,very_late
AR-12244,Luma Construction,BE,Construction,EUR,61537.11,2025-07-19,2025-09-17,2025-10-05,2025-10-05,Paid,60,very_late
AR-12245,Luma Construction,BE,Construction,EUR,8752.66,2025-07-05,2025-09-03,2025-10-08,2025-10-08,Paid,60,very_late
AR-12246,Luma Construction,BE,Construction,EUR,43479.71,2025-08-23,2025-10-22,2025-11-05,2025-11-05,Paid,60,very_late
AR-12247,Luma Construction,BE,Construction,EUR,16854.21,2025-08-24,2025-10-23,2025-11-28,2025-11-28,Paid,60,very_late
AR-12248,Luma Construction,BE,Construction,EUR,8788.12,2025-08-24,2025-10-23,2025-11-13,2025-11-13,Paid,60,very_late
AR-12249,Luma Construction,BE,Construction,EUR,25984.18,2025-08-24,2025-10-23,2025-11-08,2025-11-08,Paid,60,very_late
AR-12250,Luma Construction,BE,Construction,EUR,4541.83,2025-08-16,2025-10-15,2025-10-23,2025-10-23,Paid,60,very_late
AR-12251,Luma Construction,BE,Construction,EUR,27885.92,2025-08-05,2025-10-04,2025-10-20,2025-10-20,Paid,60,very_late
AR-12252,Luma Construction,BE,Construction,EUR,8892.7,2025-08-10,2025-10-09,2025-11-11,2025-11-11,Paid,60,very_late
AR-12253,Luma Construction,BE,Construction,EUR,13266.5,2025-08-14,2025-10-13,2025-10-30,2025-10-30,Paid,60,very_late
AR-12254,Luma Construction,BE,Construction,EUR,2623.7,2025-08-27,2025-10-26,2025-11-19,2025-11-19,Paid,60,very_late
AR-12255,Luma Construction,BE,Construction,EUR,94875.55,2025-09-16,2025-11-15,2025-12-13,2025-12-13,Paid,60,very_late
AR-12256,Luma Construction,BE,Construction,EUR,24847.63,2025-09-04,2025-11-03,2025-11-28,2025-11-28,Paid,60,very_late
AR-12257,Luma Construction,BE,Construction,EUR,40718.99,2025-09-22,2025-11-21,2025-12-13,2025-12-13,Paid,60,very_late
AR-12258,Luma Construction,BE,Construction,EUR,28986.81,2025-09-02,2025-11-01,2025-11-22,2025-11-22,Paid,60,very_late
AR-12259,Luma Construction,BE,Construction,EUR,9407.22,2025-10-09,2025-12-08,2025-12-26,2025-12-26,Paid,60,very_late
AR-12260,Luma Construction,BE,Construction,EUR,13439.17,2025-10-28,2025-12-27,2026-01-06,2026-01-06,Paid,60,very_late
AR-12261,Luma Construction,BE,Construction,EUR,41177.38,2025-10-21,2025-12-20,2026-01-09,2026-01-09,Paid,60,very_late
AR-12262,Luma Construction,BE,Construction,EUR,10923.56,2025-10-28,2025-12-27,2026-01-13,2026-01-13,Paid,60,very_late
AR-12263,Luma Construction,BE,Construction,EUR,61577.04,2025-10-07,2025-12-06,2025-12-25,2025-12-25,Paid,60,very_late
AR-12264,Luma Construction,BE,Construction,EUR,5723.28,2025-10-05,2025-12-04,2026-01-01,2026-01-01,Paid,60,very_late
AR-12265,Luma Construction,BE,Construction,EUR,40247.6,2025-10-02,2025-12-01,2025-12-25,2025-12-25,Paid,60,very_late
AR-12266,Luma Construction,BE,Construction,EUR,12679.34,2025-11-15,2026-01-14,2026-02-07,2026-02-07,Paid,60,very_late
AR-12267,Luma Construction,BE,Construction,EUR,16675.75,2025-11-01,2025-12-31,2026-01-16,2026-01-16,Paid,60,very_late
AR-12268,Luma Construction,BE,Construction,EUR,9252.58,2025-11-11,2026-01-10,2026-01-23,2026-01-23,Paid,60,very_late
AR-12269,Luma Construction,BE,Construction,EUR,19026.39,2025-11-13,2026-01-12,2026-01-23,2026-01-23,Paid,60,very_late
AR-12270,Luma Construction,BE,Construction,EUR,39132.27,2025-11-26,2026-01-25,2026-02-11,2026-02-11,Paid,60,very_late
AR-12271,Luma Construction,BE,Construction,EUR,34405.39,2025-11-18,2026-01-17,2026-02-12,2026-02-12,Paid,60,very_late
AR-12272,Luma Construction,BE,Construction,EUR,46403.0,2025-11-16,2026-01-15,2026-01-28,2026-01-28,Paid,60,very_late
AR-12273,Luma Construction,BE,Construction,EUR,19638.1,2025-11-28,2026-01-27,2026-02-15,2026-02-15,Paid,60,very_late
AR-12274,Luma Construction,BE,Construction,EUR,5211.25,2025-12-23,2026-02-21,2026-03-15,2026-03-15,Paid,60,very_late
AR-12275,Luma Construction,BE,Construction,EUR,103524.16,2025-12-02,2026-01-31,2026-02-25,2026-02-25,Paid,60,very_late
AR-12276,Luma Construction,BE,Construction,EUR,63628.91,2025-12-07,2026-02-05,2026-02-13,2026-02-13,Paid,60,very_late
AR-12277,Luma Construction,BE,Construction,EUR,14850.47,2025-12-11,2026-02-09,2026-03-18,2026-03-18,Paid,60,very_late
AR-12278,Luma Construction,BE,Construction,EUR,5960.03,2025-12-11,2026-02-09,2026-02-25,2026-02-25,Paid,60,very_late
AR-12279,Luma Construction,BE,Construction,EUR,22093.06,2026-01-19,2026-03-20,2026-04-02,2026-04-02,Paid,60,very_late
AR-12280,Luma Construction,BE,Construction,EUR,24415.22,2026-01-19,2026-03-20,2026-04-09,2026-04-09,Paid,60,very_late
AR-12281,Luma Construction,BE,Construction,EUR,37223.6,2026-01-03,2026-03-04,2026-03-23,2026-03-23,Paid,60,very_late
AR-12282,Luma Construction,BE,Construction,EUR,43442.63,2026-01-18,2026-03-19,2026-04-28,2026-04-28,Paid,60,very_late
AR-12283,Luma Construction,BE,Construction,EUR,7867.73,2026-01-06,2026-03-07,2026-04-04,2026-04-04,Paid,60,very_late
AR-12284,Luma Construction,BE,Construction,EUR,20045.28,2026-01-18,2026-03-19,2026-04-06,2026-04-06,Paid,60,very_late
AR-12285,Luma Construction,BE,Construction,EUR,17514.32,2026-01-07,2026-03-08,2026-03-20,2026-03-20,Paid,60,very_late
AR-12286,Luma Construction,BE,Construction,EUR,37577.41,2026-02-28,2026-04-29,2026-05-29,,Open,60,very_late
AR-12287,Luma Construction,BE,Construction,EUR,20283.27,2026-02-10,2026-04-11,2026-05-20,,Open,60,very_late
AR-12288,Luma Construction,BE,Construction,EUR,69876.96,2026-02-21,2026-04-22,2026-04-27,2026-04-27,Paid,60,very_late
AR-12289,Luma Construction,BE,Construction,EUR,12059.13,2026-02-06,2026-04-07,2026-04-30,2026-04-30,Paid,60,very_late
AR-12290,Luma Construction,BE,Construction,EUR,2374.47,2026-02-19,2026-04-20,2026-04-28,2026-04-28,Paid,60,very_late
AR-12291,Luma Construction,BE,Construction,EUR,34638.67,2026-02-25,2026-04-26,2026-05-20,,Open,60,very_late
AR-12292,Luma Construction,BE,Construction,EUR,39469.82,2026-03-15,2026-05-14,2026-06-04,,Open,60,very_late
AR-12293,Luma Construction,BE,Construction,EUR,45308.91,2026-03-22,2026-05-21,2026-06-13,,Open,60,very_late
AR-12294,Luma Construction,BE,Construction,EUR,17380.41,2026-03-25,2026-05-24,2026-06-05,,Open,60,very_late
AR-12295,Luma Construction,BE,Construction,EUR,58410.56,2026-03-08,2026-05-07,2026-05-14,,Open,60,very_late
AR-12296,Luma Construction,BE,Construction,EUR,17694.89,2026-03-27,2026-05-26,2026-06-26,,Open,60,very_late
AR-12297,Luma Construction,BE,Construction,EUR,5121.25,2026-03-20,2026-05-19,2026-06-05,,Open,60,very_late
AR-12298,Luma Construction,BE,Construction,EUR,41544.51,2026-04-12,2026-06-11,2026-07-03,,Open,60,very_late
AR-12299,Luma Construction,BE,Construction,EUR,14111.85,2026-04-18,2026-06-17,2026-06-30,,Open,60,very_late
AR-12300,Luma Construction,BE,Construction,EUR,4840.98,2026-04-03,2026-06-02,2026-06-28,,Open,60,very_late
AR-12301,Luma Construction,BE,Construction,EUR,24156.65,2026-04-05,2026-06-04,2026-07-01,,Open,60,very_late
AR-12302,Luma Construction,BE,Construction,EUR,34614.17,2026-04-06,2026-06-05,2026-07-03,,Open,60,very_late
AR-12303,Luma Construction,BE,Construction,EUR,13456.4,2026-04-17,2026-06-16,2026-07-13,,Open,60,very_late
AR-12304,Luma Construction,BE,Construction,EUR,31022.26,2026-04-15,2026-06-14,2026-07-02,,Open,60,very_late
AR-12305,Luma Construction,BE,Construction,EUR,17311.06,2026-04-07,2026-06-06,2026-06-20,,Open,60,very_late
AR-12306,Luma Construction,BE,Construction,EUR,10876.93,2026-04-28,2026-06-27,2026-07-23,,Open,60,very_late
AR-12307,Luma Construction,BE,Construction,EUR,38680.29,2026-05-26,2026-07-25,2026-08-10,,Open,60,very_late
AR-12308,Luma Construction,BE,Construction,EUR,15645.08,2026-05-08,2026-07-07,2026-08-20,,Open,60,very_late
AR-12309,Luma Construction,BE,Construction,EUR,22072.1,2026-05-04,2026-07-03,2026-07-23,,Open,60,very_late
AR-12310,Luma Construction,BE,Construction,EUR,13076.0,2026-05-21,2026-07-20,2026-08-21,,Open,60,very_late
AR-12311,Luma Construction,BE,Construction,EUR,3114.73,2026-05-26,2026-07-25,2026-08-26,,Open,60,very_late
AR-12312,Luma Construction,BE,Construction,EUR,36729.45,2026-05-01,2026-06-30,2026-07-17,,Open,60,very_late
AR-12313,Luma Construction,BE,Construction,EUR,9220.05,2026-05-23,2026-07-22,2026-08-13,,Open,60,very_late
AR-12314,Luma Construction,BE,Construction,EUR,11309.67,2026-05-23,2026-07-22,2026-09-04,,Open,60,very_late
AR-12315,Luma Construction,BE,Construction,EUR,30628.3,2026-05-05,2026-07-04,2026-07-09,,Open,60,very_late
AR-12316,Luma Construction,BE,Construction,EUR,19067.95,2026-05-17,2026-07-16,2026-08-09,,Open,60,very_late
AR-12317,Luma Construction,BE,Construction,EUR,4341.24,2026-06-09,2026-08-08,2026-08-28,,Open,60,very_late
AR-12318,Luma Construction,BE,Construction,EUR,42581.48,2026-06-10,2026-08-09,2026-08-24,,Open,60,very_late
AR-12319,Luma Construction,BE,Construction,EUR,16026.09,2026-06-15,2026-08-14,2026-08-19,,Open,60,very_late
AR-12320,Luma Construction,BE,Construction,EUR,11903.72,2026-06-26,2026-08-25,2026-09-11,,Open,60,very_late
AR-12321,Luma Construction,BE,Construction,EUR,17813.12,2026-06-15,2026-08-14,2026-08-27,,Open,60,very_late
AR-12322,Luma Construction,BE,Construction,EUR,30446.37,2026-06-25,2026-08-24,2026-09-03,,Open,60,very_late
AR-12323,Luma Construction,BE,Construction,EUR,3590.05,2026-06-24,2026-08-23,2026-09-11,,Open,60,very_late
AR-12324,Luma Construction,BE,Construction,EUR,48487.0,2026-06-03,2026-08-02,2026-08-15,,Open,60,very_late
AR-12325,Luma Construction,BE,Construction,EUR,29520.13,2026-06-28,2026-08-27,2026-09-01,,Open,60,very_late
AR-12326,Luma Construction,BE,Construction,EUR,98199.99,2026-07-04,2026-09-02,2026-09-25,,Open,60,very_late
AR-12327,Luma Construction,BE,Construction,EUR,42183.18,2026-07-17,2026-09-15,2026-10-07,,Open,60,very_late
AR-12328,Luma Construction,BE,Construction,EUR,39556.36,2026-07-02,2026-08-31,2026-09-18,,Open,60,very_late
AR-12329,Luma Construction,BE,Construction,EUR,25998.69,2026-07-08,2026-09-06,2026-09-23,,Open,60,very_late
AR-12330,Luma Construction,BE,Construction,EUR,23282.07,2026-08-22,2026-10-21,2026-11-13,,Open,60,very_late
AR-12331,Luma Construction,BE,Construction,EUR,17582.27,2026-08-20,2026-10-19,2026-11-04,,Open,60,very_late
AR-12332,Luma Construction,BE,Construction,EUR,14770.88,2026-08-11,2026-10-10,2026-11-03,,Open,60,very_late
AR-12333,Luma Construction,BE,Construction,EUR,25913.12,2026-08-24,2026-10-23,2026-11-23,,Open,60,very_late
AR-12334,Luma Construction,BE,Construction,EUR,25911.2,2026-08-23,2026-10-22,2026-10-30,,Open,60,very_late
AR-12335,Luma Construction,BE,Construction,EUR,12019.38,2026-08-03,2026-10-02,2026-10-28,,Open,60,very_late
AR-12336,Luma Construction,BE,Construction,EUR,8196.59,2026-08-04,2026-10-03,2026-10-27,,Open,60,very_late
AR-12337,Luma Construction,BE,Construction,EUR,12864.79,2026-08-06,2026-10-05,2026-10-11,,Open,60,very_late
AR-12338,Luma Construction,BE,Construction,EUR,9917.48,2026-08-25,2026-10-24,2026-11-01,,Open,60,very_late
AR-12339,Luma Construction,BE,Construction,EUR,7937.3,2026-08-17,2026-10-16,2026-10-21,,Open,60,very_late
