txn_id,date,account_iban,currency,amount,category,counterparty,description,status
TX-700003,2024-05-01,FR7630006000011234567890189,EUR,-185000.0,Rent,SCI Helios Properties,Office & plant rent 2024-05,Posted
TX-900000,2024-05-10,FR7630006000011234567890189,EUR,-13347.87,FX Hedging,HSBC FX Desk,FX forward premium,Posted
TX-700004,2024-05-15,FR7630006000011234567890189,EUR,-125000.0,Debt Service,Bond Trustee,Senior notes coupon + amortization,Posted
TX-700000,2024-05-31,FR7630006000011234567890245,EUR,-1850000.0,Payroll,Employees,Monthly payroll 2024-05,Posted
TX-700005,2024-05-31,FR7630006000011234567890189,EUR,-4359.02,Bank Fees,BNP Paribas,Banking fees 2024-05,Posted
TX-700009,2024-06-01,FR7630006000011234567890189,EUR,-185000.0,Rent,SCI Helios Properties,Office & plant rent 2024-06,Posted
TX-100313,2024-06-02,GB29NWBK60161331926819,GBP,38576.01,Customer Receipts,Caledonia Rail,Receipt AR-10393,Posted
TX-100636,2024-06-03,FR7630006000011234567890189,EUR,63336.76,Customer Receipts,Eos Pharma,Receipt AR-10784,Posted
TX-102386,2024-06-04,FR7630006000011234567890189,EUR,-36463.02,Supplier Payments,Logistica Express,Payment AP-50636,Posted
TX-100310,2024-06-05,GB29NWBK60161331926819,GBP,52703.78,Customer Receipts,Caledonia Rail,Receipt AR-10390,Posted
TX-700001,2024-06-05,FR7630006000011234567890366,EUR,-777000.0,Social Charges,URSSAF,Social charges 2024-05,Posted
TX-102135,2024-06-05,GB29NWBK60161331926819,GBP,-19272.02,Supplier Payments,Voltage Components Ltd,Payment AP-50334,Posted
TX-102644,2024-06-05,FR7630006000011234567890189,EUR,-2439.38,Supplier Payments,CloudOps SAS,Payment AP-50939,Posted
TX-102523,2024-06-06,FR7630006000011234567890189,EUR,-28066.7,Supplier Payments,EnerGrid,Payment AP-50802,Posted
TX-100635,2024-06-06,FR7630006000011234567890189,EUR,124637.97,Customer Receipts,Eos Pharma,Receipt AR-10783,Posted
TX-102649,2024-06-07,FR7630006000011234567890189,EUR,-5945.44,Supplier Payments,CloudOps SAS,Payment AP-50944,Posted
TX-101249,2024-06-08,FR7630006000011234567890189,EUR,25961.39,Customer Receipts,Indus Logistics,Receipt AR-11564,Posted
TX-102522,2024-06-08,FR7630006000011234567890189,EUR,-5924.82,Supplier Payments,EnerGrid,Payment AP-50801,Posted
TX-102524,2024-06-09,FR7630006000011234567890189,EUR,-6266.44,Supplier Payments,EnerGrid,Payment AP-50803,Posted
TX-100308,2024-06-09,GB29NWBK60161331926819,GBP,50087.85,Customer Receipts,Caledonia Rail,Receipt AR-10388,Posted
TX-100478,2024-06-10,US64SVBKUS6S3300958879,USD,90328.0,Customer Receipts,Delphi Aerospace,Receipt AR-10591,Posted
TX-900002,2024-06-10,FR7630006000011234567890189,EUR,-15773.73,FX Hedging,HSBC FX Desk,FX forward premium,Posted
TX-102648,2024-06-10,FR7630006000011234567890189,EUR,-14513.54,Supplier Payments,CloudOps SAS,Payment AP-50943,Posted
TX-100312,2024-06-11,GB29NWBK60161331926819,GBP,70948.29,Customer Receipts,Caledonia Rail,Receipt AR-10392,Posted
TX-102133,2024-06-11,GB29NWBK60161331926819,GBP,-125697.44,Supplier Payments,Voltage Components Ltd,Payment AP-50332,Posted
TX-101250,2024-06-11,FR7630006000011234567890189,EUR,41949.27,Customer Receipts,Indus Logistics,Receipt AR-11565,Posted
TX-100309,2024-06-14,GB29NWBK60161331926819,GBP,12803.63,Customer Receipts,Caledonia Rail,Receipt AR-10389,Posted
TX-102262,2024-06-14,US64SVBKUS6S3300958879,USD,-98108.75,Supplier Payments,MicroChip US Inc.,Payment AP-50484,Posted
TX-102385,2024-06-14,FR7630006000011234567890189,EUR,-21573.55,Supplier Payments,Logistica Express,Payment AP-50635,Posted
TX-102263,2024-06-15,US64SVBKUS6S3300958879,USD,-313411.26,Supplier Payments,MicroChip US Inc.,Payment AP-50485,Posted
TX-700012,2024-06-15,FR7630006000011234567890366,EUR,-467076.21,Corporate Tax,DGFiP,IS quarterly instalment 2024-06,Posted
TX-100004,2024-06-15,FR7630006000011234567890189,EUR,94510.18,Customer Receipts,Atlas Energy Group,Receipt AR-10004,Posted
TX-101862,2024-06-15,FR7630006000011234567890189,EUR,-100823.78,Supplier Payments,Steelworks Holding,Payment AP-50004,Posted
TX-100316,2024-06-15,GB29NWBK60161331926819,GBP,21084.75,Customer Receipts,Caledonia Rail,Receipt AR-10396,Posted
TX-700010,2024-06-15,FR7630006000011234567890189,EUR,-125000.0,Debt Service,Bond Trustee,Senior notes coupon + amortization,Posted
TX-102768,2024-06-16,FR7630006000011234567890189,EUR,-50472.59,Supplier Payments,Atelier Maintenance,Payment AP-51092,Posted
TX-102520,2024-06-17,FR7630006000011234567890189,EUR,-10747.95,Supplier Payments,EnerGrid,Payment AP-50799,Posted
TX-101860,2024-06-17,FR7630006000011234567890189,EUR,-49695.81,Supplier Payments,Steelworks Holding,Payment AP-50002,Posted
TX-100473,2024-06-17,US64SVBKUS6S3300958879,USD,103890.57,Customer Receipts,Delphi Aerospace,Receipt AR-10586,Posted
TX-100633,2024-06-17,FR7630006000011234567890189,EUR,25522.13,Customer Receipts,Eos Pharma,Receipt AR-10781,Posted
TX-102521,2024-06-17,FR7630006000011234567890189,EUR,-17391.81,Supplier Payments,EnerGrid,Payment AP-50800,Posted
TX-101256,2024-06-17,FR7630006000011234567890189,EUR,32734.21,Customer Receipts,Indus Logistics,Receipt AR-11571,Posted
TX-101253,2024-06-18,FR7630006000011234567890189,EUR,40109.91,Customer Receipts,Indus Logistics,Receipt AR-11568,Posted
TX-102134,2024-06-18,GB29NWBK60161331926819,GBP,-55231.7,Supplier Payments,Voltage Components Ltd,Payment AP-50333,Posted
TX-100311,2024-06-18,GB29NWBK60161331926819,GBP,73412.18,Customer Receipts,Caledonia Rail,Receipt AR-10391,Posted
TX-100003,2024-06-18,FR7630006000011234567890189,EUR,180274.41,Customer Receipts,Atlas Energy Group,Receipt AR-10003,Posted
TX-101255,2024-06-19,FR7630006000011234567890189,EUR,4369.55,Customer Receipts,Indus Logistics,Receipt AR-11570,Posted
TX-101999,2024-06-19,FR7630006000011234567890189,EUR,-51189.85,Supplier Payments,Polymer Industries,Payment AP-50170,Posted
TX-102647,2024-06-20,FR7630006000011234567890189,EUR,-26960.42,Supplier Payments,CloudOps SAS,Payment AP-50942,Posted
TX-101257,2024-06-20,FR7630006000011234567890189,EUR,2572.95,Customer Receipts,Indus Logistics,Receipt AR-11572,Posted
TX-100937,2024-06-20,FR7630006000011234567890189,EUR,25029.63,Customer Receipts,Gaia Renewables,Receipt AR-11163,Posted
TX-100007,2024-06-20,FR7630006000011234567890189,EUR,101807.86,Customer Receipts,Atlas Energy Group,Receipt AR-10007,Posted
TX-700002,2024-06-20,FR7630006000011234567890366,EUR,-364887.13,VAT,DGFiP,VAT 2024-05,Posted
TX-100940,2024-06-21,FR7630006000011234567890189,EUR,72656.1,Customer Receipts,Gaia Renewables,Receipt AR-11166,Posted
TX-102527,2024-06-21,FR7630006000011234567890189,EUR,-15657.5,Supplier Payments,EnerGrid,Payment AP-50806,Posted
TX-101997,2024-06-21,FR7630006000011234567890189,EUR,-42553.21,Supplier Payments,Polymer Industries,Payment AP-50168,Posted
TX-100314,2024-06-21,GB29NWBK60161331926819,GBP,22431.63,Customer Receipts,Caledonia Rail,Receipt AR-10394,Posted
TX-100941,2024-06-21,FR7630006000011234567890189,EUR,73743.28,Customer Receipts,Gaia Renewables,Receipt AR-11167,Posted
TX-103034,2024-06-22,FR7630006000011234567890189,EUR,-7726.97,Supplier Payments,Audit & Co,Payment AP-51436,Posted
TX-102260,2024-06-22,US64SVBKUS6S3300958879,USD,-88666.93,Supplier Payments,MicroChip US Inc.,Payment AP-50482,Posted
TX-100008,2024-06-22,FR7630006000011234567890189,EUR,252743.2,Customer Receipts,Atlas Energy Group,Receipt AR-10008,Posted
TX-101551,2024-06-23,FR7630006000011234567890189,EUR,18717.75,Customer Receipts,Kepler Robotics,Receipt AR-11940,Posted
TX-100315,2024-06-23,GB29NWBK60161331926819,GBP,15948.34,Customer Receipts,Caledonia Rail,Receipt AR-10395,Posted
TX-100634,2024-06-23,FR7630006000011234567890189,EUR,70794.45,Customer Receipts,Eos Pharma,Receipt AR-10782,Posted
TX-102132,2024-06-23,GB29NWBK60161331926819,GBP,-14596.72,Supplier Payments,Voltage Components Ltd,Payment AP-50331,Posted
TX-101251,2024-06-23,FR7630006000011234567890189,EUR,450.32,Customer Receipts,Indus Logistics,Receipt AR-11566,Posted
TX-102387,2024-06-24,FR7630006000011234567890189,EUR,-101427.98,Supplier Payments,Logistica Express,Payment AP-50637,Posted
TX-100474,2024-06-24,US64SVBKUS6S3300958879,USD,127081.44,Customer Receipts,Delphi Aerospace,Receipt AR-10587,Posted
TX-102525,2024-06-24,FR7630006000011234567890189,EUR,-22826.25,Supplier Payments,EnerGrid,Payment AP-50804,Posted
TX-102646,2024-06-24,FR7630006000011234567890189,EUR,-10690.61,Supplier Payments,CloudOps SAS,Payment AP-50941,Posted
TX-102526,2024-06-25,FR7630006000011234567890189,EUR,-14205.58,Supplier Payments,EnerGrid,Payment AP-50805,Posted
TX-103033,2024-06-25,FR7630006000011234567890189,EUR,-2262.33,Supplier Payments,Audit & Co,Payment AP-51435,Posted
TX-101549,2024-06-25,FR7630006000011234567890189,EUR,48487.23,Customer Receipts,Kepler Robotics,Receipt AR-11938,Posted
TX-102261,2024-06-26,US64SVBKUS6S3300958879,USD,-45652.36,Supplier Payments,MicroChip US Inc.,Payment AP-50483,Posted
TX-100475,2024-06-26,US64SVBKUS6S3300958879,USD,160249.32,Customer Receipts,Delphi Aerospace,Receipt AR-10588,Posted
TX-100001,2024-06-26,FR7630006000011234567890189,EUR,20300.42,Customer Receipts,Atlas Energy Group,Receipt AR-10001,Posted
TX-100471,2024-06-26,US64SVBKUS6S3300958879,USD,312132.09,Customer Receipts,Delphi Aerospace,Receipt AR-10584,Posted
TX-101252,2024-06-26,FR7630006000011234567890189,EUR,43005.01,Customer Receipts,Indus Logistics,Receipt AR-11567,Posted
TX-102388,2024-06-27,FR7630006000011234567890189,EUR,-14269.03,Supplier Payments,Logistica Express,Payment AP-50638,Posted
TX-102766,2024-06-27,FR7630006000011234567890189,EUR,-23282.44,Supplier Payments,Atelier Maintenance,Payment AP-51090,Posted
TX-100472,2024-06-28,US64SVBKUS6S3300958879,USD,86027.4,Customer Receipts,Delphi Aerospace,Receipt AR-10585,Posted
TX-900001,2024-06-28,FR7630006000011234567899001,EUR,16250.0,Interest Income,BNP Paribas,Term deposit interest,Posted
TX-100477,2024-06-29,US64SVBKUS6S3300958879,USD,43688.95,Customer Receipts,Delphi Aerospace,Receipt AR-10590,Posted
TX-103036,2024-06-29,FR7630006000011234567890189,EUR,-9399.48,Supplier Payments,Audit & Co,Payment AP-51438,Posted
TX-100936,2024-06-29,FR7630006000011234567890189,EUR,110469.8,Customer Receipts,Gaia Renewables,Receipt AR-11162,Posted
TX-101399,2024-06-29,FR7630006000011234567890189,EUR,36589.57,Customer Receipts,Janus Defence,Receipt AR-11749,Posted
TX-102645,2024-06-29,FR7630006000011234567890189,EUR,-15261.63,Supplier Payments,CloudOps SAS,Payment AP-50940,Posted
TX-101993,2024-06-29,FR7630006000011234567890189,EUR,-27662.68,Supplier Payments,Polymer Industries,Payment AP-50164,Posted
TX-101864,2024-06-29,FR7630006000011234567890189,EUR,-125175.27,Supplier Payments,Steelworks Holding,Payment AP-50006,Posted
TX-700006,2024-06-30,FR7630006000011234567890245,EUR,-1857400.0,Payroll,Employees,Monthly payroll 2024-06,Posted
TX-700011,2024-06-30,FR7630006000011234567890189,EUR,-3985.12,Bank Fees,BNP Paribas,Banking fees 2024-06,Posted
TX-100319,2024-06-30,GB29NWBK60161331926819,GBP,33693.02,Customer Receipts,Caledonia Rail,Receipt AR-10399,Posted
TX-100476,2024-06-30,US64SVBKUS6S3300958879,USD,145537.54,Customer Receipts,Delphi Aerospace,Receipt AR-10589,Posted
TX-101998,2024-06-30,FR7630006000011234567890189,EUR,-52665.13,Supplier Payments,Polymer Industries,Payment AP-50169,Posted
TX-101254,2024-06-30,FR7630006000011234567890189,EUR,61550.78,Customer Receipts,Indus Logistics,Receipt AR-11569,Posted
TX-102392,2024-07-01,FR7630006000011234567890189,EUR,-45457.09,Supplier Payments,Logistica Express,Payment AP-50642,Posted
TX-101995,2024-07-01,FR7630006000011234567890189,EUR,-91869.21,Supplier Payments,Polymer Industries,Payment AP-50166,Posted
TX-700016,2024-07-01,FR7630006000011234567890189,EUR,-185000.0,Rent,SCI Helios Properties,Office & plant rent 2024-07,Posted
TX-101260,2024-07-01,FR7630006000011234567890189,EUR,12965.96,Customer Receipts,Indus Logistics,Receipt AR-11575,Posted
TX-101259,2024-07-01,FR7630006000011234567890189,EUR,39559.8,Customer Receipts,Indus Logistics,Receipt AR-11574,Posted
TX-103032,2024-07-01,FR7630006000011234567890189,EUR,-4738.34,Supplier Payments,Audit & Co,Payment AP-51434,Posted
TX-102390,2024-07-02,FR7630006000011234567890189,EUR,-24655.39,Supplier Payments,Logistica Express,Payment AP-50640,Posted
TX-101859,2024-07-02,FR7630006000011234567890189,EUR,-36659.98,Supplier Payments,Steelworks Holding,Payment AP-50001,Posted
TX-100162,2024-07-02,FR7630006000011234567890189,EUR,51373.01,Customer Receipts,Borealis Mobility,Receipt AR-10202,Posted
TX-102650,2024-07-03,FR7630006000011234567890189,EUR,-26414.75,Supplier Payments,CloudOps SAS,Payment AP-50945,Posted
TX-101553,2024-07-03,FR7630006000011234567890189,EUR,81278.59,Customer Receipts,Kepler Robotics,Receipt AR-11942,Posted
TX-102266,2024-07-03,US64SVBKUS6S3300958879,USD,-96947.15,Supplier Payments,MicroChip US Inc.,Payment AP-50488,Posted
TX-101403,2024-07-03,FR7630006000011234567890189,EUR,78416.25,Customer Receipts,Janus Defence,Receipt AR-11753,Posted
TX-100317,2024-07-03,GB29NWBK60161331926819,GBP,33593.73,Customer Receipts,Caledonia Rail,Receipt AR-10397,Posted
TX-100939,2024-07-03,FR7630006000011234567890189,EUR,10471.66,Customer Receipts,Gaia Renewables,Receipt AR-11165,Posted
TX-101397,2024-07-03,FR7630006000011234567890189,EUR,54429.41,Customer Receipts,Janus Defence,Receipt AR-11747,Posted
TX-102264,2024-07-04,US64SVBKUS6S3300958879,USD,-189374.02,Supplier Payments,MicroChip US Inc.,Payment AP-50486,Posted
TX-101398,2024-07-04,FR7630006000011234567890189,EUR,159017.57,Customer Receipts,Janus Defence,Receipt AR-11748,Posted
TX-103038,2024-07-04,FR7630006000011234567890189,EUR,-2365.17,Supplier Payments,Audit & Co,Payment AP-51440,Posted
TX-101262,2024-07-04,FR7630006000011234567890189,EUR,36377.05,Customer Receipts,Indus Logistics,Receipt AR-11577,Posted
TX-101548,2024-07-04,FR7630006000011234567890189,EUR,51518.49,Customer Receipts,Kepler Robotics,Receipt AR-11937,Posted
TX-700007,2024-07-05,FR7630006000011234567890366,EUR,-780108.0,Social Charges,URSSAF,Social charges 2024-06,Posted
TX-100006,2024-07-05,FR7630006000011234567890189,EUR,128146.31,Customer Receipts,Atlas Energy Group,Receipt AR-10006,Posted
TX-100002,2024-07-05,FR7630006000011234567890189,EUR,65722.73,Customer Receipts,Atlas Energy Group,Receipt AR-10002,Posted
TX-102139,2024-07-05,GB29NWBK60161331926819,GBP,-37751.9,Supplier Payments,Voltage Components Ltd,Payment AP-50338,Posted
TX-100166,2024-07-06,FR7630006000011234567890189,EUR,112818.79,Customer Receipts,Borealis Mobility,Receipt AR-10206,Posted
TX-101992,2024-07-06,FR7630006000011234567890189,EUR,-58923.25,Supplier Payments,Polymer Industries,Payment AP-50163,Posted
TX-101994,2024-07-06,FR7630006000011234567890189,EUR,-41052.09,Supplier Payments,Polymer Industries,Payment AP-50165,Posted
TX-101396,2024-07-06,FR7630006000011234567890189,EUR,39806.18,Customer Receipts,Janus Defence,Receipt AR-11746,Posted
TX-101401,2024-07-06,FR7630006000011234567890189,EUR,72701.31,Customer Receipts,Janus Defence,Receipt AR-11751,Posted
TX-100000,2024-07-06,FR7630006000011234567890189,EUR,43922.56,Customer Receipts,Atlas Energy Group,Receipt AR-10000,Posted
TX-101861,2024-07-07,FR7630006000011234567890189,EUR,-39341.77,Supplier Payments,Steelworks Holding,Payment AP-50003,Posted
TX-101858,2024-07-07,FR7630006000011234567890189,EUR,-20145.8,Supplier Payments,Steelworks Holding,Payment AP-50000,Posted
TX-102904,2024-07-07,FR7630006000011234567890189,EUR,-13894.65,Supplier Payments,Global Insurance Co,Payment AP-51263,Posted
TX-100321,2024-07-07,GB29NWBK60161331926819,GBP,100510.36,Customer Receipts,Caledonia Rail,Receipt AR-10401,Posted
TX-100320,2024-07-08,GB29NWBK60161331926819,GBP,93144.44,Customer Receipts,Caledonia Rail,Receipt AR-10400,Posted
TX-100322,2024-07-08,GB29NWBK60161331926819,GBP,31265.05,Customer Receipts,Caledonia Rail,Receipt AR-10402,Posted
TX-102138,2024-07-09,GB29NWBK60161331926819,GBP,-94940.46,Supplier Payments,Voltage Components Ltd,Payment AP-50337,Posted
TX-100323,2024-07-09,GB29NWBK60161331926819,GBP,32006.76,Customer Receipts,Caledonia Rail,Receipt AR-10403,Posted
TX-102137,2024-07-10,GB29NWBK60161331926819,GBP,-46498.61,Supplier Payments,Voltage Components Ltd,Payment AP-50336,Posted
TX-101265,2024-07-10,FR7630006000011234567890189,EUR,15557.23,Customer Receipts,Indus Logistics,Receipt AR-11580,Posted
TX-900003,2024-07-10,FR7630006000011234567890189,EUR,-13810.38,FX Hedging,HSBC FX Desk,FX forward premium,Posted
TX-101996,2024-07-10,FR7630006000011234567890189,EUR,-34198.27,Supplier Payments,Polymer Industries,Payment AP-50167,Posted
TX-102765,2024-07-10,FR7630006000011234567890189,EUR,-11375.21,Supplier Payments,Atelier Maintenance,Payment AP-51089,Posted
TX-101547,2024-07-11,FR7630006000011234567890189,EUR,13304.55,Customer Receipts,Kepler Robotics,Receipt AR-11936,Posted
TX-103039,2024-07-11,FR7630006000011234567890189,EUR,-11434.72,Supplier Payments,Audit & Co,Payment AP-51441,Posted
TX-100005,2024-07-11,FR7630006000011234567890189,EUR,39151.42,Customer Receipts,Atlas Energy Group,Receipt AR-10005,Posted
TX-103037,2024-07-12,FR7630006000011234567890189,EUR,-4732.97,Supplier Payments,Audit & Co,Payment AP-51439,Posted
TX-102652,2024-07-12,FR7630006000011234567890189,EUR,-31529.9,Supplier Payments,CloudOps SAS,Payment AP-50947,Posted
TX-103035,2024-07-12,FR7630006000011234567890189,EUR,-7880.69,Supplier Payments,Audit & Co,Payment AP-51437,Posted
TX-100324,2024-07-12,GB29NWBK60161331926819,GBP,13977.35,Customer Receipts,Caledonia Rail,Receipt AR-10404,Posted
TX-100784,2024-07-12,FR7630006000011234567890189,EUR,21767.4,Customer Receipts,Forge Manufacturing,Receipt AR-10970,Posted
TX-100782,2024-07-12,FR7630006000011234567890189,EUR,264611.03,Customer Receipts,Forge Manufacturing,Receipt AR-10968,Posted
TX-100479,2024-07-12,US64SVBKUS6S3300958879,USD,452074.6,Customer Receipts,Delphi Aerospace,Receipt AR-10592,Posted
TX-101550,2024-07-12,FR7630006000011234567890189,EUR,13721.18,Customer Receipts,Kepler Robotics,Receipt AR-11939,Posted
TX-100938,2024-07-13,FR7630006000011234567890189,EUR,44567.37,Customer Receipts,Gaia Renewables,Receipt AR-11164,Posted
TX-100163,2024-07-13,FR7630006000011234567890189,EUR,259631.46,Customer Receipts,Borealis Mobility,Receipt AR-10203,Posted
TX-102901,2024-07-13,FR7630006000011234567890189,EUR,-3768.53,Supplier Payments,Global Insurance Co,Payment AP-51260,Posted
TX-101865,2024-07-13,FR7630006000011234567890189,EUR,-202359.95,Supplier Payments,Steelworks Holding,Payment AP-50007,Posted
TX-100483,2024-07-14,US64SVBKUS6S3300958879,USD,43276.96,Customer Receipts,Delphi Aerospace,Receipt AR-10596,Posted
TX-102897,2024-07-14,FR7630006000011234567890189,EUR,-1526.61,Supplier Payments,Global Insurance Co,Payment AP-51256,Posted
TX-101863,2024-07-14,FR7630006000011234567890189,EUR,-183907.8,Supplier Payments,Steelworks Holding,Payment AP-50005,Posted
TX-100785,2024-07-14,FR7630006000011234567890189,EUR,2564.18,Customer Receipts,Forge Manufacturing,Receipt AR-10971,Posted
TX-102767,2024-07-14,FR7630006000011234567890189,EUR,-14898.18,Supplier Payments,Atelier Maintenance,Payment AP-51091,Posted
TX-700017,2024-07-15,FR7630006000011234567890189,EUR,-125000.0,Debt Service,Bond Trustee,Senior notes coupon + amortization,Posted
TX-102265,2024-07-16,US64SVBKUS6S3300958879,USD,-126706.68,Supplier Payments,MicroChip US Inc.,Payment AP-50487,Posted
TX-102001,2024-07-16,FR7630006000011234567890189,EUR,-103895.2,Supplier Payments,Polymer Industries,Payment AP-50172,Posted
TX-101400,2024-07-17,FR7630006000011234567890189,EUR,134816.93,Customer Receipts,Janus Defence,Receipt AR-11750,Posted
TX-100010,2024-07-17,FR7630006000011234567890189,EUR,182131.28,Customer Receipts,Atlas Energy Group,Receipt AR-10010,Posted
TX-102528,2024-07-17,FR7630006000011234567890189,EUR,-18236.83,Supplier Payments,EnerGrid,Payment AP-50807,Posted
TX-100943,2024-07-18,FR7630006000011234567890189,EUR,42899.2,Customer Receipts,Gaia Renewables,Receipt AR-11169,Posted
TX-100480,2024-07-18,US64SVBKUS6S3300958879,USD,198731.87,Customer Receipts,Delphi Aerospace,Receipt AR-10593,Posted
TX-103046,2024-07-18,FR7630006000011234567890189,EUR,-14540.63,Supplier Payments,Audit & Co,Payment AP-51448,Posted
TX-102899,2024-07-19,FR7630006000011234567890189,EUR,-9262.03,Supplier Payments,Global Insurance Co,Payment AP-51258,Posted
TX-102267,2024-07-19,US64SVBKUS6S3300958879,USD,-146487.89,Supplier Payments,MicroChip US Inc.,Payment AP-50489,Posted
TX-100012,2024-07-19,FR7630006000011234567890189,EUR,411786.52,Customer Receipts,Atlas Energy Group,Receipt AR-10012,Posted
TX-101404,2024-07-19,FR7630006000011234567890189,EUR,59373.31,Customer Receipts,Janus Defence,Receipt AR-11754,Posted
TX-101552,2024-07-19,FR7630006000011234567890189,EUR,88851.43,Customer Receipts,Kepler Robotics,Receipt AR-11941,Posted
TX-100482,2024-07-20,US64SVBKUS6S3300958879,USD,207164.52,Customer Receipts,Delphi Aerospace,Receipt AR-10595,Posted
TX-700008,2024-07-20,FR7630006000011234567890366,EUR,-391586.52,VAT,DGFiP,VAT 2024-06,Posted
TX-102529,2024-07-20,FR7630006000011234567890189,EUR,-38037.94,Supplier Payments,EnerGrid,Payment AP-50808,Posted
TX-102770,2024-07-20,FR7630006000011234567890189,EUR,-9964.64,Supplier Payments,Atelier Maintenance,Payment AP-51094,Posted
TX-102774,2024-07-21,FR7630006000011234567890189,EUR,-24999.34,Supplier Payments,Atelier Maintenance,Payment AP-51098,Posted
TX-100318,2024-07-21,GB29NWBK60161331926819,GBP,28958.57,Customer Receipts,Caledonia Rail,Receipt AR-10398,Posted
TX-102903,2024-07-21,FR7630006000011234567890189,EUR,-717.82,Supplier Payments,Global Insurance Co,Payment AP-51262,Posted
TX-102900,2024-07-22,FR7630006000011234567890189,EUR,-6786.29,Supplier Payments,Global Insurance Co,Payment AP-51259,Posted
TX-100783,2024-07-22,FR7630006000011234567890189,EUR,73773.71,Customer Receipts,Forge Manufacturing,Receipt AR-10969,Posted
TX-101703,2024-07-22,FR7630006000011234567890189,EUR,8985.21,Customer Receipts,Luma Construction,Receipt AR-12134,Posted
TX-101263,2024-07-22,FR7630006000011234567890189,EUR,28182.88,Customer Receipts,Indus Logistics,Receipt AR-11578,Posted
TX-102003,2024-07-23,FR7630006000011234567890189,EUR,-13430.38,Supplier Payments,Polymer Industries,Payment AP-50174,Posted
TX-101258,2024-07-23,FR7630006000011234567890189,EUR,72705.79,Customer Receipts,Indus Logistics,Receipt AR-11573,Posted
TX-100641,2024-07-23,FR7630006000011234567890189,EUR,5170.85,Customer Receipts,Eos Pharma,Receipt AR-10789,Posted
TX-102898,2024-07-24,FR7630006000011234567890189,EUR,-1881.79,Supplier Payments,Global Insurance Co,Payment AP-51257,Posted
TX-102531,2024-07-24,FR7630006000011234567890189,EUR,-39279.65,Supplier Payments,EnerGrid,Payment AP-50810,Posted
TX-102391,2024-07-25,FR7630006000011234567890189,EUR,-45289.08,Supplier Payments,Logistica Express,Payment AP-50641,Posted
TX-101866,2024-07-25,FR7630006000011234567890189,EUR,-135203.55,Supplier Payments,Steelworks Holding,Payment AP-50008,Posted
TX-100639,2024-07-25,FR7630006000011234567890189,EUR,32860.7,Customer Receipts,Eos Pharma,Receipt AR-10787,Posted
TX-102136,2024-07-25,GB29NWBK60161331926819,GBP,-40988.83,Supplier Payments,Voltage Components Ltd,Payment AP-50335,Posted
TX-100014,2024-07-25,FR7630006000011234567890189,EUR,68993.81,Customer Receipts,Atlas Energy Group,Receipt AR-10014,Posted
TX-103044,2024-07-25,FR7630006000011234567890189,EUR,-7730.62,Supplier Payments,Audit & Co,Payment AP-51446,Posted
TX-101264,2024-07-25,FR7630006000011234567890189,EUR,7151.22,Customer Receipts,Indus Logistics,Receipt AR-11579,Posted
TX-100786,2024-07-26,FR7630006000011234567890189,EUR,59384.09,Customer Receipts,Forge Manufacturing,Receipt AR-10972,Posted
TX-102389,2024-07-26,FR7630006000011234567890189,EUR,-48301.97,Supplier Payments,Logistica Express,Payment AP-50639,Posted
TX-102002,2024-07-26,FR7630006000011234567890189,EUR,-43952.85,Supplier Payments,Polymer Industries,Payment AP-50173,Posted
TX-101868,2024-07-26,FR7630006000011234567890189,EUR,-170767.96,Supplier Payments,Steelworks Holding,Payment AP-50010,Posted
TX-101261,2024-07-27,FR7630006000011234567890189,EUR,46664.26,Customer Receipts,Indus Logistics,Receipt AR-11576,Posted
TX-102530,2024-07-27,FR7630006000011234567890189,EUR,-28566.55,Supplier Payments,EnerGrid,Payment AP-50809,Posted
TX-102772,2024-07-27,FR7630006000011234567890189,EUR,-3782.31,Supplier Payments,Atelier Maintenance,Payment AP-51096,Posted
TX-100944,2024-07-28,FR7630006000011234567890189,EUR,43111.72,Customer Receipts,Gaia Renewables,Receipt AR-11170,Posted
TX-101402,2024-07-28,FR7630006000011234567890189,EUR,101900.99,Customer Receipts,Janus Defence,Receipt AR-11752,Posted
TX-102775,2024-07-28,FR7630006000011234567890189,EUR,-16428.97,Supplier Payments,Atelier Maintenance,Payment AP-51099,Posted
TX-102000,2024-07-28,FR7630006000011234567890189,EUR,-93659.29,Supplier Payments,Polymer Industries,Payment AP-50171,Posted
TX-102902,2024-07-28,FR7630006000011234567890189,EUR,-2173.65,Supplier Payments,Global Insurance Co,Payment AP-51261,Posted
TX-101099,2024-07-29,FR7630006000011234567890189,EUR,77431.57,Customer Receipts,Helios Public Transit,Receipt AR-11363,Posted
TX-102393,2024-07-29,FR7630006000011234567890189,EUR,-14383.09,Supplier Payments,Logistica Express,Payment AP-50643,Posted
TX-100638,2024-07-29,FR7630006000011234567890189,EUR,105026.55,Customer Receipts,Eos Pharma,Receipt AR-10786,Posted
TX-100165,2024-07-29,FR7630006000011234567890189,EUR,191334.06,Customer Receipts,Borealis Mobility,Receipt AR-10205,Posted
TX-102005,2024-07-30,FR7630006000011234567890189,EUR,-32916.83,Supplier Payments,Polymer Industries,Payment AP-50176,Posted
TX-102269,2024-07-30,US64SVBKUS6S3300958879,USD,-308679.35,Supplier Payments,MicroChip US Inc.,Payment AP-50491,Posted
TX-100009,2024-07-30,FR7630006000011234567890189,EUR,77852.26,Customer Receipts,Atlas Energy Group,Receipt AR-10009,Posted
TX-102004,2024-07-30,FR7630006000011234567890189,EUR,-78212.04,Supplier Payments,Polymer Industries,Payment AP-50175,Posted
TX-101556,2024-07-30,FR7630006000011234567890189,EUR,31494.94,Customer Receipts,Kepler Robotics,Receipt AR-11945,Posted
TX-100637,2024-07-30,FR7630006000011234567890189,EUR,50094.61,Customer Receipts,Eos Pharma,Receipt AR-10785,Posted
TX-100640,2024-07-30,FR7630006000011234567890189,EUR,98407.02,Customer Receipts,Eos Pharma,Receipt AR-10788,Posted
TX-100011,2024-07-30,FR7630006000011234567890189,EUR,155958.82,Customer Receipts,Atlas Energy Group,Receipt AR-10011,Posted
TX-102651,2024-07-31,FR7630006000011234567890189,EUR,-19765.87,Supplier Payments,CloudOps SAS,Payment AP-50946,Posted
TX-700013,2024-07-31,FR7630006000011234567890245,EUR,-1864800.0,Payroll,Employees,Monthly payroll 2024-07,Posted
TX-102910,2024-07-31,FR7630006000011234567890189,EUR,-4698.91,Supplier Payments,Global Insurance Co,Payment AP-51269,Posted
TX-102659,2024-07-31,FR7630006000011234567890189,EUR,-4871.97,Supplier Payments,CloudOps SAS,Payment AP-50954,Posted
TX-102007,2024-07-31,FR7630006000011234567890189,EUR,-20347.37,Supplier Payments,Polymer Industries,Payment AP-50178,Posted
TX-700018,2024-07-31,FR7630006000011234567890189,EUR,-5919.64,Bank Fees,BNP Paribas,Banking fees 2024-07,Posted
TX-102142,2024-08-01,GB29NWBK60161331926819,GBP,-58189.51,Supplier Payments,Voltage Components Ltd,Payment AP-50341,Posted
TX-700022,2024-08-01,FR7630006000011234567890189,EUR,-185000.0,Rent,SCI Helios Properties,Office & plant rent 2024-08,Posted
TX-100946,2024-08-01,FR7630006000011234567890189,EUR,36000.69,Customer Receipts,Gaia Renewables,Receipt AR-11172,Posted
TX-100481,2024-08-01,US64SVBKUS6S3300958879,USD,195016.59,Customer Receipts,Delphi Aerospace,Receipt AR-10594,Posted
TX-100648,2024-08-02,FR7630006000011234567890189,EUR,29868.69,Customer Receipts,Eos Pharma,Receipt AR-10796,Posted
TX-101270,2024-08-02,FR7630006000011234567890189,EUR,82574.37,Customer Receipts,Indus Logistics,Receipt AR-11585,Posted
TX-103043,2024-08-02,FR7630006000011234567890189,EUR,-14745.57,Supplier Payments,Audit & Co,Payment AP-51445,Posted
TX-100015,2024-08-03,FR7630006000011234567890189,EUR,33224.25,Customer Receipts,Atlas Energy Group,Receipt AR-10015,Posted
TX-102657,2024-08-03,FR7630006000011234567890189,EUR,-16909.38,Supplier Payments,CloudOps SAS,Payment AP-50952,Posted
TX-102773,2024-08-04,FR7630006000011234567890189,EUR,-12626.78,Supplier Payments,Atelier Maintenance,Payment AP-51097,Posted
TX-101405,2024-08-04,FR7630006000011234567890189,EUR,212732.62,Customer Receipts,Janus Defence,Receipt AR-11755,Posted
TX-101706,2024-08-04,FR7630006000011234567890189,EUR,36280.69,Customer Receipts,Luma Construction,Receipt AR-12137,Posted
TX-100164,2024-08-05,FR7630006000011234567890189,EUR,79777.0,Customer Receipts,Borealis Mobility,Receipt AR-10204,Posted
TX-102395,2024-08-05,FR7630006000011234567890189,EUR,-14307.37,Supplier Payments,Logistica Express,Payment AP-50645,Posted
TX-100947,2024-08-05,FR7630006000011234567890189,EUR,139323.23,Customer Receipts,Gaia Renewables,Receipt AR-11173,Posted
TX-700014,2024-08-05,FR7630006000011234567890366,EUR,-783216.0,Social Charges,URSSAF,Social charges 2024-07,Posted
TX-102907,2024-08-06,FR7630006000011234567890189,EUR,-7288.44,Supplier Payments,Global Insurance Co,Payment AP-51266,Posted
TX-103040,2024-08-06,FR7630006000011234567890189,EUR,-2501.26,Supplier Payments,Audit & Co,Payment AP-51442,Posted
TX-102268,2024-08-06,US64SVBKUS6S3300958879,USD,-98765.82,Supplier Payments,MicroChip US Inc.,Payment AP-50490,Posted
TX-102769,2024-08-07,FR7630006000011234567890189,EUR,-17668.28,Supplier Payments,Atelier Maintenance,Payment AP-51093,Posted
TX-102270,2024-08-07,US64SVBKUS6S3300958879,USD,-47848.99,Supplier Payments,MicroChip US Inc.,Payment AP-50492,Posted
TX-100787,2024-08-07,FR7630006000011234567890189,EUR,146482.2,Customer Receipts,Forge Manufacturing,Receipt AR-10973,Posted
TX-100327,2024-08-07,GB29NWBK60161331926819,GBP,37658.36,Customer Receipts,Caledonia Rail,Receipt AR-10407,Posted
TX-100013,2024-08-07,FR7630006000011234567890189,EUR,20321.79,Customer Receipts,Atlas Energy Group,Receipt AR-10013,Posted
TX-103041,2024-08-07,FR7630006000011234567890189,EUR,-1378.43,Supplier Payments,Audit & Co,Payment AP-51443,Posted
TX-100942,2024-08-08,FR7630006000011234567890189,EUR,9164.21,Customer Receipts,Gaia Renewables,Receipt AR-11168,Posted
TX-101271,2024-08-08,FR7630006000011234567890189,EUR,50526.38,Customer Receipts,Indus Logistics,Receipt AR-11586,Posted
TX-102911,2024-08-08,FR7630006000011234567890189,EUR,-2497.73,Supplier Payments,Global Insurance Co,Payment AP-51270,Posted
TX-101704,2024-08-08,FR7630006000011234567890189,EUR,18318.36,Customer Receipts,Luma Construction,Receipt AR-12135,Posted
TX-100170,2024-08-08,FR7630006000011234567890189,EUR,17767.49,Customer Receipts,Borealis Mobility,Receipt AR-10210,Posted
TX-100646,2024-08-09,FR7630006000011234567890189,EUR,10611.29,Customer Receipts,Eos Pharma,Receipt AR-10794,Posted
TX-100644,2024-08-09,FR7630006000011234567890189,EUR,50469.58,Customer Receipts,Eos Pharma,Receipt AR-10792,Posted
TX-100650,2024-08-09,FR7630006000011234567890189,EUR,40354.69,Customer Receipts,Eos Pharma,Receipt AR-10798,Posted
TX-100325,2024-08-09,GB29NWBK60161331926819,GBP,54342.08,Customer Receipts,Caledonia Rail,Receipt AR-10405,Posted
TX-102771,2024-08-09,FR7630006000011234567890189,EUR,-17064.39,Supplier Payments,Atelier Maintenance,Payment AP-51095,Posted
TX-100331,2024-08-10,GB29NWBK60161331926819,GBP,8327.18,Customer Receipts,Caledonia Rail,Receipt AR-10411,Posted
TX-101266,2024-08-10,FR7630006000011234567890189,EUR,75489.49,Customer Receipts,Indus Logistics,Receipt AR-11581,Posted
TX-101557,2024-08-10,FR7630006000011234567890189,EUR,29486.59,Customer Receipts,Kepler Robotics,Receipt AR-11946,Posted
TX-102909,2024-08-10,FR7630006000011234567890189,EUR,-3308.99,Supplier Payments,Global Insurance Co,Payment AP-51268,Posted
TX-900004,2024-08-10,FR7630006000011234567890189,EUR,-10866.37,FX Hedging,HSBC FX Desk,FX forward premium,Posted
TX-102912,2024-08-10,FR7630006000011234567890189,EUR,-3166.64,Supplier Payments,Global Insurance Co,Payment AP-51271,Posted
TX-101406,2024-08-11,FR7630006000011234567890189,EUR,125345.63,Customer Receipts,Janus Defence,Receipt AR-11756,Posted
TX-100649,2024-08-11,FR7630006000011234567890189,EUR,20651.05,Customer Receipts,Eos Pharma,Receipt AR-10797,Posted
TX-700025,2024-08-11,FR7630006000011234567890189,EUR,-598209.5,Capex,Various Equipment Vendors,Plant capex,Posted
TX-101867,2024-08-11,FR7630006000011234567890189,EUR,-471133.68,Supplier Payments,Steelworks Holding,Payment AP-50009,Posted
TX-102535,2024-08-11,FR7630006000011234567890189,EUR,-17264.73,Supplier Payments,EnerGrid,Payment AP-50814,Posted
TX-102655,2024-08-11,FR7630006000011234567890189,EUR,-14401.75,Supplier Payments,CloudOps SAS,Payment AP-50950,Posted
TX-102271,2024-08-12,US64SVBKUS6S3300958879,USD,-32658.31,Supplier Payments,MicroChip US Inc.,Payment AP-50493,Posted
TX-100169,2024-08-12,FR7630006000011234567890189,EUR,30113.77,Customer Receipts,Borealis Mobility,Receipt AR-10209,Posted
TX-102006,2024-08-12,FR7630006000011234567890189,EUR,-23724.89,Supplier Payments,Polymer Industries,Payment AP-50177,Posted
TX-100485,2024-08-13,US64SVBKUS6S3300958879,USD,226181.03,Customer Receipts,Delphi Aerospace,Receipt AR-10598,Posted
TX-103045,2024-08-13,FR7630006000011234567890189,EUR,-1167.68,Supplier Payments,Audit & Co,Payment AP-51447,Posted
TX-100487,2024-08-13,US64SVBKUS6S3300958879,USD,184003.75,Customer Receipts,Delphi Aerospace,Receipt AR-10600,Posted
TX-103042,2024-08-13,FR7630006000011234567890189,EUR,-9742.83,Supplier Payments,Audit & Co,Payment AP-51444,Posted
TX-101555,2024-08-13,FR7630006000011234567890189,EUR,64842.14,Customer Receipts,Kepler Robotics,Receipt AR-11944,Posted
TX-100486,2024-08-13,US64SVBKUS6S3300958879,USD,354233.57,Customer Receipts,Delphi Aerospace,Receipt AR-10599,Posted
TX-101705,2024-08-13,FR7630006000011234567890189,EUR,120678.62,Customer Receipts,Luma Construction,Receipt AR-12136,Posted
TX-101559,2024-08-14,FR7630006000011234567890189,EUR,97948.76,Customer Receipts,Kepler Robotics,Receipt AR-11948,Posted
TX-100326,2024-08-14,GB29NWBK60161331926819,GBP,80796.02,Customer Receipts,Caledonia Rail,Receipt AR-10406,Posted
TX-102532,2024-08-14,FR7630006000011234567890189,EUR,-19716.32,Supplier Payments,EnerGrid,Payment AP-50811,Posted
TX-102537,2024-08-14,FR7630006000011234567890189,EUR,-46033.4,Supplier Payments,EnerGrid,Payment AP-50816,Posted
TX-101095,2024-08-14,FR7630006000011234567890189,EUR,40249.83,Customer Receipts,Helios Public Transit,Receipt AR-11359,Posted
TX-100168,2024-08-14,FR7630006000011234567890189,EUR,271780.28,Customer Receipts,Borealis Mobility,Receipt AR-10208,Posted
TX-100328,2024-08-15,GB29NWBK60161331926819,GBP,50695.23,Customer Receipts,Caledonia Rail,Receipt AR-10408,Posted
TX-700023,2024-08-15,FR7630006000011234567890189,EUR,-125000.0,Debt Service,Bond Trustee,Senior notes coupon + amortization,Posted
TX-100019,2024-08-15,FR7630006000011234567890189,EUR,309147.25,Customer Receipts,Atlas Energy Group,Receipt AR-10019,Posted
TX-102905,2024-08-16,FR7630006000011234567890189,EUR,-6314.7,Supplier Payments,Global Insurance Co,Payment AP-51264,Posted
TX-102533,2024-08-16,FR7630006000011234567890189,EUR,-4869.91,Supplier Payments,EnerGrid,Payment AP-50812,Posted
TX-102141,2024-08-16,GB29NWBK60161331926819,GBP,-61319.5,Supplier Payments,Voltage Components Ltd,Payment AP-50340,Posted
TX-100017,2024-08-16,FR7630006000011234567890189,EUR,103112.9,Customer Receipts,Atlas Energy Group,Receipt AR-10017,Posted
TX-100945,2024-08-16,FR7630006000011234567890189,EUR,75053.22,Customer Receipts,Gaia Renewables,Receipt AR-11171,Posted
TX-102656,2024-08-16,FR7630006000011234567890189,EUR,-17382.98,Supplier Payments,CloudOps SAS,Payment AP-50951,Posted
TX-100332,2024-08-17,GB29NWBK60161331926819,GBP,53841.54,Customer Receipts,Caledonia Rail,Receipt AR-10412,Posted
TX-101100,2024-08-18,FR7630006000011234567890189,EUR,17250.43,Customer Receipts,Helios Public Transit,Receipt AR-11364,Posted
TX-102140,2024-08-18,GB29NWBK60161331926819,GBP,-101798.21,Supplier Payments,Voltage Components Ltd,Payment AP-50339,Posted
TX-103050,2024-08-18,FR7630006000011234567890189,EUR,-8832.3,Supplier Payments,Audit & Co,Payment AP-51452,Posted
TX-100173,2024-08-19,FR7630006000011234567890189,EUR,63356.04,Customer Receipts,Borealis Mobility,Receipt AR-10213,Posted
TX-102658,2024-08-19,FR7630006000011234567890189,EUR,-2005.07,Supplier Payments,CloudOps SAS,Payment AP-50953,Posted
TX-102397,2024-08-19,FR7630006000011234567890189,EUR,-46942.91,Supplier Payments,Logistica Express,Payment AP-50647,Posted
TX-102654,2024-08-19,FR7630006000011234567890189,EUR,-4898.04,Supplier Payments,CloudOps SAS,Payment AP-50949,Posted
TX-101267,2024-08-20,FR7630006000011234567890189,EUR,4943.53,Customer Receipts,Indus Logistics,Receipt AR-11582,Posted
TX-100018,2024-08-20,FR7630006000011234567890189,EUR,209116.99,Customer Receipts,Atlas Energy Group,Receipt AR-10018,Posted
TX-102394,2024-08-20,FR7630006000011234567890189,EUR,-788.09,Supplier Payments,Logistica Express,Payment AP-50644,Posted
TX-102013,2024-08-20,FR7630006000011234567890189,EUR,-81557.54,Supplier Payments,Polymer Industries,Payment AP-50184,Posted
TX-101869,2024-08-20,FR7630006000011234567890189,EUR,-210555.96,Supplier Payments,Steelworks Holding,Payment AP-50011,Posted
TX-100951,2024-08-20,FR7630006000011234567890189,EUR,76680.72,Customer Receipts,Gaia Renewables,Receipt AR-11177,Posted
TX-102536,2024-08-20,FR7630006000011234567890189,EUR,-3618.45,Supplier Payments,EnerGrid,Payment AP-50815,Posted
TX-700015,2024-08-20,FR7630006000011234567890366,EUR,-390942.17,VAT,DGFiP,VAT 2024-07,Posted
TX-100949,2024-08-21,FR7630006000011234567890189,EUR,50520.21,Customer Receipts,Gaia Renewables,Receipt AR-11175,Posted
TX-102014,2024-08-21,FR7630006000011234567890189,EUR,-105015.26,Supplier Payments,Polymer Industries,Payment AP-50185,Posted
TX-100790,2024-08-21,FR7630006000011234567890189,EUR,87138.48,Customer Receipts,Forge Manufacturing,Receipt AR-10976,Posted
TX-101269,2024-08-22,FR7630006000011234567890189,EUR,31202.54,Customer Receipts,Indus Logistics,Receipt AR-11584,Posted
TX-102653,2024-08-22,FR7630006000011234567890189,EUR,-17639.24,Supplier Payments,CloudOps SAS,Payment AP-50948,Posted
TX-102008,2024-08-22,FR7630006000011234567890189,EUR,-40801.2,Supplier Payments,Polymer Industries,Payment AP-50179,Posted
TX-100647,2024-08-22,FR7630006000011234567890189,EUR,45341.07,Customer Receipts,Eos Pharma,Receipt AR-10795,Posted
TX-100167,2024-08-23,FR7630006000011234567890189,EUR,32026.85,Customer Receipts,Borealis Mobility,Receipt AR-10207,Posted
TX-102396,2024-08-24,FR7630006000011234567890189,EUR,-116960.11,Supplier Payments,Logistica Express,Payment AP-50646,Posted
TX-100952,2024-08-24,FR7630006000011234567890189,EUR,67932.08,Customer Receipts,Gaia Renewables,Receipt AR-11178,Posted
TX-102906,2024-08-24,FR7630006000011234567890189,EUR,-7679.44,Supplier Payments,Global Insurance Co,Payment AP-51265,Posted
TX-101407,2024-08-24,FR7630006000011234567890189,EUR,328329.23,Customer Receipts,Janus Defence,Receipt AR-11757,Posted
TX-100793,2024-08-24,FR7630006000011234567890189,EUR,36705.37,Customer Receipts,Forge Manufacturing,Receipt AR-10979,Posted
TX-101871,2024-08-24,FR7630006000011234567890189,EUR,-182477.95,Supplier Payments,Steelworks Holding,Payment AP-50013,Posted
TX-102534,2024-08-24,FR7630006000011234567890189,EUR,-33253.7,Supplier Payments,EnerGrid,Payment AP-50813,Posted
TX-101554,2024-08-24,FR7630006000011234567890189,EUR,12266.79,Customer Receipts,Kepler Robotics,Receipt AR-11943,Posted
TX-100016,2024-08-25,FR7630006000011234567890189,EUR,103650.15,Customer Receipts,Atlas Energy Group,Receipt AR-10016,Posted
TX-100329,2024-08-25,GB29NWBK60161331926819,GBP,30940.31,Customer Receipts,Caledonia Rail,Receipt AR-10409,Posted
TX-101268,2024-08-25,FR7630006000011234567890189,EUR,15883.94,Customer Receipts,Indus Logistics,Receipt AR-11583,Posted
TX-101558,2024-08-26,FR7630006000011234567890189,EUR,87916.02,Customer Receipts,Kepler Robotics,Receipt AR-11947,Posted
TX-102908,2024-08-26,FR7630006000011234567890189,EUR,-6059.04,Supplier Payments,Global Insurance Co,Payment AP-51267,Posted
TX-100643,2024-08-26,FR7630006000011234567890189,EUR,13979.4,Customer Receipts,Eos Pharma,Receipt AR-10791,Posted
TX-100642,2024-08-27,FR7630006000011234567890189,EUR,16870.91,Customer Receipts,Eos Pharma,Receipt AR-10790,Posted
TX-100651,2024-08-27,FR7630006000011234567890189,EUR,34125.44,Customer Receipts,Eos Pharma,Receipt AR-10799,Posted
TX-100484,2024-08-27,US64SVBKUS6S3300958879,USD,22237.63,Customer Receipts,Delphi Aerospace,Receipt AR-10597,Posted
TX-100488,2024-08-27,US64SVBKUS6S3300958879,USD,149798.88,Customer Receipts,Delphi Aerospace,Receipt AR-10601,Posted
TX-102272,2024-08-27,US64SVBKUS6S3300958879,USD,-74428.23,Supplier Payments,MicroChip US Inc.,Payment AP-50494,Posted
TX-101872,2024-08-27,FR7630006000011234567890189,EUR,-300561.06,Supplier Payments,Steelworks Holding,Payment AP-50014,Posted
TX-100791,2024-08-28,FR7630006000011234567890189,EUR,41334.21,Customer Receipts,Forge Manufacturing,Receipt AR-10977,Posted
TX-100171,2024-08-28,FR7630006000011234567890189,EUR,185044.35,Customer Receipts,Borealis Mobility,Receipt AR-10211,Posted
TX-100330,2024-08-28,GB29NWBK60161331926819,GBP,52611.3,Customer Receipts,Caledonia Rail,Receipt AR-10410,Posted
TX-101408,2024-08-28,FR7630006000011234567890189,EUR,89488.08,Customer Receipts,Janus Defence,Receipt AR-11758,Posted
TX-101566,2024-08-29,FR7630006000011234567890189,EUR,11625.01,Customer Receipts,Kepler Robotics,Receipt AR-11955,Posted
TX-102012,2024-08-29,FR7630006000011234567890189,EUR,-28682.54,Supplier Payments,Polymer Industries,Payment AP-50183,Posted
TX-103048,2024-08-29,FR7630006000011234567890189,EUR,-4228.33,Supplier Payments,Audit & Co,Payment AP-51450,Posted
TX-103051,2024-08-29,FR7630006000011234567890189,EUR,-6603.55,Supplier Payments,Audit & Co,Payment AP-51453,Posted
TX-101564,2024-08-30,FR7630006000011234567890189,EUR,12184.87,Customer Receipts,Kepler Robotics,Receipt AR-11953,Posted
TX-101096,2024-08-30,FR7630006000011234567890189,EUR,373248.75,Customer Receipts,Helios Public Transit,Receipt AR-11360,Posted
TX-100954,2024-08-30,FR7630006000011234567890189,EUR,7862.92,Customer Receipts,Gaia Renewables,Receipt AR-11180,Posted
TX-100645,2024-08-31,FR7630006000011234567890189,EUR,30925.65,Customer Receipts,Eos Pharma,Receipt AR-10793,Posted
TX-700024,2024-08-31,FR7630006000011234567890189,EUR,-5871.66,Bank Fees,BNP Paribas,Banking fees 2024-08,Posted
TX-700019,2024-08-31,FR7630006000011234567890245,EUR,-1872200.0,Payroll,Employees,Monthly payroll 2024-08,Posted
TX-102278,2024-09-01,US64SVBKUS6S3300958879,USD,-122655.37,Supplier Payments,MicroChip US Inc.,Payment AP-50500,Posted
TX-101713,2024-09-01,FR7630006000011234567890189,EUR,11638.23,Customer Receipts,Luma Construction,Receipt AR-12144,Posted
TX-700029,2024-09-01,FR7630006000011234567890189,EUR,-185000.0,Rent,SCI Helios Properties,Office & plant rent 2024-09,Posted
TX-101276,2024-09-02,FR7630006000011234567890189,EUR,29581.5,Customer Receipts,Indus Logistics,Receipt AR-11591,Posted
TX-100020,2024-09-02,FR7630006000011234567890189,EUR,230580.25,Customer Receipts,Atlas Energy Group,Receipt AR-10020,Posted
TX-100656,2024-09-02,FR7630006000011234567890189,EUR,53826.17,Customer Receipts,Eos Pharma,Receipt AR-10804,Posted
TX-102916,2024-09-02,FR7630006000011234567890189,EUR,-4425.43,Supplier Payments,Global Insurance Co,Payment AP-51275,Posted
TX-102147,2024-09-02,GB29NWBK60161331926819,GBP,-33271.43,Supplier Payments,Voltage Components Ltd,Payment AP-50346,Posted
TX-102917,2024-09-02,FR7630006000011234567890189,EUR,-20800.17,Supplier Payments,Global Insurance Co,Payment AP-51276,Posted
TX-101711,2024-09-02,FR7630006000011234567890189,EUR,7461.31,Customer Receipts,Luma Construction,Receipt AR-12142,Posted
TX-102779,2024-09-02,FR7630006000011234567890189,EUR,-16519.1,Supplier Payments,Atelier Maintenance,Payment AP-51103,Posted
TX-102149,2024-09-02,GB29NWBK60161331926819,GBP,-23802.64,Supplier Payments,Voltage Components Ltd,Payment AP-50348,Posted
TX-101708,2024-09-02,FR7630006000011234567890189,EUR,49344.48,Customer Receipts,Luma Construction,Receipt AR-12139,Posted
TX-100792,2024-09-03,FR7630006000011234567890189,EUR,25805.83,Customer Receipts,Forge Manufacturing,Receipt AR-10978,Posted
TX-100789,2024-09-03,FR7630006000011234567890189,EUR,73329.27,Customer Receipts,Forge Manufacturing,Receipt AR-10975,Posted
TX-101414,2024-09-03,FR7630006000011234567890189,EUR,83933.39,Customer Receipts,Janus Defence,Receipt AR-11764,Posted
TX-101273,2024-09-03,FR7630006000011234567890189,EUR,39570.05,Customer Receipts,Indus Logistics,Receipt AR-11588,Posted
TX-101560,2024-09-03,FR7630006000011234567890189,EUR,33641.01,Customer Receipts,Kepler Robotics,Receipt AR-11949,Posted
TX-102401,2024-09-04,FR7630006000011234567890189,EUR,-19019.7,Supplier Payments,Logistica Express,Payment AP-50651,Posted
TX-102143,2024-09-04,GB29NWBK60161331926819,GBP,-7291.55,Supplier Payments,Voltage Components Ltd,Payment AP-50342,Posted
TX-103052,2024-09-04,FR7630006000011234567890189,EUR,-4281.51,Supplier Payments,Audit & Co,Payment AP-51454,Posted
TX-101098,2024-09-04,FR7630006000011234567890189,EUR,101189.57,Customer Receipts,Helios Public Transit,Receipt AR-11362,Posted
TX-101714,2024-09-04,FR7630006000011234567890189,EUR,18129.24,Customer Receipts,Luma Construction,Receipt AR-12145,Posted
TX-101103,2024-09-05,FR7630006000011234567890189,EUR,64861.6,Customer Receipts,Helios Public Transit,Receipt AR-11367,Posted
TX-100172,2024-09-05,FR7630006000011234567890189,EUR,112612.76,Customer Receipts,Borealis Mobility,Receipt AR-10212,Posted
TX-103047,2024-09-05,FR7630006000011234567890189,EUR,-19148.95,Supplier Payments,Audit & Co,Payment AP-51449,Posted
TX-102777,2024-09-05,FR7630006000011234567890189,EUR,-20866.64,Supplier Payments,Atelier Maintenance,Payment AP-51101,Posted
TX-700020,2024-09-05,FR7630006000011234567890366,EUR,-786324.0,Social Charges,URSSAF,Social charges 2024-08,Posted
TX-100177,2024-09-05,FR7630006000011234567890189,EUR,206460.49,Customer Receipts,Borealis Mobility,Receipt AR-10217,Posted
TX-101565,2024-09-05,FR7630006000011234567890189,EUR,51589.05,Customer Receipts,Kepler Robotics,Receipt AR-11954,Posted
TX-100655,2024-09-06,FR7630006000011234567890189,EUR,1807.83,Customer Receipts,Eos Pharma,Receipt AR-10803,Posted
TX-100490,2024-09-06,US64SVBKUS6S3300958879,USD,109842.99,Customer Receipts,Delphi Aerospace,Receipt AR-10603,Posted
TX-102275,2024-09-06,US64SVBKUS6S3300958879,USD,-169595.64,Supplier Payments,MicroChip US Inc.,Payment AP-50497,Posted
TX-101413,2024-09-06,FR7630006000011234567890189,EUR,155323.51,Customer Receipts,Janus Defence,Receipt AR-11763,Posted
TX-100794,2024-09-06,FR7630006000011234567890189,EUR,244209.76,Customer Receipts,Forge Manufacturing,Receipt AR-10980,Posted
TX-102400,2024-09-06,FR7630006000011234567890189,EUR,-11511.89,Supplier Payments,Logistica Express,Payment AP-50650,Posted
TX-102919,2024-09-06,FR7630006000011234567890189,EUR,-3278.15,Supplier Payments,Global Insurance Co,Payment AP-51278,Posted
TX-101567,2024-09-07,FR7630006000011234567890189,EUR,36633.77,Customer Receipts,Kepler Robotics,Receipt AR-11956,Posted
TX-102539,2024-09-07,FR7630006000011234567890189,EUR,-47074.08,Supplier Payments,EnerGrid,Payment AP-50818,Posted
TX-100788,2024-09-08,FR7630006000011234567890189,EUR,74596.52,Customer Receipts,Forge Manufacturing,Receipt AR-10974,Posted
TX-102663,2024-09-08,FR7630006000011234567890189,EUR,-2381.08,Supplier Payments,CloudOps SAS,Payment AP-50958,Posted
TX-100950,2024-09-08,FR7630006000011234567890189,EUR,5648.27,Customer Receipts,Gaia Renewables,Receipt AR-11176,Posted
TX-102009,2024-09-08,FR7630006000011234567890189,EUR,-76592.94,Supplier Payments,Polymer Industries,Payment AP-50180,Posted
TX-102011,2024-09-09,FR7630006000011234567890189,EUR,-29853.66,Supplier Payments,Polymer Industries,Payment AP-50182,Posted
TX-101102,2024-09-09,FR7630006000011234567890189,EUR,64014.4,Customer Receipts,Helios Public Transit,Receipt AR-11366,Posted
TX-102010,2024-09-09,FR7630006000011234567890189,EUR,-49735.8,Supplier Payments,Polymer Industries,Payment AP-50181,Posted
TX-101563,2024-09-09,FR7630006000011234567890189,EUR,52545.07,Customer Receipts,Kepler Robotics,Receipt AR-11952,Posted
TX-101275,2024-09-09,FR7630006000011234567890189,EUR,42543.55,Customer Receipts,Indus Logistics,Receipt AR-11590,Posted
TX-100953,2024-09-10,FR7630006000011234567890189,EUR,93533.51,Customer Receipts,Gaia Renewables,Receipt AR-11179,Posted
TX-102144,2024-09-10,GB29NWBK60161331926819,GBP,-31072.48,Supplier Payments,Voltage Components Ltd,Payment AP-50343,Posted
TX-100489,2024-09-10,US64SVBKUS6S3300958879,USD,56125.78,Customer Receipts,Delphi Aerospace,Receipt AR-10602,Posted
TX-103049,2024-09-10,FR7630006000011234567890189,EUR,-8977.65,Supplier Payments,Audit & Co,Payment AP-51451,Posted
TX-102273,2024-09-10,US64SVBKUS6S3300958879,USD,-22385.36,Supplier Payments,MicroChip US Inc.,Payment AP-50495,Posted
TX-101709,2024-09-10,FR7630006000011234567890189,EUR,19998.69,Customer Receipts,Luma Construction,Receipt AR-12140,Posted
TX-900006,2024-09-10,FR7630006000011234567890189,EUR,-15341.15,FX Hedging,HSBC FX Desk,FX forward premium,Posted
TX-101097,2024-09-11,FR7630006000011234567890189,EUR,182162.26,Customer Receipts,Helios Public Transit,Receipt AR-11361,Posted
TX-101707,2024-09-11,FR7630006000011234567890189,EUR,11797.88,Customer Receipts,Luma Construction,Receipt AR-12138,Posted
TX-100948,2024-09-11,FR7630006000011234567890189,EUR,45315.95,Customer Receipts,Gaia Renewables,Receipt AR-11174,Posted
TX-100335,2024-09-12,GB29NWBK60161331926819,GBP,41741.69,Customer Receipts,Caledonia Rail,Receipt AR-10415,Posted
TX-101568,2024-09-12,FR7630006000011234567890189,EUR,70952.91,Customer Receipts,Kepler Robotics,Receipt AR-11957,Posted
TX-101272,2024-09-12,FR7630006000011234567890189,EUR,64953.38,Customer Receipts,Indus Logistics,Receipt AR-11587,Posted
TX-102276,2024-09-12,US64SVBKUS6S3300958879,USD,-29238.81,Supplier Payments,MicroChip US Inc.,Payment AP-50498,Posted
TX-102402,2024-09-12,FR7630006000011234567890189,EUR,-27322.38,Supplier Payments,Logistica Express,Payment AP-50652,Posted
TX-102148,2024-09-12,GB29NWBK60161331926819,GBP,-26370.33,Supplier Payments,Voltage Components Ltd,Payment AP-50347,Posted
TX-101411,2024-09-12,FR7630006000011234567890189,EUR,93907.52,Customer Receipts,Janus Defence,Receipt AR-11761,Posted
TX-101722,2024-09-13,FR7630006000011234567890189,EUR,11398.09,Customer Receipts,Luma Construction,Receipt AR-12153,Posted
TX-101870,2024-09-13,FR7630006000011234567890189,EUR,-87489.32,Supplier Payments,Steelworks Holding,Payment AP-50012,Posted
TX-102146,2024-09-13,GB29NWBK60161331926819,GBP,-7016.88,Supplier Payments,Voltage Components Ltd,Payment AP-50345,Posted
TX-102776,2024-09-13,FR7630006000011234567890189,EUR,-41484.84,Supplier Payments,Atelier Maintenance,Payment AP-51100,Posted
TX-101410,2024-09-13,FR7630006000011234567890189,EUR,67376.34,Customer Receipts,Janus Defence,Receipt AR-11760,Posted
TX-102778,2024-09-14,FR7630006000011234567890189,EUR,-24189.16,Supplier Payments,Atelier Maintenance,Payment AP-51102,Posted
TX-100660,2024-09-14,FR7630006000011234567890189,EUR,3652.81,Customer Receipts,Eos Pharma,Receipt AR-10808,Posted
TX-101101,2024-09-14,FR7630006000011234567890189,EUR,60381.22,Customer Receipts,Helios Public Transit,Receipt AR-11365,Posted
TX-102664,2024-09-14,FR7630006000011234567890189,EUR,-7514.07,Supplier Payments,CloudOps SAS,Payment AP-50959,Posted
TX-102666,2024-09-14,FR7630006000011234567890189,EUR,-1046.46,Supplier Payments,CloudOps SAS,Payment AP-50961,Posted
TX-102016,2024-09-14,FR7630006000011234567890189,EUR,-27145.13,Supplier Payments,Polymer Industries,Payment AP-50187,Posted
TX-102918,2024-09-14,FR7630006000011234567890189,EUR,-3441.33,Supplier Payments,Global Insurance Co,Payment AP-51277,Posted
TX-101562,2024-09-14,FR7630006000011234567890189,EUR,39555.95,Customer Receipts,Kepler Robotics,Receipt AR-11951,Posted
TX-101412,2024-09-14,FR7630006000011234567890189,EUR,136835.96,Customer Receipts,Janus Defence,Receipt AR-11762,Posted
TX-101416,2024-09-14,FR7630006000011234567890189,EUR,46391.72,Customer Receipts,Janus Defence,Receipt AR-11766,Posted
TX-101106,2024-09-15,FR7630006000011234567890189,EUR,78548.91,Customer Receipts,Helios Public Transit,Receipt AR-11370,Posted
TX-102398,2024-09-15,FR7630006000011234567890189,EUR,-10405.39,Supplier Payments,Logistica Express,Payment AP-50648,Posted
TX-102399,2024-09-15,FR7630006000011234567890189,EUR,-59616.3,Supplier Payments,Logistica Express,Payment AP-50649,Posted
TX-700032,2024-09-15,FR7630006000011234567890366,EUR,-459294.84,Corporate Tax,DGFiP,IS quarterly instalment 2024-09,Posted
TX-100795,2024-09-15,FR7630006000011234567890189,EUR,61146.78,Customer Receipts,Forge Manufacturing,Receipt AR-10981,Posted
TX-700030,2024-09-15,FR7630006000011234567890189,EUR,-125000.0,Debt Service,Bond Trustee,Senior notes coupon + amortization,Posted
TX-102541,2024-09-15,FR7630006000011234567890189,EUR,-6373.69,Supplier Payments,EnerGrid,Payment AP-50820,Posted
TX-100024,2024-09-16,FR7630006000011234567890189,EUR,8223.96,Customer Receipts,Atlas Energy Group,Receipt AR-10024,Posted
TX-101718,2024-09-16,FR7630006000011234567890189,EUR,5398.7,Customer Receipts,Luma Construction,Receipt AR-12149,Posted
TX-100801,2024-09-16,FR7630006000011234567890189,EUR,129437.24,Customer Receipts,Forge Manufacturing,Receipt AR-10987,Posted
TX-102277,2024-09-16,US64SVBKUS6S3300958879,USD,-36318.44,Supplier Payments,MicroChip US Inc.,Payment AP-50499,Posted
TX-100800,2024-09-16,FR7630006000011234567890189,EUR,39514.63,Customer Receipts,Forge Manufacturing,Receipt AR-10986,Posted
TX-100658,2024-09-17,FR7630006000011234567890189,EUR,30062.38,Customer Receipts,Eos Pharma,Receipt AR-10806,Posted
TX-101094,2024-09-17,FR7630006000011234567890189,EUR,19224.29,Customer Receipts,Helios Public Transit,Receipt AR-11358,Posted
TX-101561,2024-09-18,FR7630006000011234567890189,EUR,17047.65,Customer Receipts,Kepler Robotics,Receipt AR-11950,Posted
TX-100652,2024-09-18,FR7630006000011234567890189,EUR,26973.42,Customer Receipts,Eos Pharma,Receipt AR-10800,Posted
TX-101104,2024-09-18,FR7630006000011234567890189,EUR,157172.07,Customer Receipts,Helios Public Transit,Receipt AR-11368,Posted
TX-100176,2024-09-18,FR7630006000011234567890189,EUR,147834.98,Customer Receipts,Borealis Mobility,Receipt AR-10216,Posted
TX-103055,2024-09-18,FR7630006000011234567890189,EUR,-10594.93,Supplier Payments,Audit & Co,Payment AP-51457,Posted
TX-103059,2024-09-18,FR7630006000011234567890189,EUR,-3091.67,Supplier Payments,Audit & Co,Payment AP-51461,Posted
TX-101415,2024-09-18,FR7630006000011234567890189,EUR,124677.82,Customer Receipts,Janus Defence,Receipt AR-11765,Posted
TX-102540,2024-09-19,FR7630006000011234567890189,EUR,-25868.77,Supplier Payments,EnerGrid,Payment AP-50819,Posted
TX-102667,2024-09-19,FR7630006000011234567890189,EUR,-5426.07,Supplier Payments,CloudOps SAS,Payment AP-50962,Posted
TX-102913,2024-09-20,FR7630006000011234567890189,EUR,-2158.67,Supplier Payments,Global Insurance Co,Payment AP-51272,Posted
TX-102150,2024-09-20,GB29NWBK60161331926819,GBP,-33381.6,Supplier Payments,Voltage Components Ltd,Payment AP-50349,Posted
TX-102915,2024-09-20,FR7630006000011234567890189,EUR,-4793.29,Supplier Payments,Global Insurance Co,Payment AP-51274,Posted
TX-100175,2024-09-20,FR7630006000011234567890189,EUR,342381.24,Customer Receipts,Borealis Mobility,Receipt AR-10215,Posted
TX-700021,2024-09-20,FR7630006000011234567890366,EUR,-285218.5,VAT,DGFiP,VAT 2024-08,Posted
TX-100659,2024-09-20,FR7630006000011234567890189,EUR,11086.7,Customer Receipts,Eos Pharma,Receipt AR-10807,Posted
TX-101274,2024-09-21,FR7630006000011234567890189,EUR,23734.22,Customer Receipts,Indus Logistics,Receipt AR-11589,Posted
TX-100333,2024-09-21,GB29NWBK60161331926819,GBP,147037.32,Customer Receipts,Caledonia Rail,Receipt AR-10413,Posted
TX-100023,2024-09-21,FR7630006000011234567890189,EUR,58261.11,Customer Receipts,Atlas Energy Group,Receipt AR-10023,Posted
TX-100955,2024-09-21,FR7630006000011234567890189,EUR,32037.19,Customer Receipts,Gaia Renewables,Receipt AR-11181,Posted
TX-102662,2024-09-21,FR7630006000011234567890189,EUR,-3673.27,Supplier Payments,CloudOps SAS,Payment AP-50957,Posted
TX-100493,2024-09-22,US64SVBKUS6S3300958879,USD,441550.49,Customer Receipts,Delphi Aerospace,Receipt AR-10606,Posted
TX-100799,2024-09-22,FR7630006000011234567890189,EUR,47702.24,Customer Receipts,Forge Manufacturing,Receipt AR-10985,Posted
TX-102538,2024-09-23,FR7630006000011234567890189,EUR,-16557.65,Supplier Payments,EnerGrid,Payment AP-50817,Posted
TX-101716,2024-09-23,FR7630006000011234567890189,EUR,19356.43,Customer Receipts,Luma Construction,Receipt AR-12147,Posted
TX-101409,2024-09-23,FR7630006000011234567890189,EUR,51696.11,Customer Receipts,Janus Defence,Receipt AR-11759,Posted
TX-101576,2024-09-23,FR7630006000011234567890189,EUR,5801.79,Customer Receipts,Kepler Robotics,Receipt AR-11965,Posted
TX-102661,2024-09-23,FR7630006000011234567890189,EUR,-11635.53,Supplier Payments,CloudOps SAS,Payment AP-50956,Posted
TX-100657,2024-09-23,FR7630006000011234567890189,EUR,44656.24,Customer Receipts,Eos Pharma,Receipt AR-10805,Posted
TX-101876,2024-09-24,FR7630006000011234567890189,EUR,-123804.16,Supplier Payments,Steelworks Holding,Payment AP-50018,Posted
TX-101107,2024-09-24,FR7630006000011234567890189,EUR,266845.58,Customer Receipts,Helios Public Transit,Receipt AR-11371,Posted
TX-102914,2024-09-24,FR7630006000011234567890189,EUR,-2326.86,Supplier Payments,Global Insurance Co,Payment AP-51273,Posted
TX-102660,2024-09-24,FR7630006000011234567890189,EUR,-14258.94,Supplier Payments,CloudOps SAS,Payment AP-50955,Posted
TX-101878,2024-09-24,FR7630006000011234567890189,EUR,-52931.47,Supplier Payments,Steelworks Holding,Payment AP-50020,Posted
TX-101577,2024-09-25,FR7630006000011234567890189,EUR,48422.46,Customer Receipts,Kepler Robotics,Receipt AR-11966,Posted
TX-101879,2024-09-25,FR7630006000011234567890189,EUR,-46073.43,Supplier Payments,Steelworks Holding,Payment AP-50021,Posted
TX-101710,2024-09-25,FR7630006000011234567890189,EUR,28607.51,Customer Receipts,Luma Construction,Receipt AR-12141,Posted
TX-101724,2024-09-26,FR7630006000011234567890189,EUR,14272.25,Customer Receipts,Luma Construction,Receipt AR-12155,Posted
TX-100336,2024-09-26,GB29NWBK60161331926819,GBP,65121.63,Customer Receipts,Caledonia Rail,Receipt AR-10416,Posted
TX-100653,2024-09-26,FR7630006000011234567890189,EUR,35928.1,Customer Receipts,Eos Pharma,Receipt AR-10801,Posted
TX-102145,2024-09-26,GB29NWBK60161331926819,GBP,-7865.55,Supplier Payments,Voltage Components Ltd,Payment AP-50344,Posted
TX-100022,2024-09-26,FR7630006000011234567890189,EUR,266249.29,Customer Receipts,Atlas Energy Group,Receipt AR-10022,Posted
TX-101712,2024-09-26,FR7630006000011234567890189,EUR,3480.87,Customer Receipts,Luma Construction,Receipt AR-12143,Posted
TX-102020,2024-09-26,FR7630006000011234567890189,EUR,-108667.76,Supplier Payments,Polymer Industries,Payment AP-50191,Posted
TX-101715,2024-09-27,FR7630006000011234567890189,EUR,19159.26,Customer Receipts,Luma Construction,Receipt AR-12146,Posted
TX-100494,2024-09-27,US64SVBKUS6S3300958879,USD,79884.42,Customer Receipts,Delphi Aerospace,Receipt AR-10607,Posted
TX-900005,2024-09-28,FR7630006000011234567899001,EUR,16250.0,Interest Income,BNP Paribas,Term deposit interest,Posted
TX-100956,2024-09-28,FR7630006000011234567890189,EUR,137958.59,Customer Receipts,Gaia Renewables,Receipt AR-11182,Posted
TX-102274,2024-09-28,US64SVBKUS6S3300958879,USD,-51990.5,Supplier Payments,MicroChip US Inc.,Payment AP-50496,Posted
TX-100796,2024-09-28,FR7630006000011234567890189,EUR,113464.48,Customer Receipts,Forge Manufacturing,Receipt AR-10982,Posted
TX-100959,2024-09-28,FR7630006000011234567890189,EUR,50742.67,Customer Receipts,Gaia Renewables,Receipt AR-11185,Posted
TX-103058,2024-09-28,FR7630006000011234567890189,EUR,-2995.59,Supplier Payments,Audit & Co,Payment AP-51460,Posted
TX-102665,2024-09-28,FR7630006000011234567890189,EUR,-14090.16,Supplier Payments,CloudOps SAS,Payment AP-50960,Posted
TX-100334,2024-09-28,GB29NWBK60161331926819,GBP,29974.84,Customer Receipts,Caledonia Rail,Receipt AR-10414,Posted
TX-100654,2024-09-29,FR7630006000011234567890189,EUR,17436.88,Customer Receipts,Eos Pharma,Receipt AR-10802,Posted
TX-102018,2024-09-29,FR7630006000011234567890189,EUR,-26456.69,Supplier Payments,Polymer Industries,Payment AP-50189,Posted
TX-100174,2024-09-29,FR7630006000011234567890189,EUR,20028.96,Customer Receipts,Borealis Mobility,Receipt AR-10214,Posted
TX-100021,2024-09-29,FR7630006000011234567890189,EUR,402002.2,Customer Receipts,Atlas Energy Group,Receipt AR-10021,Posted
TX-700026,2024-09-30,FR7630006000011234567890245,EUR,-1879600.0,Payroll,Employees,Monthly payroll 2024-09,Posted
TX-102403,2024-09-30,FR7630006000011234567890189,EUR,-9682.95,Supplier Payments,Logistica Express,Payment AP-50653,Posted
TX-700031,2024-09-30,FR7630006000011234567890189,EUR,-6354.22,Bank Fees,BNP Paribas,Banking fees 2024-09,Posted
TX-100492,2024-09-30,US64SVBKUS6S3300958879,USD,91527.01,Customer Receipts,Delphi Aerospace,Receipt AR-10605,Posted
TX-103053,2024-10-01,FR7630006000011234567890189,EUR,-6953.95,Supplier Payments,Audit & Co,Payment AP-51455,Posted
TX-101717,2024-10-01,FR7630006000011234567890189,EUR,42391.01,Customer Receipts,Luma Construction,Receipt AR-12148,Posted
TX-700036,2024-10-01,FR7630006000011234567890189,EUR,-185000.0,Rent,SCI Helios Properties,Office & plant rent 2024-10,Posted
TX-102781,2024-10-01,FR7630006000011234567890189,EUR,-39336.03,Supplier Payments,Atelier Maintenance,Payment AP-51105,Posted
TX-102783,2024-10-01,FR7630006000011234567890189,EUR,-14364.4,Supplier Payments,Atelier Maintenance,Payment AP-51107,Posted
TX-100802,2024-10-02,FR7630006000011234567890189,EUR,17314.28,Customer Receipts,Forge Manufacturing,Receipt AR-10988,Posted
TX-102017,2024-10-02,FR7630006000011234567890189,EUR,-77462.47,Supplier Payments,Polymer Industries,Payment AP-50188,Posted
TX-102669,2024-10-02,FR7630006000011234567890189,EUR,-10081.9,Supplier Payments,CloudOps SAS,Payment AP-50964,Posted
TX-101110,2024-10-02,FR7630006000011234567890189,EUR,92534.6,Customer Receipts,Helios Public Transit,Receipt AR-11374,Posted
TX-102780,2024-10-02,FR7630006000011234567890189,EUR,-12910.27,Supplier Payments,Atelier Maintenance,Payment AP-51104,Posted
TX-100663,2024-10-03,FR7630006000011234567890189,EUR,57024.96,Customer Receipts,Eos Pharma,Receipt AR-10811,Posted
TX-101570,2024-10-03,FR7630006000011234567890189,EUR,7662.62,Customer Receipts,Kepler Robotics,Receipt AR-11959,Posted
TX-101105,2024-10-03,FR7630006000011234567890189,EUR,139661.36,Customer Receipts,Helios Public Transit,Receipt AR-11369,Posted
TX-101721,2024-10-03,FR7630006000011234567890189,EUR,33130.03,Customer Receipts,Luma Construction,Receipt AR-12152,Posted
TX-101875,2024-10-04,FR7630006000011234567890189,EUR,-98131.16,Supplier Payments,Steelworks Holding,Payment AP-50017,Posted
TX-102015,2024-10-04,FR7630006000011234567890189,EUR,-14999.17,Supplier Payments,Polymer Industries,Payment AP-50186,Posted
TX-101277,2024-10-04,FR7630006000011234567890189,EUR,5602.93,Customer Receipts,Indus Logistics,Receipt AR-11592,Posted
TX-102019,2024-10-05,FR7630006000011234567890189,EUR,-62070.42,Supplier Payments,Polymer Industries,Payment AP-50190,Posted
TX-100344,2024-10-05,GB29NWBK60161331926819,GBP,24534.25,Customer Receipts,Caledonia Rail,Receipt AR-10424,Posted
TX-101877,2024-10-05,FR7630006000011234567890189,EUR,-168571.27,Supplier Payments,Steelworks Holding,Payment AP-50019,Posted
TX-100957,2024-10-05,FR7630006000011234567890189,EUR,31645.09,Customer Receipts,Gaia Renewables,Receipt AR-11183,Posted
TX-700027,2024-10-05,FR7630006000011234567890366,EUR,-789432.0,Social Charges,URSSAF,Social charges 2024-09,Posted
TX-102158,2024-10-05,GB29NWBK60161331926819,GBP,-26834.74,Supplier Payments,Voltage Components Ltd,Payment AP-50357,Posted
TX-101423,2024-10-06,FR7630006000011234567890189,EUR,79253.75,Customer Receipts,Janus Defence,Receipt AR-11773,Posted
TX-101572,2024-10-06,FR7630006000011234567890189,EUR,54849.64,Customer Receipts,Kepler Robotics,Receipt AR-11961,Posted
TX-102921,2024-10-06,FR7630006000011234567890189,EUR,-2063.13,Supplier Payments,Global Insurance Co,Payment AP-51280,Posted
TX-100797,2024-10-06,FR7630006000011234567890189,EUR,80539.51,Customer Receipts,Forge Manufacturing,Receipt AR-10983,Posted
TX-100340,2024-10-06,GB29NWBK60161331926819,GBP,37645.84,Customer Receipts,Caledonia Rail,Receipt AR-10420,Posted
TX-101571,2024-10-06,FR7630006000011234567890189,EUR,20108.61,Customer Receipts,Kepler Robotics,Receipt AR-11960,Posted
TX-102668,2024-10-07,FR7630006000011234567890189,EUR,-26469.02,Supplier Payments,CloudOps SAS,Payment AP-50963,Posted
TX-102155,2024-10-07,GB29NWBK60161331926819,GBP,-7633.09,Supplier Payments,Voltage Components Ltd,Payment AP-50354,Posted
TX-101723,2024-10-07,FR7630006000011234567890189,EUR,7011.24,Customer Receipts,Luma Construction,Receipt AR-12154,Posted
TX-100798,2024-10-07,FR7630006000011234567890189,EUR,97276.4,Customer Receipts,Forge Manufacturing,Receipt AR-10984,Posted
TX-102283,2024-10-08,US64SVBKUS6S3300958879,USD,-43141.61,Supplier Payments,MicroChip US Inc.,Payment AP-50505,Posted
TX-102404,2024-10-08,FR7630006000011234567890189,EUR,-98790.66,Supplier Payments,Logistica Express,Payment AP-50654,Posted
TX-100491,2024-10-08,US64SVBKUS6S3300958879,USD,122346.51,Customer Receipts,Delphi Aerospace,Receipt AR-10604,Posted
TX-100809,2024-10-08,FR7630006000011234567890189,EUR,19133.25,Customer Receipts,Forge Manufacturing,Receipt AR-10995,Posted
TX-100339,2024-10-08,GB29NWBK60161331926819,GBP,76524.74,Customer Receipts,Caledonia Rail,Receipt AR-10419,Posted
TX-102157,2024-10-08,GB29NWBK60161331926819,GBP,-14014.29,Supplier Payments,Voltage Components Ltd,Payment AP-50356,Posted
TX-102408,2024-10-08,FR7630006000011234567890189,EUR,-20204.28,Supplier Payments,Logistica Express,Payment AP-50658,Posted
TX-100661,2024-10-09,FR7630006000011234567890189,EUR,99705.07,Customer Receipts,Eos Pharma,Receipt AR-10809,Posted
TX-100178,2024-10-09,FR7630006000011234567890189,EUR,9324.19,Customer Receipts,Borealis Mobility,Receipt AR-10218,Posted
TX-101720,2024-10-09,FR7630006000011234567890189,EUR,29906.23,Customer Receipts,Luma Construction,Receipt AR-12151,Posted
TX-102407,2024-10-10,FR7630006000011234567890189,EUR,-9221.29,Supplier Payments,Logistica Express,Payment AP-50657,Posted
TX-101874,2024-10-10,FR7630006000011234567890189,EUR,-68401.11,Supplier Payments,Steelworks Holding,Payment AP-50016,Posted
TX-101725,2024-10-10,FR7630006000011234567890189,EUR,17540.03,Customer Receipts,Luma Construction,Receipt AR-12156,Posted
TX-101574,2024-10-10,FR7630006000011234567890189,EUR,31741.64,Customer Receipts,Kepler Robotics,Receipt AR-11963,Posted
TX-900007,2024-10-10,FR7630006000011234567890189,EUR,-13891.4,FX Hedging,HSBC FX Desk,FX forward premium,Posted
TX-101418,2024-10-11,FR7630006000011234567890189,EUR,96193.38,Customer Receipts,Janus Defence,Receipt AR-11768,Posted
TX-100495,2024-10-11,US64SVBKUS6S3300958879,USD,112310.37,Customer Receipts,Delphi Aerospace,Receipt AR-10608,Posted
TX-101729,2024-10-11,FR7630006000011234567890189,EUR,34443.58,Customer Receipts,Luma Construction,Receipt AR-12160,Posted
TX-103057,2024-10-12,FR7630006000011234567890189,EUR,-3187.58,Supplier Payments,Audit & Co,Payment AP-51459,Posted
TX-100338,2024-10-12,GB29NWBK60161331926819,GBP,53994.39,Customer Receipts,Caledonia Rail,Receipt AR-10418,Posted
TX-100958,2024-10-12,FR7630006000011234567890189,EUR,14793.4,Customer Receipts,Gaia Renewables,Receipt AR-11184,Posted
TX-101873,2024-10-13,FR7630006000011234567890189,EUR,-42343.14,Supplier Payments,Steelworks Holding,Payment AP-50015,Posted
TX-102543,2024-10-14,FR7630006000011234567890189,EUR,-24772.25,Supplier Payments,EnerGrid,Payment AP-50822,Posted
TX-100811,2024-10-14,FR7630006000011234567890189,EUR,102015.13,Customer Receipts,Forge Manufacturing,Receipt AR-10997,Posted
TX-102782,2024-10-14,FR7630006000011234567890189,EUR,-12589.71,Supplier Payments,Atelier Maintenance,Payment AP-51106,Posted
TX-102923,2024-10-14,FR7630006000011234567890189,EUR,-3866.85,Supplier Payments,Global Insurance Co,Payment AP-51282,Posted
TX-101726,2024-10-14,FR7630006000011234567890189,EUR,1661.02,Customer Receipts,Luma Construction,Receipt AR-12157,Posted
TX-100662,2024-10-14,FR7630006000011234567890189,EUR,66209.27,Customer Receipts,Eos Pharma,Receipt AR-10810,Posted
TX-101422,2024-10-14,FR7630006000011234567890189,EUR,135402.22,Customer Receipts,Janus Defence,Receipt AR-11772,Posted
TX-700037,2024-10-15,FR7630006000011234567890189,EUR,-125000.0,Debt Service,Bond Trustee,Senior notes coupon + amortization,Posted
TX-103054,2024-10-15,FR7630006000011234567890189,EUR,-3742.3,Supplier Payments,Audit & Co,Payment AP-51456,Posted
TX-102544,2024-10-15,FR7630006000011234567890189,EUR,-28315.8,Supplier Payments,EnerGrid,Payment AP-50823,Posted
TX-100337,2024-10-15,GB29NWBK60161331926819,GBP,48231.8,Customer Receipts,Caledonia Rail,Receipt AR-10417,Posted
TX-100806,2024-10-15,FR7630006000011234567890189,EUR,46861.21,Customer Receipts,Forge Manufacturing,Receipt AR-10992,Posted
TX-100808,2024-10-15,FR7630006000011234567890189,EUR,26033.9,Customer Receipts,Forge Manufacturing,Receipt AR-10994,Posted
TX-102282,2024-10-16,US64SVBKUS6S3300958879,USD,-77452.68,Supplier Payments,MicroChip US Inc.,Payment AP-50504,Posted
TX-101424,2024-10-16,FR7630006000011234567890189,EUR,19903.99,Customer Receipts,Janus Defence,Receipt AR-11774,Posted
TX-102281,2024-10-16,US64SVBKUS6S3300958879,USD,-167176.15,Supplier Payments,MicroChip US Inc.,Payment AP-50503,Posted
TX-101112,2024-10-17,FR7630006000011234567890189,EUR,75458.37,Customer Receipts,Helios Public Transit,Receipt AR-11376,Posted
TX-100807,2024-10-17,FR7630006000011234567890189,EUR,37383.59,Customer Receipts,Forge Manufacturing,Receipt AR-10993,Posted
TX-100186,2024-10-17,FR7630006000011234567890189,EUR,70188.61,Customer Receipts,Borealis Mobility,Receipt AR-10226,Posted
TX-100342,2024-10-17,GB29NWBK60161331926819,GBP,3429.12,Customer Receipts,Caledonia Rail,Receipt AR-10422,Posted
TX-102152,2024-10-17,GB29NWBK60161331926819,GBP,-22555.51,Supplier Payments,Voltage Components Ltd,Payment AP-50351,Posted
TX-101569,2024-10-18,FR7630006000011234567890189,EUR,22360.83,Customer Receipts,Kepler Robotics,Receipt AR-11958,Posted
TX-103056,2024-10-18,FR7630006000011234567890189,EUR,-9451.02,Supplier Payments,Audit & Co,Payment AP-51458,Posted
TX-100343,2024-10-19,GB29NWBK60161331926819,GBP,63362.24,Customer Receipts,Caledonia Rail,Receipt AR-10423,Posted
TX-101421,2024-10-19,FR7630006000011234567890189,EUR,18607.92,Customer Receipts,Janus Defence,Receipt AR-11771,Posted
TX-101279,2024-10-19,FR7630006000011234567890189,EUR,17751.84,Customer Receipts,Indus Logistics,Receipt AR-11594,Posted
TX-700028,2024-10-20,FR7630006000011234567890366,EUR,-398601.82,VAT,DGFiP,VAT 2024-09,Posted
TX-101885,2024-10-20,FR7630006000011234567890189,EUR,-77944.72,Supplier Payments,Steelworks Holding,Payment AP-50027,Posted
TX-102670,2024-10-20,FR7630006000011234567890189,EUR,-38042.65,Supplier Payments,CloudOps SAS,Payment AP-50965,Posted
TX-103061,2024-10-20,FR7630006000011234567890189,EUR,-7881.1,Supplier Payments,Audit & Co,Payment AP-51463,Posted
TX-102924,2024-10-20,FR7630006000011234567890189,EUR,-4393.72,Supplier Payments,Global Insurance Co,Payment AP-51283,Posted
TX-102151,2024-10-20,GB29NWBK60161331926819,GBP,-20868.89,Supplier Payments,Voltage Components Ltd,Payment AP-50350,Posted
TX-100804,2024-10-21,FR7630006000011234567890189,EUR,27132.51,Customer Receipts,Forge Manufacturing,Receipt AR-10990,Posted
TX-101719,2024-10-21,FR7630006000011234567890189,EUR,27326.99,Customer Receipts,Luma Construction,Receipt AR-12150,Posted
TX-103063,2024-10-21,FR7630006000011234567890189,EUR,-14135.19,Supplier Payments,Audit & Co,Payment AP-51465,Posted
TX-101281,2024-10-21,FR7630006000011234567890189,EUR,53667.68,Customer Receipts,Indus Logistics,Receipt AR-11596,Posted
TX-102925,2024-10-21,FR7630006000011234567890189,EUR,-955.25,Supplier Payments,Global Insurance Co,Payment AP-51284,Posted
TX-101882,2024-10-21,FR7630006000011234567890189,EUR,-200037.43,Supplier Payments,Steelworks Holding,Payment AP-50024,Posted
TX-101280,2024-10-21,FR7630006000011234567890189,EUR,15494.52,Customer Receipts,Indus Logistics,Receipt AR-11595,Posted
TX-100185,2024-10-22,FR7630006000011234567890189,EUR,35284.49,Customer Receipts,Borealis Mobility,Receipt AR-10225,Posted
TX-101881,2024-10-22,FR7630006000011234567890189,EUR,-78678.78,Supplier Payments,Steelworks Holding,Payment AP-50023,Posted
TX-101420,2024-10-22,FR7630006000011234567890189,EUR,116146.22,Customer Receipts,Janus Defence,Receipt AR-11770,Posted
TX-100803,2024-10-22,FR7630006000011234567890189,EUR,71565.33,Customer Receipts,Forge Manufacturing,Receipt AR-10989,Posted
TX-100964,2024-10-22,FR7630006000011234567890189,EUR,30639.07,Customer Receipts,Gaia Renewables,Receipt AR-11190,Posted
TX-101114,2024-10-23,FR7630006000011234567890189,EUR,55978.38,Customer Receipts,Helios Public Transit,Receipt AR-11378,Posted
TX-100502,2024-10-23,US64SVBKUS6S3300958879,USD,274982.72,Customer Receipts,Delphi Aerospace,Receipt AR-10615,Posted
TX-101109,2024-10-23,FR7630006000011234567890189,EUR,493883.86,Customer Receipts,Helios Public Transit,Receipt AR-11373,Posted
TX-100027,2024-10-24,FR7630006000011234567890189,EUR,144038.61,Customer Receipts,Atlas Energy Group,Receipt AR-10027,Posted
TX-102922,2024-10-24,FR7630006000011234567890189,EUR,-12924.96,Supplier Payments,Global Insurance Co,Payment AP-51281,Posted
TX-102021,2024-10-24,FR7630006000011234567890189,EUR,-50671.24,Supplier Payments,Polymer Industries,Payment AP-50192,Posted
TX-103064,2024-10-24,FR7630006000011234567890189,EUR,-8112.61,Supplier Payments,Audit & Co,Payment AP-51466,Posted
TX-101282,2024-10-25,FR7630006000011234567890189,EUR,73774.69,Customer Receipts,Indus Logistics,Receipt AR-11597,Posted
TX-102920,2024-10-25,FR7630006000011234567890189,EUR,-206.55,Supplier Payments,Global Insurance Co,Payment AP-51279,Posted
TX-102405,2024-10-25,FR7630006000011234567890189,EUR,-29042.02,Supplier Payments,Logistica Express,Payment AP-50655,Posted
TX-102154,2024-10-25,GB29NWBK60161331926819,GBP,-70830.33,Supplier Payments,Voltage Components Ltd,Payment AP-50353,Posted
TX-102784,2024-10-25,FR7630006000011234567890189,EUR,-27586.19,Supplier Payments,Atelier Maintenance,Payment AP-51108,Posted
TX-101278,2024-10-26,FR7630006000011234567890189,EUR,82844.98,Customer Receipts,Indus Logistics,Receipt AR-11593,Posted
TX-102785,2024-10-26,FR7630006000011234567890189,EUR,-37719.36,Supplier Payments,Atelier Maintenance,Payment AP-51109,Posted
TX-100345,2024-10-26,GB29NWBK60161331926819,GBP,25553.01,Customer Receipts,Caledonia Rail,Receipt AR-10425,Posted
TX-101887,2024-10-26,FR7630006000011234567890189,EUR,-65321.62,Supplier Payments,Steelworks Holding,Payment AP-50029,Posted
TX-102542,2024-10-27,FR7630006000011234567890189,EUR,-66054.46,Supplier Payments,EnerGrid,Payment AP-50821,Posted
TX-100805,2024-10-27,FR7630006000011234567890189,EUR,11585.28,Customer Receipts,Forge Manufacturing,Receipt AR-10991,Posted
TX-102279,2024-10-27,US64SVBKUS6S3300958879,USD,-106569.85,Supplier Payments,MicroChip US Inc.,Payment AP-50501,Posted
TX-100810,2024-10-27,FR7630006000011234567890189,EUR,69338.82,Customer Receipts,Forge Manufacturing,Receipt AR-10996,Posted
TX-100500,2024-10-27,US64SVBKUS6S3300958879,USD,173178.38,Customer Receipts,Delphi Aerospace,Receipt AR-10613,Posted
TX-102153,2024-10-28,GB29NWBK60161331926819,GBP,-22039.78,Supplier Payments,Voltage Components Ltd,Payment AP-50352,Posted
TX-100501,2024-10-28,US64SVBKUS6S3300958879,USD,41273.22,Customer Receipts,Delphi Aerospace,Receipt AR-10614,Posted
TX-102787,2024-10-28,FR7630006000011234567890189,EUR,-3423.8,Supplier Payments,Atelier Maintenance,Payment AP-51111,Posted
TX-100504,2024-10-28,US64SVBKUS6S3300958879,USD,78110.9,Customer Receipts,Delphi Aerospace,Receipt AR-10617,Posted
TX-101581,2024-10-28,FR7630006000011234567890189,EUR,102323.17,Customer Receipts,Kepler Robotics,Receipt AR-11970,Posted
TX-102926,2024-10-28,FR7630006000011234567890189,EUR,-7269.71,Supplier Payments,Global Insurance Co,Payment AP-51285,Posted
TX-102406,2024-10-28,FR7630006000011234567890189,EUR,-13685.37,Supplier Payments,Logistica Express,Payment AP-50656,Posted
TX-101730,2024-10-28,FR7630006000011234567890189,EUR,20790.38,Customer Receipts,Luma Construction,Receipt AR-12161,Posted
TX-100960,2024-10-28,FR7630006000011234567890189,EUR,51797.77,Customer Receipts,Gaia Renewables,Receipt AR-11186,Posted
TX-101573,2024-10-28,FR7630006000011234567890189,EUR,46334.63,Customer Receipts,Kepler Robotics,Receipt AR-11962,Posted
TX-100026,2024-10-28,FR7630006000011234567890189,EUR,58053.56,Customer Receipts,Atlas Energy Group,Receipt AR-10026,Posted
TX-100025,2024-10-29,FR7630006000011234567890189,EUR,13316.05,Customer Receipts,Atlas Energy Group,Receipt AR-10025,Posted
TX-102156,2024-10-29,GB29NWBK60161331926819,GBP,-26571.83,Supplier Payments,Voltage Components Ltd,Payment AP-50355,Posted
TX-101580,2024-10-29,FR7630006000011234567890189,EUR,54045.96,Customer Receipts,Kepler Robotics,Receipt AR-11969,Posted
TX-101417,2024-10-29,FR7630006000011234567890189,EUR,78482.7,Customer Receipts,Janus Defence,Receipt AR-11767,Posted
TX-101288,2024-10-29,FR7630006000011234567890189,EUR,18121.23,Customer Receipts,Indus Logistics,Receipt AR-11603,Posted
TX-101727,2024-10-29,FR7630006000011234567890189,EUR,9156.97,Customer Receipts,Luma Construction,Receipt AR-12158,Posted
TX-100965,2024-10-29,FR7630006000011234567890189,EUR,14519.8,Customer Receipts,Gaia Renewables,Receipt AR-11191,Posted
TX-100664,2024-10-29,FR7630006000011234567890189,EUR,57339.42,Customer Receipts,Eos Pharma,Receipt AR-10812,Posted
TX-101575,2024-10-30,FR7630006000011234567890189,EUR,13196.15,Customer Receipts,Kepler Robotics,Receipt AR-11964,Posted
TX-102786,2024-10-30,FR7630006000011234567890189,EUR,-29692.74,Supplier Payments,Atelier Maintenance,Payment AP-51110,Posted
TX-102024,2024-10-30,FR7630006000011234567890189,EUR,-111336.32,Supplier Payments,Polymer Industries,Payment AP-50195,Posted
TX-101108,2024-10-30,FR7630006000011234567890189,EUR,68753.92,Customer Receipts,Helios Public Transit,Receipt AR-11372,Posted
TX-100669,2024-10-31,FR7630006000011234567890189,EUR,37036.08,Customer Receipts,Eos Pharma,Receipt AR-10817,Posted
TX-102159,2024-10-31,GB29NWBK60161331926819,GBP,-91682.42,Supplier Payments,Voltage Components Ltd,Payment AP-50358,Posted
TX-103060,2024-10-31,FR7630006000011234567890189,EUR,-9364.17,Supplier Payments,Audit & Co,Payment AP-51462,Posted
TX-700033,2024-10-31,FR7630006000011234567890245,EUR,-1887000.0,Payroll,Employees,Monthly payroll 2024-10,Posted
TX-101419,2024-10-31,FR7630006000011234567890189,EUR,40459.35,Customer Receipts,Janus Defence,Receipt AR-11769,Posted
TX-700038,2024-10-31,FR7630006000011234567890189,EUR,-5241.7,Bank Fees,BNP Paribas,Banking fees 2024-10,Posted
TX-101731,2024-10-31,FR7630006000011234567890189,EUR,67650.94,Customer Receipts,Luma Construction,Receipt AR-12162,Posted
TX-102290,2024-10-31,US64SVBKUS6S3300958879,USD,-64487.11,Supplier Payments,MicroChip US Inc.,Payment AP-50512,Posted
TX-100341,2024-11-01,GB29NWBK60161331926819,GBP,19668.2,Customer Receipts,Caledonia Rail,Receipt AR-10421,Posted
TX-700042,2024-11-01,FR7630006000011234567890189,EUR,-185000.0,Rent,SCI Helios Properties,Office & plant rent 2024-11,Posted
TX-101579,2024-11-01,FR7630006000011234567890189,EUR,52146.82,Customer Receipts,Kepler Robotics,Receipt AR-11968,Posted
TX-100183,2024-11-01,FR7630006000011234567890189,EUR,96931.17,Customer Receipts,Borealis Mobility,Receipt AR-10223,Posted
TX-100812,2024-11-01,FR7630006000011234567890189,EUR,39812.05,Customer Receipts,Forge Manufacturing,Receipt AR-10998,Posted
TX-102280,2024-11-01,US64SVBKUS6S3300958879,USD,-142733.44,Supplier Payments,MicroChip US Inc.,Payment AP-50502,Posted
TX-100963,2024-11-01,FR7630006000011234567890189,EUR,56187.98,Customer Receipts,Gaia Renewables,Receipt AR-11189,Posted
TX-100181,2024-11-01,FR7630006000011234567890189,EUR,98100.03,Customer Receipts,Borealis Mobility,Receipt AR-10221,Posted
TX-102288,2024-11-01,US64SVBKUS6S3300958879,USD,-60630.17,Supplier Payments,MicroChip US Inc.,Payment AP-50510,Posted
TX-100503,2024-11-02,US64SVBKUS6S3300958879,USD,113783.78,Customer Receipts,Delphi Aerospace,Receipt AR-10616,Posted
TX-100498,2024-11-02,US64SVBKUS6S3300958879,USD,55364.27,Customer Receipts,Delphi Aerospace,Receipt AR-10611,Posted
TX-100347,2024-11-03,GB29NWBK60161331926819,GBP,13542.09,Customer Receipts,Caledonia Rail,Receipt AR-10427,Posted
TX-101425,2024-11-03,FR7630006000011234567890189,EUR,74157.81,Customer Receipts,Janus Defence,Receipt AR-11775,Posted
TX-101289,2024-11-03,FR7630006000011234567890189,EUR,13676.21,Customer Receipts,Indus Logistics,Receipt AR-11604,Posted
TX-100182,2024-11-03,FR7630006000011234567890189,EUR,96248.62,Customer Receipts,Borealis Mobility,Receipt AR-10222,Posted
TX-101886,2024-11-03,FR7630006000011234567890189,EUR,-29047.28,Supplier Payments,Steelworks Holding,Payment AP-50028,Posted
TX-100962,2024-11-04,FR7630006000011234567890189,EUR,79498.03,Customer Receipts,Gaia Renewables,Receipt AR-11188,Posted
TX-101578,2024-11-04,FR7630006000011234567890189,EUR,102904.85,Customer Receipts,Kepler Robotics,Receipt AR-11967,Posted
TX-101120,2024-11-05,FR7630006000011234567890189,EUR,79757.25,Customer Receipts,Helios Public Transit,Receipt AR-11384,Posted
TX-100029,2024-11-05,FR7630006000011234567890189,EUR,271816.48,Customer Receipts,Atlas Energy Group,Receipt AR-10029,Posted
TX-100961,2024-11-05,FR7630006000011234567890189,EUR,99539.53,Customer Receipts,Gaia Renewables,Receipt AR-11187,Posted
TX-102163,2024-11-05,GB29NWBK60161331926819,GBP,-20510.51,Supplier Payments,Voltage Components Ltd,Payment AP-50362,Posted
TX-700034,2024-11-05,FR7630006000011234567890366,EUR,-792540.0,Social Charges,URSSAF,Social charges 2024-10,Posted
TX-103065,2024-11-05,FR7630006000011234567890189,EUR,-3052.49,Supplier Payments,Audit & Co,Payment AP-51467,Posted
TX-102409,2024-11-05,FR7630006000011234567890189,EUR,-14665.45,Supplier Payments,Logistica Express,Payment AP-50659,Posted
TX-102410,2024-11-06,FR7630006000011234567890189,EUR,-78318.59,Supplier Payments,Logistica Express,Payment AP-50660,Posted
TX-101728,2024-11-06,FR7630006000011234567890189,EUR,14070.52,Customer Receipts,Luma Construction,Receipt AR-12159,Posted
TX-100028,2024-11-06,FR7630006000011234567890189,EUR,426276.33,Customer Receipts,Atlas Energy Group,Receipt AR-10028,Posted
TX-100184,2024-11-06,FR7630006000011234567890189,EUR,21474.84,Customer Receipts,Borealis Mobility,Receipt AR-10224,Posted
TX-102023,2024-11-06,FR7630006000011234567890189,EUR,-24765.99,Supplier Payments,Polymer Industries,Payment AP-50194,Posted
TX-102022,2024-11-06,FR7630006000011234567890189,EUR,-72968.16,Supplier Payments,Polymer Industries,Payment AP-50193,Posted
TX-101427,2024-11-06,FR7630006000011234567890189,EUR,99127.67,Customer Receipts,Janus Defence,Receipt AR-11777,Posted
TX-101429,2024-11-06,FR7630006000011234567890189,EUR,40485.76,Customer Receipts,Janus Defence,Receipt AR-11779,Posted
TX-100667,2024-11-06,FR7630006000011234567890189,EUR,12552.09,Customer Receipts,Eos Pharma,Receipt AR-10815,Posted
TX-100496,2024-11-06,US64SVBKUS6S3300958879,USD,36809.14,Customer Receipts,Delphi Aerospace,Receipt AR-10609,Posted
TX-100497,2024-11-06,US64SVBKUS6S3300958879,USD,94382.33,Customer Receipts,Delphi Aerospace,Receipt AR-10610,Posted
TX-102672,2024-11-07,FR7630006000011234567890189,EUR,-1661.87,Supplier Payments,CloudOps SAS,Payment AP-50967,Posted
TX-101884,2024-11-07,FR7630006000011234567890189,EUR,-87233.73,Supplier Payments,Steelworks Holding,Payment AP-50026,Posted
TX-102927,2024-11-08,FR7630006000011234567890189,EUR,-9031.97,Supplier Payments,Global Insurance Co,Payment AP-51286,Posted
TX-100351,2024-11-08,GB29NWBK60161331926819,GBP,48192.94,Customer Receipts,Caledonia Rail,Receipt AR-10431,Posted
TX-100499,2024-11-08,US64SVBKUS6S3300958879,USD,73191.82,Customer Receipts,Delphi Aerospace,Receipt AR-10612,Posted
TX-102025,2024-11-09,FR7630006000011234567890189,EUR,-133946.6,Supplier Payments,Polymer Industries,Payment AP-50196,Posted
TX-100180,2024-11-09,FR7630006000011234567890189,EUR,81604.04,Customer Receipts,Borealis Mobility,Receipt AR-10220,Posted
TX-102675,2024-11-09,FR7630006000011234567890189,EUR,-20032.29,Supplier Payments,CloudOps SAS,Payment AP-50970,Posted
TX-101119,2024-11-09,FR7630006000011234567890189,EUR,35987.04,Customer Receipts,Helios Public Transit,Receipt AR-11383,Posted
TX-100505,2024-11-09,US64SVBKUS6S3300958879,USD,112771.43,Customer Receipts,Delphi Aerospace,Receipt AR-10618,Posted
TX-100191,2024-11-09,FR7630006000011234567890189,EUR,328214.81,Customer Receipts,Borealis Mobility,Receipt AR-10231,Posted
TX-101117,2024-11-10,FR7630006000011234567890189,EUR,10055.27,Customer Receipts,Helios Public Transit,Receipt AR-11381,Posted
TX-101434,2024-11-10,FR7630006000011234567890189,EUR,31303.39,Customer Receipts,Janus Defence,Receipt AR-11784,Posted
TX-100818,2024-11-10,FR7630006000011234567890189,EUR,10266.6,Customer Receipts,Forge Manufacturing,Receipt AR-11004,Posted
TX-101283,2024-11-10,FR7630006000011234567890189,EUR,31032.52,Customer Receipts,Indus Logistics,Receipt AR-11598,Posted
TX-101284,2024-11-10,FR7630006000011234567890189,EUR,17057.65,Customer Receipts,Indus Logistics,Receipt AR-11599,Posted
TX-102930,2024-11-10,FR7630006000011234567890189,EUR,-2517.3,Supplier Payments,Global Insurance Co,Payment AP-51289,Posted
TX-102550,2024-11-10,FR7630006000011234567890189,EUR,-21851.92,Supplier Payments,EnerGrid,Payment AP-50829,Posted
TX-101430,2024-11-10,FR7630006000011234567890189,EUR,30902.62,Customer Receipts,Janus Defence,Receipt AR-11780,Posted
TX-100820,2024-11-10,FR7630006000011234567890189,EUR,73140.54,Customer Receipts,Forge Manufacturing,Receipt AR-11006,Posted
TX-100817,2024-11-10,FR7630006000011234567890189,EUR,34914.5,Customer Receipts,Forge Manufacturing,Receipt AR-11003,Posted
TX-101115,2024-11-10,FR7630006000011234567890189,EUR,168147.16,Customer Receipts,Helios Public Transit,Receipt AR-11379,Posted
TX-100179,2024-11-10,FR7630006000011234567890189,EUR,41896.43,Customer Receipts,Borealis Mobility,Receipt AR-10219,Posted
TX-900008,2024-11-10,FR7630006000011234567890189,EUR,-8127.27,FX Hedging,HSBC FX Desk,FX forward premium,Posted
TX-100350,2024-11-11,GB29NWBK60161331926819,GBP,48784.52,Customer Receipts,Caledonia Rail,Receipt AR-10430,Posted
TX-101883,2024-11-11,FR7630006000011234567890189,EUR,-121186.91,Supplier Payments,Steelworks Holding,Payment AP-50025,Posted
TX-102928,2024-11-11,FR7630006000011234567890189,EUR,-7165.38,Supplier Payments,Global Insurance Co,Payment AP-51287,Posted
TX-100511,2024-11-11,US64SVBKUS6S3300958879,USD,69420.15,Customer Receipts,Delphi Aerospace,Receipt AR-10624,Posted
TX-102671,2024-11-12,FR7630006000011234567890189,EUR,-9486.28,Supplier Payments,CloudOps SAS,Payment AP-50966,Posted
TX-102161,2024-11-12,GB29NWBK60161331926819,GBP,-10763.5,Supplier Payments,Voltage Components Ltd,Payment AP-50360,Posted
TX-100348,2024-11-12,GB29NWBK60161331926819,GBP,14039.77,Customer Receipts,Caledonia Rail,Receipt AR-10428,Posted
TX-103068,2024-11-13,FR7630006000011234567890189,EUR,-9361.6,Supplier Payments,Audit & Co,Payment AP-51470,Posted
TX-100187,2024-11-13,FR7630006000011234567890189,EUR,126920.29,Customer Receipts,Borealis Mobility,Receipt AR-10227,Posted
TX-103062,2024-11-14,FR7630006000011234567890189,EUR,-7183.5,Supplier Payments,Audit & Co,Payment AP-51464,Posted
TX-100816,2024-11-14,FR7630006000011234567890189,EUR,60415.74,Customer Receipts,Forge Manufacturing,Receipt AR-11002,Posted
TX-101290,2024-11-14,FR7630006000011234567890189,EUR,42720.24,Customer Receipts,Indus Logistics,Receipt AR-11605,Posted
TX-101432,2024-11-14,FR7630006000011234567890189,EUR,18268.91,Customer Receipts,Janus Defence,Receipt AR-11782,Posted
TX-101880,2024-11-14,FR7630006000011234567890189,EUR,-86485.28,Supplier Payments,Steelworks Holding,Payment AP-50022,Posted
TX-102287,2024-11-15,US64SVBKUS6S3300958879,USD,-66483.1,Supplier Payments,MicroChip US Inc.,Payment AP-50509,Posted
TX-102162,2024-11-15,GB29NWBK60161331926819,GBP,-46353.37,Supplier Payments,Voltage Components Ltd,Payment AP-50361,Posted
TX-100508,2024-11-15,US64SVBKUS6S3300958879,USD,304247.22,Customer Receipts,Delphi Aerospace,Receipt AR-10621,Posted
TX-700043,2024-11-15,FR7630006000011234567890189,EUR,-125000.0,Debt Service,Bond Trustee,Senior notes coupon + amortization,Posted
TX-100819,2024-11-15,FR7630006000011234567890189,EUR,100303.66,Customer Receipts,Forge Manufacturing,Receipt AR-11005,Posted
TX-101426,2024-11-16,FR7630006000011234567890189,EUR,55012.76,Customer Receipts,Janus Defence,Receipt AR-11776,Posted
TX-101587,2024-11-16,FR7630006000011234567890189,EUR,22142.03,Customer Receipts,Kepler Robotics,Receipt AR-11976,Posted
TX-102285,2024-11-16,US64SVBKUS6S3300958879,USD,-62696.61,Supplier Payments,MicroChip US Inc.,Payment AP-50507,Posted
TX-100515,2024-11-16,US64SVBKUS6S3300958879,USD,51268.25,Customer Receipts,Delphi Aerospace,Receipt AR-10628,Posted
TX-102026,2024-11-16,FR7630006000011234567890189,EUR,-88041.78,Supplier Payments,Polymer Industries,Payment AP-50197,Posted
TX-101431,2024-11-16,FR7630006000011234567890189,EUR,89206.76,Customer Receipts,Janus Defence,Receipt AR-11781,Posted
TX-101891,2024-11-17,FR7630006000011234567890189,EUR,-106742.69,Supplier Payments,Steelworks Holding,Payment AP-50033,Posted
TX-102289,2024-11-17,US64SVBKUS6S3300958879,USD,-48722.11,Supplier Payments,MicroChip US Inc.,Payment AP-50511,Posted
TX-101111,2024-11-17,FR7630006000011234567890189,EUR,105525.86,Customer Receipts,Helios Public Transit,Receipt AR-11375,Posted
TX-100188,2024-11-17,FR7630006000011234567890189,EUR,129390.45,Customer Receipts,Borealis Mobility,Receipt AR-10228,Posted
TX-100510,2024-11-17,US64SVBKUS6S3300958879,USD,188962.71,Customer Receipts,Delphi Aerospace,Receipt AR-10623,Posted
TX-101285,2024-11-18,FR7630006000011234567890189,EUR,20890.85,Customer Receipts,Indus Logistics,Receipt AR-11600,Posted
TX-102929,2024-11-19,FR7630006000011234567890189,EUR,-16614.57,Supplier Payments,Global Insurance Co,Payment AP-51288,Posted
TX-100353,2024-11-19,GB29NWBK60161331926819,GBP,49051.25,Customer Receipts,Caledonia Rail,Receipt AR-10433,Posted
TX-100971,2024-11-19,FR7630006000011234567890189,EUR,41371.13,Customer Receipts,Gaia Renewables,Receipt AR-11197,Posted
TX-100668,2024-11-19,FR7630006000011234567890189,EUR,7047.18,Customer Receipts,Eos Pharma,Receipt AR-10816,Posted
TX-102545,2024-11-20,FR7630006000011234567890189,EUR,-31621.03,Supplier Payments,EnerGrid,Payment AP-50824,Posted
TX-102286,2024-11-20,US64SVBKUS6S3300958879,USD,-144326.81,Supplier Payments,MicroChip US Inc.,Payment AP-50508,Posted
TX-100670,2024-11-20,FR7630006000011234567890189,EUR,27766.9,Customer Receipts,Eos Pharma,Receipt AR-10818,Posted
TX-700035,2024-11-20,FR7630006000011234567890366,EUR,-381964.51,VAT,DGFiP,VAT 2024-10,Posted
TX-101113,2024-11-20,FR7630006000011234567890189,EUR,161466.86,Customer Receipts,Helios Public Transit,Receipt AR-11377,Posted
TX-100970,2024-11-20,FR7630006000011234567890189,EUR,7240.06,Customer Receipts,Gaia Renewables,Receipt AR-11196,Posted
TX-103067,2024-11-21,FR7630006000011234567890189,EUR,-4141.34,Supplier Payments,Audit & Co,Payment AP-51469,Posted
TX-102411,2024-11-21,FR7630006000011234567890189,EUR,-50900.71,Supplier Payments,Logistica Express,Payment AP-50661,Posted
TX-102412,2024-11-21,FR7630006000011234567890189,EUR,-20729.5,Supplier Payments,Logistica Express,Payment AP-50662,Posted
TX-100671,2024-11-21,FR7630006000011234567890189,EUR,25972.44,Customer Receipts,Eos Pharma,Receipt AR-10819,Posted
TX-102546,2024-11-21,FR7630006000011234567890189,EUR,-12863.48,Supplier Payments,EnerGrid,Payment AP-50825,Posted
TX-101287,2024-11-21,FR7630006000011234567890189,EUR,33221.65,Customer Receipts,Indus Logistics,Receipt AR-11602,Posted
TX-100035,2024-11-21,FR7630006000011234567890189,EUR,178731.7,Customer Receipts,Atlas Energy Group,Receipt AR-10035,Posted
TX-100189,2024-11-21,FR7630006000011234567890189,EUR,16276.69,Customer Receipts,Borealis Mobility,Receipt AR-10229,Posted
TX-101286,2024-11-21,FR7630006000011234567890189,EUR,63308.29,Customer Receipts,Indus Logistics,Receipt AR-11601,Posted
TX-102547,2024-11-22,FR7630006000011234567890189,EUR,-8289.93,Supplier Payments,EnerGrid,Payment AP-50826,Posted
TX-101433,2024-11-22,FR7630006000011234567890189,EUR,163534.82,Customer Receipts,Janus Defence,Receipt AR-11783,Posted
TX-101118,2024-11-22,FR7630006000011234567890189,EUR,13704.16,Customer Receipts,Helios Public Transit,Receipt AR-11382,Posted
TX-102032,2024-11-22,FR7630006000011234567890189,EUR,-32031.82,Supplier Payments,Polymer Industries,Payment AP-50203,Posted
TX-103070,2024-11-22,FR7630006000011234567890189,EUR,-2383.87,Supplier Payments,Audit & Co,Payment AP-51472,Posted
TX-100349,2024-11-22,GB29NWBK60161331926819,GBP,43757.92,Customer Receipts,Caledonia Rail,Receipt AR-10429,Posted
TX-100815,2024-11-22,FR7630006000011234567890189,EUR,75630.47,Customer Receipts,Forge Manufacturing,Receipt AR-11001,Posted
TX-101116,2024-11-23,FR7630006000011234567890189,EUR,117798.37,Customer Receipts,Helios Public Transit,Receipt AR-11380,Posted
TX-102792,2024-11-23,FR7630006000011234567890189,EUR,-17187.56,Supplier Payments,Atelier Maintenance,Payment AP-51116,Posted
TX-102160,2024-11-23,GB29NWBK60161331926819,GBP,-34213.28,Supplier Payments,Voltage Components Ltd,Payment AP-50359,Posted
TX-100666,2024-11-23,FR7630006000011234567890189,EUR,65868.25,Customer Receipts,Eos Pharma,Receipt AR-10814,Posted
TX-102549,2024-11-23,FR7630006000011234567890189,EUR,-20482.88,Supplier Payments,EnerGrid,Payment AP-50828,Posted
TX-100346,2024-11-24,GB29NWBK60161331926819,GBP,15177.0,Customer Receipts,Caledonia Rail,Receipt AR-10426,Posted
TX-100352,2024-11-24,GB29NWBK60161331926819,GBP,107495.1,Customer Receipts,Caledonia Rail,Receipt AR-10432,Posted
TX-102673,2024-11-24,FR7630006000011234567890189,EUR,-20806.63,Supplier Payments,CloudOps SAS,Payment AP-50968,Posted
TX-101733,2024-11-24,FR7630006000011234567890189,EUR,26942.24,Customer Receipts,Luma Construction,Receipt AR-12164,Posted
TX-102284,2024-11-24,US64SVBKUS6S3300958879,USD,-69842.11,Supplier Payments,MicroChip US Inc.,Payment AP-50506,Posted
TX-101428,2024-11-24,FR7630006000011234567890189,EUR,124648.03,Customer Receipts,Janus Defence,Receipt AR-11778,Posted
TX-100506,2024-11-26,US64SVBKUS6S3300958879,USD,84865.18,Customer Receipts,Delphi Aerospace,Receipt AR-10619,Posted
TX-102674,2024-11-26,FR7630006000011234567890189,EUR,-8797.09,Supplier Payments,CloudOps SAS,Payment AP-50969,Posted
TX-100513,2024-11-26,US64SVBKUS6S3300958879,USD,104758.07,Customer Receipts,Delphi Aerospace,Receipt AR-10626,Posted
TX-100672,2024-11-26,FR7630006000011234567890189,EUR,48205.3,Customer Receipts,Eos Pharma,Receipt AR-10820,Posted
TX-100507,2024-11-27,US64SVBKUS6S3300958879,USD,97748.86,Customer Receipts,Delphi Aerospace,Receipt AR-10620,Posted
TX-102793,2024-11-27,FR7630006000011234567890189,EUR,-16490.58,Supplier Payments,Atelier Maintenance,Payment AP-51117,Posted
TX-102931,2024-11-27,FR7630006000011234567890189,EUR,-4039.62,Supplier Payments,Global Insurance Co,Payment AP-51290,Posted
TX-101736,2024-11-27,FR7630006000011234567890189,EUR,27614.2,Customer Receipts,Luma Construction,Receipt AR-12167,Posted
TX-101889,2024-11-27,FR7630006000011234567890189,EUR,-167915.66,Supplier Payments,Steelworks Holding,Payment AP-50031,Posted
TX-100512,2024-11-27,US64SVBKUS6S3300958879,USD,40984.79,Customer Receipts,Delphi Aerospace,Receipt AR-10625,Posted
TX-100033,2024-11-28,FR7630006000011234567890189,EUR,106979.5,Customer Receipts,Atlas Energy Group,Receipt AR-10033,Posted
TX-100034,2024-11-28,FR7630006000011234567890189,EUR,271814.88,Customer Receipts,Atlas Energy Group,Receipt AR-10034,Posted
TX-100821,2024-11-28,FR7630006000011234567890189,EUR,78212.03,Customer Receipts,Forge Manufacturing,Receipt AR-11007,Posted
TX-100814,2024-11-28,FR7630006000011234567890189,EUR,56184.4,Customer Receipts,Forge Manufacturing,Receipt AR-11000,Posted
TX-103073,2024-11-28,FR7630006000011234567890189,EUR,-6401.22,Supplier Payments,Audit & Co,Payment AP-51475,Posted
TX-102548,2024-11-28,FR7630006000011234567890189,EUR,-6585.39,Supplier Payments,EnerGrid,Payment AP-50827,Posted
TX-100032,2024-11-29,FR7630006000011234567890189,EUR,64159.96,Customer Receipts,Atlas Energy Group,Receipt AR-10032,Posted
TX-100190,2024-11-29,FR7630006000011234567890189,EUR,84323.53,Customer Receipts,Borealis Mobility,Receipt AR-10230,Posted
TX-102794,2024-11-29,FR7630006000011234567890189,EUR,-11043.75,Supplier Payments,Atelier Maintenance,Payment AP-51118,Posted
TX-100356,2024-11-29,GB29NWBK60161331926819,GBP,47140.97,Customer Receipts,Caledonia Rail,Receipt AR-10436,Posted
TX-100665,2024-11-29,FR7630006000011234567890189,EUR,45583.98,Customer Receipts,Eos Pharma,Receipt AR-10813,Posted
TX-101582,2024-11-30,FR7630006000011234567890189,EUR,74205.51,Customer Receipts,Kepler Robotics,Receipt AR-11971,Posted
TX-700044,2024-11-30,FR7630006000011234567890189,EUR,-5662.65,Bank Fees,BNP Paribas,Banking fees 2024-11,Posted
TX-700039,2024-11-30,FR7630006000011234567890245,EUR,-1894400.0,Payroll,Employees,Monthly payroll 2024-11,Posted
TX-100973,2024-11-30,FR7630006000011234567890189,EUR,30675.82,Customer Receipts,Gaia Renewables,Receipt AR-11199,Posted
TX-103072,2024-12-01,FR7630006000011234567890189,EUR,-2571.18,Supplier Payments,Audit & Co,Payment AP-51474,Posted
TX-102553,2024-12-01,FR7630006000011234567890189,EUR,-17689.72,Supplier Payments,EnerGrid,Payment AP-50832,Posted
TX-102556,2024-12-01,FR7630006000011234567890189,EUR,-38189.43,Supplier Payments,EnerGrid,Payment AP-50835,Posted
TX-100036,2024-12-01,FR7630006000011234567890189,EUR,8397.78,Customer Receipts,Atlas Energy Group,Receipt AR-10036,Posted
TX-102551,2024-12-01,FR7630006000011234567890189,EUR,-13036.52,Supplier Payments,EnerGrid,Payment AP-50830,Posted
TX-100972,2024-12-01,FR7630006000011234567890189,EUR,46325.47,Customer Receipts,Gaia Renewables,Receipt AR-11198,Posted
TX-700048,2024-12-01,FR7630006000011234567890189,EUR,-185000.0,Rent,SCI Helios Properties,Office & plant rent 2024-12,Posted
TX-102030,2024-12-01,FR7630006000011234567890189,EUR,-46944.08,Supplier Payments,Polymer Industries,Payment AP-50201,Posted
TX-100966,2024-12-02,FR7630006000011234567890189,EUR,32796.65,Customer Receipts,Gaia Renewables,Receipt AR-11192,Posted
TX-102027,2024-12-02,FR7630006000011234567890189,EUR,-98252.68,Supplier Payments,Polymer Industries,Payment AP-50198,Posted
TX-100967,2024-12-02,FR7630006000011234567890189,EUR,11792.85,Customer Receipts,Gaia Renewables,Receipt AR-11193,Posted
TX-102170,2024-12-02,GB29NWBK60161331926819,GBP,-14180.76,Supplier Payments,Voltage Components Ltd,Payment AP-50369,Posted
TX-100675,2024-12-02,FR7630006000011234567890189,EUR,17026.69,Customer Receipts,Eos Pharma,Receipt AR-10823,Posted
TX-101888,2024-12-02,FR7630006000011234567890189,EUR,-238735.27,Supplier Payments,Steelworks Holding,Payment AP-50030,Posted
TX-100361,2024-12-03,GB29NWBK60161331926819,GBP,35073.63,Customer Receipts,Caledonia Rail,Receipt AR-10441,Posted
TX-103069,2024-12-03,FR7630006000011234567890189,EUR,-7297.94,Supplier Payments,Audit & Co,Payment AP-51471,Posted
TX-100813,2024-12-03,FR7630006000011234567890189,EUR,71489.51,Customer Receipts,Forge Manufacturing,Receipt AR-10999,Posted
TX-102294,2024-12-03,US64SVBKUS6S3300958879,USD,-62595.58,Supplier Payments,MicroChip US Inc.,Payment AP-50516,Posted
TX-101585,2024-12-03,FR7630006000011234567890189,EUR,40378.81,Customer Receipts,Kepler Robotics,Receipt AR-11974,Posted
TX-102788,2024-12-03,FR7630006000011234567890189,EUR,-12351.15,Supplier Payments,Atelier Maintenance,Payment AP-51112,Posted
TX-102291,2024-12-03,US64SVBKUS6S3300958879,USD,-247183.27,Supplier Payments,MicroChip US Inc.,Payment AP-50513,Posted
TX-101293,2024-12-03,FR7630006000011234567890189,EUR,63835.19,Customer Receipts,Indus Logistics,Receipt AR-11608,Posted
TX-100968,2024-12-04,FR7630006000011234567890189,EUR,32927.4,Customer Receipts,Gaia Renewables,Receipt AR-11194,Posted
TX-101890,2024-12-04,FR7630006000011234567890189,EUR,-204923.1,Supplier Payments,Steelworks Holding,Payment AP-50032,Posted
TX-102552,2024-12-04,FR7630006000011234567890189,EUR,-5788.18,Supplier Payments,EnerGrid,Payment AP-50831,Posted
TX-100509,2024-12-04,US64SVBKUS6S3300958879,USD,24904.07,Customer Receipts,Delphi Aerospace,Receipt AR-10622,Posted
TX-100030,2024-12-04,FR7630006000011234567890189,EUR,19825.35,Customer Receipts,Atlas Energy Group,Receipt AR-10030,Posted
TX-102676,2024-12-05,FR7630006000011234567890189,EUR,-11047.51,Supplier Payments,CloudOps SAS,Payment AP-50971,Posted
TX-700040,2024-12-05,FR7630006000011234567890366,EUR,-795648.0,Social Charges,URSSAF,Social charges 2024-11,Posted
TX-100826,2024-12-05,FR7630006000011234567890189,EUR,17801.8,Customer Receipts,Forge Manufacturing,Receipt AR-11012,Posted
TX-102029,2024-12-05,FR7630006000011234567890189,EUR,-9339.01,Supplier Payments,Polymer Industries,Payment AP-50200,Posted
TX-102790,2024-12-05,FR7630006000011234567890189,EUR,-12733.87,Supplier Payments,Atelier Maintenance,Payment AP-51114,Posted
TX-100031,2024-12-06,FR7630006000011234567890189,EUR,178529.32,Customer Receipts,Atlas Energy Group,Receipt AR-10031,Posted
TX-101122,2024-12-06,FR7630006000011234567890189,EUR,231687.2,Customer Receipts,Helios Public Transit,Receipt AR-11386,Posted
TX-100822,2024-12-06,FR7630006000011234567890189,EUR,114804.38,Customer Receipts,Forge Manufacturing,Receipt AR-11008,Posted
TX-102789,2024-12-07,FR7630006000011234567890189,EUR,-8828.65,Supplier Payments,Atelier Maintenance,Payment AP-51113,Posted
TX-102033,2024-12-07,FR7630006000011234567890189,EUR,-17042.07,Supplier Payments,Polymer Industries,Payment AP-50204,Posted
TX-102031,2024-12-07,FR7630006000011234567890189,EUR,-50612.27,Supplier Payments,Polymer Industries,Payment AP-50202,Posted
TX-101121,2024-12-07,FR7630006000011234567890189,EUR,278272.02,Customer Receipts,Helios Public Transit,Receipt AR-11385,Posted
TX-102165,2024-12-08,GB29NWBK60161331926819,GBP,-17058.87,Supplier Payments,Voltage Components Ltd,Payment AP-50364,Posted
TX-101588,2024-12-08,FR7630006000011234567890189,EUR,23612.4,Customer Receipts,Kepler Robotics,Receipt AR-11977,Posted
TX-101590,2024-12-08,FR7630006000011234567890189,EUR,11452.68,Customer Receipts,Kepler Robotics,Receipt AR-11979,Posted
TX-102418,2024-12-09,FR7630006000011234567890189,EUR,-22108.77,Supplier Payments,Logistica Express,Payment AP-50668,Posted
TX-102679,2024-12-09,FR7630006000011234567890189,EUR,-16936.65,Supplier Payments,CloudOps SAS,Payment AP-50974,Posted
TX-102292,2024-12-09,US64SVBKUS6S3300958879,USD,-73355.86,Supplier Payments,MicroChip US Inc.,Payment AP-50514,Posted
TX-101583,2024-12-09,FR7630006000011234567890189,EUR,37942.98,Customer Receipts,Kepler Robotics,Receipt AR-11972,Posted
TX-100825,2024-12-09,FR7630006000011234567890189,EUR,60435.05,Customer Receipts,Forge Manufacturing,Receipt AR-11011,Posted
TX-102555,2024-12-09,FR7630006000011234567890189,EUR,-40484.91,Supplier Payments,EnerGrid,Payment AP-50834,Posted
TX-101295,2024-12-09,FR7630006000011234567890189,EUR,34440.92,Customer Receipts,Indus Logistics,Receipt AR-11610,Posted
TX-101734,2024-12-09,FR7630006000011234567890189,EUR,74132.27,Customer Receipts,Luma Construction,Receipt AR-12165,Posted
TX-100192,2024-12-09,FR7630006000011234567890189,EUR,248844.06,Customer Receipts,Borealis Mobility,Receipt AR-10232,Posted
TX-100514,2024-12-09,US64SVBKUS6S3300958879,USD,48161.91,Customer Receipts,Delphi Aerospace,Receipt AR-10627,Posted
TX-100037,2024-12-10,FR7630006000011234567890189,EUR,51666.58,Customer Receipts,Atlas Energy Group,Receipt AR-10037,Posted
TX-900010,2024-12-10,FR7630006000011234567890189,EUR,-17016.44,FX Hedging,HSBC FX Desk,FX forward premium,Posted
TX-100969,2024-12-10,FR7630006000011234567890189,EUR,40387.65,Customer Receipts,Gaia Renewables,Receipt AR-11195,Posted
TX-102417,2024-12-10,FR7630006000011234567890189,EUR,-8453.33,Supplier Payments,Logistica Express,Payment AP-50667,Posted
TX-102166,2024-12-11,GB29NWBK60161331926819,GBP,-39785.84,Supplier Payments,Voltage Components Ltd,Payment AP-50365,Posted
TX-101586,2024-12-11,FR7630006000011234567890189,EUR,15775.81,Customer Receipts,Kepler Robotics,Receipt AR-11975,Posted
TX-102414,2024-12-11,FR7630006000011234567890189,EUR,-38509.09,Supplier Payments,Logistica Express,Payment AP-50664,Posted
TX-102791,2024-12-11,FR7630006000011234567890189,EUR,-16142.35,Supplier Payments,Atelier Maintenance,Payment AP-51115,Posted
TX-103066,2024-12-11,FR7630006000011234567890189,EUR,-10225.87,Supplier Payments,Audit & Co,Payment AP-51468,Posted
TX-101437,2024-12-11,FR7630006000011234567890189,EUR,45575.17,Customer Receipts,Janus Defence,Receipt AR-11787,Posted
TX-101584,2024-12-11,FR7630006000011234567890189,EUR,17783.91,Customer Receipts,Kepler Robotics,Receipt AR-11973,Posted
TX-100194,2024-12-11,FR7630006000011234567890189,EUR,40991.16,Customer Receipts,Borealis Mobility,Receipt AR-10234,Posted
TX-100195,2024-12-11,FR7630006000011234567890189,EUR,213608.4,Customer Receipts,Borealis Mobility,Receipt AR-10235,Posted
TX-102678,2024-12-11,FR7630006000011234567890189,EUR,-25686.82,Supplier Payments,CloudOps SAS,Payment AP-50973,Posted
TX-102028,2024-12-12,FR7630006000011234567890189,EUR,-36847.89,Supplier Payments,Polymer Industries,Payment AP-50199,Posted
TX-100974,2024-12-12,FR7630006000011234567890189,EUR,12487.5,Customer Receipts,Gaia Renewables,Receipt AR-11200,Posted
TX-100678,2024-12-12,FR7630006000011234567890189,EUR,57177.95,Customer Receipts,Eos Pharma,Receipt AR-10826,Posted
TX-103071,2024-12-12,FR7630006000011234567890189,EUR,-5504.76,Supplier Payments,Audit & Co,Payment AP-51473,Posted
TX-101435,2024-12-13,FR7630006000011234567890189,EUR,34082.85,Customer Receipts,Janus Defence,Receipt AR-11785,Posted
TX-101442,2024-12-13,FR7630006000011234567890189,EUR,34433.37,Customer Receipts,Janus Defence,Receipt AR-11792,Posted
TX-101743,2024-12-13,FR7630006000011234567890189,EUR,12932.62,Customer Receipts,Luma Construction,Receipt AR-12174,Posted
TX-102295,2024-12-13,US64SVBKUS6S3300958879,USD,-112167.41,Supplier Payments,MicroChip US Inc.,Payment AP-50517,Posted
TX-100681,2024-12-13,FR7630006000011234567890189,EUR,26634.17,Customer Receipts,Eos Pharma,Receipt AR-10829,Posted
TX-101292,2024-12-13,FR7630006000011234567890189,EUR,24204.73,Customer Receipts,Indus Logistics,Receipt AR-11607,Posted
TX-100824,2024-12-14,FR7630006000011234567890189,EUR,87978.39,Customer Receipts,Forge Manufacturing,Receipt AR-11010,Posted
TX-100359,2024-12-14,GB29NWBK60161331926819,GBP,17664.68,Customer Receipts,Caledonia Rail,Receipt AR-10439,Posted
TX-700051,2024-12-15,FR7630006000011234567890366,EUR,-611218.89,Corporate Tax,DGFiP,IS quarterly instalment 2024-12,Posted
TX-700049,2024-12-15,FR7630006000011234567890189,EUR,-125000.0,Debt Service,Bond Trustee,Senior notes coupon + amortization,Posted
TX-101294,2024-12-15,FR7630006000011234567890189,EUR,75015.21,Customer Receipts,Indus Logistics,Receipt AR-11609,Posted
TX-100979,2024-12-15,FR7630006000011234567890189,EUR,88972.66,Customer Receipts,Gaia Renewables,Receipt AR-11205,Posted
TX-102557,2024-12-15,FR7630006000011234567890189,EUR,-5208.84,Supplier Payments,EnerGrid,Payment AP-50836,Posted
TX-101741,2024-12-16,FR7630006000011234567890189,EUR,19971.05,Customer Receipts,Luma Construction,Receipt AR-12172,Posted
TX-102416,2024-12-16,FR7630006000011234567890189,EUR,-38292.98,Supplier Payments,Logistica Express,Payment AP-50666,Posted
TX-100363,2024-12-16,GB29NWBK60161331926819,GBP,24980.77,Customer Receipts,Caledonia Rail,Receipt AR-10443,Posted
TX-100355,2024-12-16,GB29NWBK60161331926819,GBP,66918.6,Customer Receipts,Caledonia Rail,Receipt AR-10435,Posted
TX-100679,2024-12-16,FR7630006000011234567890189,EUR,55864.78,Customer Receipts,Eos Pharma,Receipt AR-10827,Posted
TX-102933,2024-12-16,FR7630006000011234567890189,EUR,-10567.1,Supplier Payments,Global Insurance Co,Payment AP-51292,Posted
TX-102681,2024-12-17,FR7630006000011234567890189,EUR,-6940.03,Supplier Payments,CloudOps SAS,Payment AP-50976,Posted
TX-102167,2024-12-17,GB29NWBK60161331926819,GBP,-49586.31,Supplier Payments,Voltage Components Ltd,Payment AP-50366,Posted
TX-102415,2024-12-17,FR7630006000011234567890189,EUR,-16666.33,Supplier Payments,Logistica Express,Payment AP-50665,Posted
TX-102169,2024-12-18,GB29NWBK60161331926819,GBP,-75736.07,Supplier Payments,Voltage Components Ltd,Payment AP-50368,Posted
TX-101746,2024-12-18,FR7630006000011234567890189,EUR,19456.0,Customer Receipts,Luma Construction,Receipt AR-12177,Posted
TX-100193,2024-12-18,FR7630006000011234567890189,EUR,39626.84,Customer Receipts,Borealis Mobility,Receipt AR-10233,Posted
TX-100975,2024-12-18,FR7630006000011234567890189,EUR,64033.67,Customer Receipts,Gaia Renewables,Receipt AR-11201,Posted
TX-100354,2024-12-19,GB29NWBK60161331926819,GBP,56778.03,Customer Receipts,Caledonia Rail,Receipt AR-10434,Posted
TX-101291,2024-12-19,FR7630006000011234567890189,EUR,62001.97,Customer Receipts,Indus Logistics,Receipt AR-11606,Posted
TX-102680,2024-12-19,FR7630006000011234567890189,EUR,-670.66,Supplier Payments,CloudOps SAS,Payment AP-50975,Posted
TX-102677,2024-12-19,FR7630006000011234567890189,EUR,-21343.01,Supplier Payments,CloudOps SAS,Payment AP-50972,Posted
TX-101589,2024-12-19,FR7630006000011234567890189,EUR,56741.69,Customer Receipts,Kepler Robotics,Receipt AR-11978,Posted
TX-102419,2024-12-19,FR7630006000011234567890189,EUR,-13074.03,Supplier Payments,Logistica Express,Payment AP-50669,Posted
TX-103074,2024-12-19,FR7630006000011234567890189,EUR,-13022.7,Supplier Payments,Audit & Co,Payment AP-51476,Posted
TX-100980,2024-12-20,FR7630006000011234567890189,EUR,40691.54,Customer Receipts,Gaia Renewables,Receipt AR-11206,Posted
TX-102682,2024-12-20,FR7630006000011234567890189,EUR,-6043.49,Supplier Payments,CloudOps SAS,Payment AP-50977,Posted
TX-101438,2024-12-20,FR7630006000011234567890189,EUR,80368.87,Customer Receipts,Janus Defence,Receipt AR-11788,Posted
TX-100362,2024-12-20,GB29NWBK60161331926819,GBP,24925.87,Customer Receipts,Caledonia Rail,Receipt AR-10442,Posted
TX-102796,2024-12-20,FR7630006000011234567890189,EUR,-19147.26,Supplier Payments,Atelier Maintenance,Payment AP-51120,Posted
TX-700041,2024-12-20,FR7630006000011234567890366,EUR,-412052.46,VAT,DGFiP,VAT 2024-11,Posted
TX-103076,2024-12-20,FR7630006000011234567890189,EUR,-6866.94,Supplier Payments,Audit & Co,Payment AP-51478,Posted
TX-101439,2024-12-21,FR7630006000011234567890189,EUR,115913.55,Customer Receipts,Janus Defence,Receipt AR-11789,Posted
TX-101123,2024-12-21,FR7630006000011234567890189,EUR,165001.67,Customer Receipts,Helios Public Transit,Receipt AR-11387,Posted
TX-100516,2024-12-21,US64SVBKUS6S3300958879,USD,362192.88,Customer Receipts,Delphi Aerospace,Receipt AR-10629,Posted
TX-102036,2024-12-21,FR7630006000011234567890189,EUR,-115452.93,Supplier Payments,Polymer Industries,Payment AP-50207,Posted
TX-100823,2024-12-21,FR7630006000011234567890189,EUR,53008.28,Customer Receipts,Forge Manufacturing,Receipt AR-11009,Posted
TX-100673,2024-12-21,FR7630006000011234567890189,EUR,19988.07,Customer Receipts,Eos Pharma,Receipt AR-10821,Posted
TX-103079,2024-12-21,FR7630006000011234567890189,EUR,-4740.79,Supplier Payments,Audit & Co,Payment AP-51481,Posted
TX-102554,2024-12-21,FR7630006000011234567890189,EUR,-16616.36,Supplier Payments,EnerGrid,Payment AP-50833,Posted
TX-101124,2024-12-21,FR7630006000011234567890189,EUR,124352.51,Customer Receipts,Helios Public Transit,Receipt AR-11388,Posted
TX-101735,2024-12-21,FR7630006000011234567890189,EUR,36371.6,Customer Receipts,Luma Construction,Receipt AR-12166,Posted
TX-102795,2024-12-21,FR7630006000011234567890189,EUR,-27769.37,Supplier Payments,Atelier Maintenance,Payment AP-51119,Posted
TX-100676,2024-12-22,FR7630006000011234567890189,EUR,17554.07,Customer Receipts,Eos Pharma,Receipt AR-10824,Posted
TX-102934,2024-12-22,FR7630006000011234567890189,EUR,-7136.36,Supplier Payments,Global Insurance Co,Payment AP-51293,Posted
TX-102936,2024-12-22,FR7630006000011234567890189,EUR,-353.25,Supplier Payments,Global Insurance Co,Payment AP-51295,Posted
TX-102413,2024-12-22,FR7630006000011234567890189,EUR,-40776.14,Supplier Payments,Logistica Express,Payment AP-50663,Posted
TX-102164,2024-12-23,GB29NWBK60161331926819,GBP,-16554.46,Supplier Payments,Voltage Components Ltd,Payment AP-50363,Posted
TX-100044,2024-12-23,FR7630006000011234567890189,EUR,11191.71,Customer Receipts,Atlas Energy Group,Receipt AR-10044,Posted
TX-100358,2024-12-23,GB29NWBK60161331926819,GBP,39827.44,Customer Receipts,Caledonia Rail,Receipt AR-10438,Posted
TX-100196,2024-12-23,FR7630006000011234567890189,EUR,117008.35,Customer Receipts,Borealis Mobility,Receipt AR-10236,Posted
TX-101896,2024-12-24,FR7630006000011234567890189,EUR,-94266.34,Supplier Payments,Steelworks Holding,Payment AP-50038,Posted
TX-100360,2024-12-24,GB29NWBK60161331926819,GBP,38639.29,Customer Receipts,Caledonia Rail,Receipt AR-10440,Posted
TX-101732,2024-12-25,FR7630006000011234567890189,EUR,16601.82,Customer Receipts,Luma Construction,Receipt AR-12163,Posted
TX-102035,2024-12-25,FR7630006000011234567890189,EUR,-36534.56,Supplier Payments,Polymer Industries,Payment AP-50206,Posted
TX-100680,2024-12-25,FR7630006000011234567890189,EUR,29866.39,Customer Receipts,Eos Pharma,Receipt AR-10828,Posted
TX-100047,2024-12-26,FR7630006000011234567890189,EUR,167796.59,Customer Receipts,Atlas Energy Group,Receipt AR-10047,Posted
TX-101436,2024-12-26,FR7630006000011234567890189,EUR,146058.24,Customer Receipts,Janus Defence,Receipt AR-11786,Posted
TX-101441,2024-12-26,FR7630006000011234567890189,EUR,70106.23,Customer Receipts,Janus Defence,Receipt AR-11791,Posted
TX-100983,2024-12-26,FR7630006000011234567890189,EUR,20216.49,Customer Receipts,Gaia Renewables,Receipt AR-11209,Posted
TX-100043,2024-12-26,FR7630006000011234567890189,EUR,53692.28,Customer Receipts,Atlas Energy Group,Receipt AR-10043,Posted
TX-100827,2024-12-26,FR7630006000011234567890189,EUR,114032.89,Customer Receipts,Forge Manufacturing,Receipt AR-11013,Posted
TX-100519,2024-12-27,US64SVBKUS6S3300958879,USD,106969.81,Customer Receipts,Delphi Aerospace,Receipt AR-10632,Posted
TX-100042,2024-12-27,FR7630006000011234567890189,EUR,16453.42,Customer Receipts,Atlas Energy Group,Receipt AR-10042,Posted
TX-100677,2024-12-28,FR7630006000011234567890189,EUR,34396.79,Customer Receipts,Eos Pharma,Receipt AR-10825,Posted
TX-101739,2024-12-28,FR7630006000011234567890189,EUR,13740.25,Customer Receipts,Luma Construction,Receipt AR-12170,Posted
TX-101593,2024-12-28,FR7630006000011234567890189,EUR,249659.45,Customer Receipts,Kepler Robotics,Receipt AR-11982,Posted
TX-100674,2024-12-28,FR7630006000011234567890189,EUR,33426.35,Customer Receipts,Eos Pharma,Receipt AR-10822,Posted
TX-900009,2024-12-28,FR7630006000011234567899001,EUR,16250.0,Interest Income,BNP Paribas,Term deposit interest,Posted
TX-100357,2024-12-29,GB29NWBK60161331926819,GBP,15672.91,Customer Receipts,Caledonia Rail,Receipt AR-10437,Posted
TX-100367,2024-12-29,GB29NWBK60161331926819,GBP,66440.49,Customer Receipts,Caledonia Rail,Receipt AR-10447,Posted
TX-101132,2024-12-29,FR7630006000011234567890189,EUR,137791.91,Customer Receipts,Helios Public Transit,Receipt AR-11396,Posted
TX-100828,2024-12-29,FR7630006000011234567890189,EUR,92003.69,Customer Receipts,Forge Manufacturing,Receipt AR-11014,Posted
TX-101742,2024-12-29,FR7630006000011234567890189,EUR,28828.5,Customer Receipts,Luma Construction,Receipt AR-12173,Posted
TX-101740,2024-12-29,FR7630006000011234567890189,EUR,17040.65,Customer Receipts,Luma Construction,Receipt AR-12171,Posted
TX-102559,2024-12-29,FR7630006000011234567890189,EUR,-41125.69,Supplier Payments,EnerGrid,Payment AP-50838,Posted
TX-100040,2024-12-29,FR7630006000011234567890189,EUR,97043.79,Customer Receipts,Atlas Energy Group,Receipt AR-10040,Posted
TX-102168,2024-12-30,GB29NWBK60161331926819,GBP,-7022.92,Supplier Payments,Voltage Components Ltd,Payment AP-50367,Posted
TX-100982,2024-12-30,FR7630006000011234567890189,EUR,40225.28,Customer Receipts,Gaia Renewables,Receipt AR-11208,Posted
TX-101893,2024-12-30,FR7630006000011234567890189,EUR,-77578.39,Supplier Payments,Steelworks Holding,Payment AP-50035,Posted
TX-102039,2024-12-30,FR7630006000011234567890189,EUR,-65539.62,Supplier Payments,Polymer Industries,Payment AP-50210,Posted
TX-101897,2024-12-30,FR7630006000011234567890189,EUR,-62555.61,Supplier Payments,Steelworks Holding,Payment AP-50039,Posted
TX-102932,2024-12-30,FR7630006000011234567890189,EUR,-10356.61,Supplier Payments,Global Insurance Co,Payment AP-51291,Posted
TX-101134,2024-12-30,FR7630006000011234567890189,EUR,60019.44,Customer Receipts,Helios Public Transit,Receipt AR-11398,Posted
TX-101440,2024-12-30,FR7630006000011234567890189,EUR,173545.3,Customer Receipts,Janus Defence,Receipt AR-11790,Posted
TX-102293,2024-12-31,US64SVBKUS6S3300958879,USD,-63566.65,Supplier Payments,MicroChip US Inc.,Payment AP-50515,Posted
TX-700050,2024-12-31,FR7630006000011234567890189,EUR,-4278.14,Bank Fees,BNP Paribas,Banking fees 2024-12,Posted
TX-102935,2024-12-31,FR7630006000011234567890189,EUR,-9497.85,Supplier Payments,Global Insurance Co,Payment AP-51294,Posted
TX-700045,2024-12-31,FR7630006000011234567890245,EUR,-1901800.0,Payroll,Employees,Monthly payroll 2024-12,Posted
TX-102040,2025-01-01,FR7630006000011234567890189,EUR,-50858.7,Supplier Payments,Polymer Industries,Payment AP-50211,Posted
TX-102683,2025-01-01,FR7630006000011234567890189,EUR,-5884.68,Supplier Payments,CloudOps SAS,Payment AP-50978,Posted
TX-700055,2025-01-01,FR7630006000011234567890189,EUR,-185000.0,Rent,SCI Helios Properties,Office & plant rent 2025-01,Posted
TX-100833,2025-01-01,FR7630006000011234567890189,EUR,52363.59,Customer Receipts,Forge Manufacturing,Receipt AR-11019,Posted
TX-101444,2025-01-02,FR7630006000011234567890189,EUR,140690.55,Customer Receipts,Janus Defence,Receipt AR-11794,Posted
TX-102421,2025-01-02,FR7630006000011234567890189,EUR,-46165.84,Supplier Payments,Logistica Express,Payment AP-50671,Posted
TX-101592,2025-01-02,FR7630006000011234567890189,EUR,26151.26,Customer Receipts,Kepler Robotics,Receipt AR-11981,Posted
TX-100977,2025-01-02,FR7630006000011234567890189,EUR,38220.17,Customer Receipts,Gaia Renewables,Receipt AR-11203,Posted
TX-100976,2025-01-02,FR7630006000011234567890189,EUR,5933.13,Customer Receipts,Gaia Renewables,Receipt AR-11202,Posted
TX-101892,2025-01-03,FR7630006000011234567890189,EUR,-406708.14,Supplier Payments,Steelworks Holding,Payment AP-50034,Posted
TX-101297,2025-01-03,FR7630006000011234567890189,EUR,137043.91,Customer Receipts,Indus Logistics,Receipt AR-11612,Posted
TX-100981,2025-01-04,FR7630006000011234567890189,EUR,12232.11,Customer Receipts,Gaia Renewables,Receipt AR-11207,Posted
TX-103077,2025-01-04,FR7630006000011234567890189,EUR,-17302.59,Supplier Payments,Audit & Co,Payment AP-51479,Posted
TX-100517,2025-01-04,US64SVBKUS6S3300958879,USD,537131.52,Customer Receipts,Delphi Aerospace,Receipt AR-10630,Posted
TX-102038,2025-01-04,FR7630006000011234567890189,EUR,-19293.11,Supplier Payments,Polymer Industries,Payment AP-50209,Posted
TX-100197,2025-01-05,FR7630006000011234567890189,EUR,162235.51,Customer Receipts,Borealis Mobility,Receipt AR-10237,Posted
TX-700046,2025-01-05,FR7630006000011234567890366,EUR,-798756.0,Social Charges,URSSAF,Social charges 2024-12,Posted
TX-102940,2025-01-05,FR7630006000011234567890189,EUR,-2126.55,Supplier Payments,Global Insurance Co,Payment AP-51299,Posted
TX-102037,2025-01-06,FR7630006000011234567890189,EUR,-58137.44,Supplier Payments,Polymer Industries,Payment AP-50208,Posted
TX-100685,2025-01-06,FR7630006000011234567890189,EUR,80008.43,Customer Receipts,Eos Pharma,Receipt AR-10833,Posted
TX-102797,2025-01-06,FR7630006000011234567890189,EUR,-50762.77,Supplier Payments,Atelier Maintenance,Payment AP-51121,Posted
TX-102798,2025-01-06,FR7630006000011234567890189,EUR,-4736.75,Supplier Payments,Atelier Maintenance,Payment AP-51122,Posted
TX-102171,2025-01-06,GB29NWBK60161331926819,GBP,-46659.93,Supplier Payments,Voltage Components Ltd,Payment AP-50370,Posted
TX-103078,2025-01-07,FR7630006000011234567890189,EUR,-4962.46,Supplier Payments,Audit & Co,Payment AP-51480,Posted
TX-100978,2025-01-08,FR7630006000011234567890189,EUR,99505.98,Customer Receipts,Gaia Renewables,Receipt AR-11204,Posted
TX-102420,2025-01-08,FR7630006000011234567890189,EUR,-88008.08,Supplier Payments,Logistica Express,Payment AP-50670,Posted
TX-102298,2025-01-08,US64SVBKUS6S3300958879,USD,-335588.97,Supplier Payments,MicroChip US Inc.,Payment AP-50520,Posted
TX-102034,2025-01-08,FR7630006000011234567890189,EUR,-63848.24,Supplier Payments,Polymer Industries,Payment AP-50205,Posted
TX-101745,2025-01-09,FR7630006000011234567890189,EUR,3571.55,Customer Receipts,Luma Construction,Receipt AR-12176,Posted
TX-103075,2025-01-09,FR7630006000011234567890189,EUR,-4851.62,Supplier Payments,Audit & Co,Payment AP-51477,Posted
TX-100518,2025-01-09,US64SVBKUS6S3300958879,USD,91382.42,Customer Receipts,Delphi Aerospace,Receipt AR-10631,Posted
TX-102684,2025-01-10,FR7630006000011234567890189,EUR,-18923.88,Supplier Payments,CloudOps SAS,Payment AP-50979,Posted
TX-100684,2025-01-10,FR7630006000011234567890189,EUR,93082.35,Customer Receipts,Eos Pharma,Receipt AR-10832,Posted
TX-900011,2025-01-10,FR7630006000011234567890189,EUR,-13456.44,FX Hedging,HSBC FX Desk,FX forward premium,Posted
TX-101125,2025-01-10,FR7630006000011234567890189,EUR,71887.08,Customer Receipts,Helios Public Transit,Receipt AR-11389,Posted
TX-100046,2025-01-10,FR7630006000011234567890189,EUR,130919.95,Customer Receipts,Atlas Energy Group,Receipt AR-10046,Posted
TX-102937,2025-01-10,FR7630006000011234567890189,EUR,-5334.3,Supplier Payments,Global Insurance Co,Payment AP-51296,Posted
TX-100832,2025-01-11,FR7630006000011234567890189,EUR,76969.87,Customer Receipts,Forge Manufacturing,Receipt AR-11018,Posted
TX-100038,2025-01-11,FR7630006000011234567890189,EUR,122998.58,Customer Receipts,Atlas Energy Group,Receipt AR-10038,Posted
TX-101744,2025-01-11,FR7630006000011234567890189,EUR,18538.61,Customer Receipts,Luma Construction,Receipt AR-12175,Posted
TX-101737,2025-01-11,FR7630006000011234567890189,EUR,20240.04,Customer Receipts,Luma Construction,Receipt AR-12168,Posted
TX-101131,2025-01-11,FR7630006000011234567890189,EUR,78333.26,Customer Receipts,Helios Public Transit,Receipt AR-11395,Posted
TX-101128,2025-01-11,FR7630006000011234567890189,EUR,36370.16,Customer Receipts,Helios Public Transit,Receipt AR-11392,Posted
TX-100368,2025-01-11,GB29NWBK60161331926819,GBP,39070.02,Customer Receipts,Caledonia Rail,Receipt AR-10448,Posted
TX-102685,2025-01-13,FR7630006000011234567890189,EUR,-19561.33,Supplier Payments,CloudOps SAS,Payment AP-50980,Posted
TX-102558,2025-01-13,FR7630006000011234567890189,EUR,-43783.32,Supplier Payments,EnerGrid,Payment AP-50837,Posted
TX-100045,2025-01-13,FR7630006000011234567890189,EUR,156032.73,Customer Receipts,Atlas Energy Group,Receipt AR-10045,Posted
TX-100039,2025-01-13,FR7630006000011234567890189,EUR,146472.47,Customer Receipts,Atlas Energy Group,Receipt AR-10039,Posted
TX-100523,2025-01-13,US64SVBKUS6S3300958879,USD,322929.69,Customer Receipts,Delphi Aerospace,Receipt AR-10636,Posted
TX-101298,2025-01-14,FR7630006000011234567890189,EUR,90344.28,Customer Receipts,Indus Logistics,Receipt AR-11613,Posted
TX-101594,2025-01-14,FR7630006000011234567890189,EUR,20537.9,Customer Receipts,Kepler Robotics,Receipt AR-11983,Posted
TX-100041,2025-01-14,FR7630006000011234567890189,EUR,48891.23,Customer Receipts,Atlas Energy Group,Receipt AR-10041,Posted
TX-101895,2025-01-14,FR7630006000011234567890189,EUR,-28063.83,Supplier Payments,Steelworks Holding,Payment AP-50037,Posted
TX-101894,2025-01-14,FR7630006000011234567890189,EUR,-107034.33,Supplier Payments,Steelworks Holding,Payment AP-50036,Posted
TX-100984,2025-01-15,FR7630006000011234567890189,EUR,68570.4,Customer Receipts,Gaia Renewables,Receipt AR-11210,Posted
TX-700056,2025-01-15,FR7630006000011234567890189,EUR,-125000.0,Debt Service,Bond Trustee,Senior notes coupon + amortization,Posted
TX-100829,2025-01-16,FR7630006000011234567890189,EUR,73991.9,Customer Receipts,Forge Manufacturing,Receipt AR-11015,Posted
TX-102174,2025-01-16,GB29NWBK60161331926819,GBP,-72659.58,Supplier Payments,Voltage Components Ltd,Payment AP-50373,Posted
TX-101299,2025-01-16,FR7630006000011234567890189,EUR,22491.95,Customer Receipts,Indus Logistics,Receipt AR-11614,Posted
TX-100830,2025-01-16,FR7630006000011234567890189,EUR,112428.59,Customer Receipts,Forge Manufacturing,Receipt AR-11016,Posted
TX-102686,2025-01-16,FR7630006000011234567890189,EUR,-11350.9,Supplier Payments,CloudOps SAS,Payment AP-50981,Posted
TX-100199,2025-01-16,FR7630006000011234567890189,EUR,113527.61,Customer Receipts,Borealis Mobility,Receipt AR-10239,Posted
TX-100988,2025-01-16,FR7630006000011234567890189,EUR,5366.51,Customer Receipts,Gaia Renewables,Receipt AR-11214,Posted
TX-102423,2025-01-16,FR7630006000011234567890189,EUR,-10170.0,Supplier Payments,Logistica Express,Payment AP-50673,Posted
TX-102045,2025-01-17,FR7630006000011234567890189,EUR,-88474.8,Supplier Payments,Polymer Industries,Payment AP-50216,Posted
TX-100682,2025-01-17,FR7630006000011234567890189,EUR,23198.62,Customer Receipts,Eos Pharma,Receipt AR-10830,Posted
TX-100366,2025-01-17,GB29NWBK60161331926819,GBP,181497.99,Customer Receipts,Caledonia Rail,Receipt AR-10446,Posted
TX-101129,2025-01-18,FR7630006000011234567890189,EUR,49295.81,Customer Receipts,Helios Public Transit,Receipt AR-11393,Posted
TX-102943,2025-01-18,FR7630006000011234567890189,EUR,-6589.34,Supplier Payments,Global Insurance Co,Payment AP-51302,Posted
TX-100365,2025-01-18,GB29NWBK60161331926819,GBP,50431.34,Customer Receipts,Caledonia Rail,Receipt AR-10445,Posted
TX-101602,2025-01-18,FR7630006000011234567890189,EUR,19620.94,Customer Receipts,Kepler Robotics,Receipt AR-11991,Posted
TX-103083,2025-01-19,FR7630006000011234567890189,EUR,-2237.58,Supplier Payments,Audit & Co,Payment AP-51485,Posted
TX-102047,2025-01-19,FR7630006000011234567890189,EUR,-35221.25,Supplier Payments,Polymer Industries,Payment AP-50218,Posted
TX-100683,2025-01-20,FR7630006000011234567890189,EUR,57153.19,Customer Receipts,Eos Pharma,Receipt AR-10831,Posted
TX-102939,2025-01-20,FR7630006000011234567890189,EUR,-7036.28,Supplier Payments,Global Insurance Co,Payment AP-51298,Posted
TX-100831,2025-01-20,FR7630006000011234567890189,EUR,69012.9,Customer Receipts,Forge Manufacturing,Receipt AR-11017,Posted
TX-101738,2025-01-20,FR7630006000011234567890189,EUR,20701.62,Customer Receipts,Luma Construction,Receipt AR-12169,Posted
TX-700047,2025-01-20,FR7630006000011234567890366,EUR,-405298.36,VAT,DGFiP,VAT 2024-12,Posted
TX-101445,2025-01-21,FR7630006000011234567890189,EUR,239295.54,Customer Receipts,Janus Defence,Receipt AR-11795,Posted
TX-102799,2025-01-21,FR7630006000011234567890189,EUR,-26832.23,Supplier Payments,Atelier Maintenance,Payment AP-51123,Posted
TX-100989,2025-01-21,FR7630006000011234567890189,EUR,52903.9,Customer Receipts,Gaia Renewables,Receipt AR-11215,Posted
TX-102173,2025-01-21,GB29NWBK60161331926819,GBP,-44065.14,Supplier Payments,Voltage Components Ltd,Payment AP-50372,Posted
TX-101595,2025-01-21,FR7630006000011234567890189,EUR,68740.25,Customer Receipts,Kepler Robotics,Receipt AR-11984,Posted
TX-102422,2025-01-22,FR7630006000011234567890189,EUR,-13205.37,Supplier Payments,Logistica Express,Payment AP-50672,Posted
TX-102560,2025-01-22,FR7630006000011234567890189,EUR,-36562.69,Supplier Payments,EnerGrid,Payment AP-50839,Posted
TX-100364,2025-01-22,GB29NWBK60161331926819,GBP,22925.02,Customer Receipts,Caledonia Rail,Receipt AR-10444,Posted
TX-102043,2025-01-22,FR7630006000011234567890189,EUR,-79999.05,Supplier Payments,Polymer Industries,Payment AP-50214,Posted
TX-101443,2025-01-23,FR7630006000011234567890189,EUR,105544.13,Customer Receipts,Janus Defence,Receipt AR-11793,Posted
TX-101126,2025-01-23,FR7630006000011234567890189,EUR,175016.55,Customer Receipts,Helios Public Transit,Receipt AR-11390,Posted
TX-100520,2025-01-23,US64SVBKUS6S3300958879,USD,274486.39,Customer Receipts,Delphi Aerospace,Receipt AR-10633,Posted
TX-101591,2025-01-23,FR7630006000011234567890189,EUR,28023.92,Customer Receipts,Kepler Robotics,Receipt AR-11980,Posted
TX-100834,2025-01-23,FR7630006000011234567890189,EUR,97343.21,Customer Receipts,Forge Manufacturing,Receipt AR-11020,Posted
TX-103081,2025-01-23,FR7630006000011234567890189,EUR,-5480.75,Supplier Payments,Audit & Co,Payment AP-51483,Posted
TX-102942,2025-01-23,FR7630006000011234567890189,EUR,-5402.53,Supplier Payments,Global Insurance Co,Payment AP-51301,Posted
TX-102296,2025-01-23,US64SVBKUS6S3300958879,USD,-63835.69,Supplier Payments,MicroChip US Inc.,Payment AP-50518,Posted
TX-102941,2025-01-23,FR7630006000011234567890189,EUR,-10795.37,Supplier Payments,Global Insurance Co,Payment AP-51300,Posted
TX-101137,2025-01-23,FR7630006000011234567890189,EUR,170627.7,Customer Receipts,Helios Public Transit,Receipt AR-11401,Posted
TX-100200,2025-01-23,FR7630006000011234567890189,EUR,286415.4,Customer Receipts,Borealis Mobility,Receipt AR-10240,Posted
TX-101752,2025-01-23,FR7630006000011234567890189,EUR,10153.93,Customer Receipts,Luma Construction,Receipt AR-12183,Posted
TX-102297,2025-01-24,US64SVBKUS6S3300958879,USD,-148148.68,Supplier Payments,MicroChip US Inc.,Payment AP-50519,Posted
TX-102938,2025-01-25,FR7630006000011234567890189,EUR,-3682.1,Supplier Payments,Global Insurance Co,Payment AP-51297,Posted
TX-100051,2025-01-25,FR7630006000011234567890189,EUR,259766.72,Customer Receipts,Atlas Energy Group,Receipt AR-10051,Posted
TX-103085,2025-01-25,FR7630006000011234567890189,EUR,-8108.82,Supplier Payments,Audit & Co,Payment AP-51487,Posted
TX-100686,2025-01-25,FR7630006000011234567890189,EUR,32729.51,Customer Receipts,Eos Pharma,Receipt AR-10834,Posted
TX-101127,2025-01-26,FR7630006000011234567890189,EUR,20416.89,Customer Receipts,Helios Public Transit,Receipt AR-11391,Posted
TX-100521,2025-01-26,US64SVBKUS6S3300958879,USD,178463.63,Customer Receipts,Delphi Aerospace,Receipt AR-10634,Posted
TX-101130,2025-01-26,FR7630006000011234567890189,EUR,98389.18,Customer Receipts,Helios Public Transit,Receipt AR-11394,Posted
TX-101446,2025-01-27,FR7630006000011234567890189,EUR,271339.02,Customer Receipts,Janus Defence,Receipt AR-11796,Posted
TX-101750,2025-01-27,FR7630006000011234567890189,EUR,58292.7,Customer Receipts,Luma Construction,Receipt AR-12181,Posted
TX-101601,2025-01-27,FR7630006000011234567890189,EUR,41118.28,Customer Receipts,Kepler Robotics,Receipt AR-11990,Posted
TX-102172,2025-01-27,GB29NWBK60161331926819,GBP,-52095.6,Supplier Payments,Voltage Components Ltd,Payment AP-50371,Posted
TX-101597,2025-01-27,FR7630006000011234567890189,EUR,11960.32,Customer Receipts,Kepler Robotics,Receipt AR-11986,Posted
TX-102424,2025-01-28,FR7630006000011234567890189,EUR,-16736.19,Supplier Payments,Logistica Express,Payment AP-50674,Posted
TX-102042,2025-01-28,FR7630006000011234567890189,EUR,-56937.45,Supplier Payments,Polymer Industries,Payment AP-50213,Posted
TX-102800,2025-01-28,FR7630006000011234567890189,EUR,-28854.02,Supplier Payments,Atelier Maintenance,Payment AP-51124,Posted
TX-100524,2025-01-29,US64SVBKUS6S3300958879,USD,11054.48,Customer Receipts,Delphi Aerospace,Receipt AR-10637,Posted
TX-100048,2025-01-29,FR7630006000011234567890189,EUR,301902.0,Customer Receipts,Atlas Energy Group,Receipt AR-10048,Posted
TX-101296,2025-01-29,FR7630006000011234567890189,EUR,4495.07,Customer Receipts,Indus Logistics,Receipt AR-11611,Posted
TX-100835,2025-01-30,FR7630006000011234567890189,EUR,101760.5,Customer Receipts,Forge Manufacturing,Receipt AR-11021,Posted
TX-101599,2025-01-30,FR7630006000011234567890189,EUR,18110.9,Customer Receipts,Kepler Robotics,Receipt AR-11988,Posted
TX-102564,2025-01-30,FR7630006000011234567890189,EUR,-14097.87,Supplier Payments,EnerGrid,Payment AP-50843,Posted
TX-102687,2025-01-30,FR7630006000011234567890189,EUR,-20331.07,Supplier Payments,CloudOps SAS,Payment AP-50982,Posted
TX-102041,2025-01-30,FR7630006000011234567890189,EUR,-68533.22,Supplier Payments,Polymer Industries,Payment AP-50212,Posted
TX-700052,2025-01-31,FR7630006000011234567890245,EUR,-1909200.0,Payroll,Employees,Monthly payroll 2025-01,Posted
TX-700057,2025-01-31,FR7630006000011234567890189,EUR,-6187.65,Bank Fees,BNP Paribas,Banking fees 2025-01,Posted
TX-102945,2025-01-31,FR7630006000011234567890189,EUR,-4790.51,Supplier Payments,Global Insurance Co,Payment AP-51304,Posted
TX-101302,2025-02-01,FR7630006000011234567890189,EUR,51697.87,Customer Receipts,Indus Logistics,Receipt AR-11617,Posted
TX-102950,2025-02-01,FR7630006000011234567890189,EUR,-2920.88,Supplier Payments,Global Insurance Co,Payment AP-51309,Posted
TX-102429,2025-02-01,FR7630006000011234567890189,EUR,-15046.12,Supplier Payments,Logistica Express,Payment AP-50679,Posted
TX-101133,2025-02-01,FR7630006000011234567890189,EUR,42571.66,Customer Receipts,Helios Public Transit,Receipt AR-11397,Posted
TX-101598,2025-02-01,FR7630006000011234567890189,EUR,90701.29,Customer Receipts,Kepler Robotics,Receipt AR-11987,Posted
TX-102802,2025-02-01,FR7630006000011234567890189,EUR,-15409.61,Supplier Payments,Atelier Maintenance,Payment AP-51126,Posted
TX-700061,2025-02-01,FR7630006000011234567890189,EUR,-185000.0,Rent,SCI Helios Properties,Office & plant rent 2025-02,Posted
TX-100052,2025-02-01,FR7630006000011234567890189,EUR,94800.39,Customer Receipts,Atlas Energy Group,Receipt AR-10052,Posted
TX-100198,2025-02-02,FR7630006000011234567890189,EUR,151441.05,Customer Receipts,Borealis Mobility,Receipt AR-10238,Posted
TX-102046,2025-02-02,FR7630006000011234567890189,EUR,-6123.22,Supplier Payments,Polymer Industries,Payment AP-50217,Posted
TX-100688,2025-02-02,FR7630006000011234567890189,EUR,15294.99,Customer Receipts,Eos Pharma,Receipt AR-10836,Posted
TX-100987,2025-02-02,FR7630006000011234567890189,EUR,77857.52,Customer Receipts,Gaia Renewables,Receipt AR-11213,Posted
TX-103080,2025-02-02,FR7630006000011234567890189,EUR,-4463.25,Supplier Payments,Audit & Co,Payment AP-51482,Posted
TX-102689,2025-02-03,FR7630006000011234567890189,EUR,-9171.83,Supplier Payments,CloudOps SAS,Payment AP-50984,Posted
TX-102801,2025-02-03,FR7630006000011234567890189,EUR,-29250.34,Supplier Payments,Atelier Maintenance,Payment AP-51125,Posted
TX-100689,2025-02-03,FR7630006000011234567890189,EUR,40666.48,Customer Receipts,Eos Pharma,Receipt AR-10837,Posted
TX-103082,2025-02-03,FR7630006000011234567890189,EUR,-10077.09,Supplier Payments,Audit & Co,Payment AP-51484,Posted
TX-101900,2025-02-03,FR7630006000011234567890189,EUR,-110529.05,Supplier Payments,Steelworks Holding,Payment AP-50042,Posted
TX-100205,2025-02-03,FR7630006000011234567890189,EUR,45415.13,Customer Receipts,Borealis Mobility,Receipt AR-10245,Posted
TX-102427,2025-02-03,FR7630006000011234567890189,EUR,-54994.85,Supplier Payments,Logistica Express,Payment AP-50677,Posted
TX-100369,2025-02-04,GB29NWBK60161331926819,GBP,6914.47,Customer Receipts,Caledonia Rail,Receipt AR-10449,Posted
TX-101135,2025-02-04,FR7630006000011234567890189,EUR,130965.96,Customer Receipts,Helios Public Transit,Receipt AR-11399,Posted
TX-100985,2025-02-04,FR7630006000011234567890189,EUR,19820.94,Customer Receipts,Gaia Renewables,Receipt AR-11211,Posted
TX-100522,2025-02-04,US64SVBKUS6S3300958879,USD,289072.9,Customer Receipts,Delphi Aerospace,Receipt AR-10635,Posted
TX-101449,2025-02-04,FR7630006000011234567890189,EUR,9757.22,Customer Receipts,Janus Defence,Receipt AR-11799,Posted
TX-100049,2025-02-04,FR7630006000011234567890189,EUR,119607.89,Customer Receipts,Atlas Energy Group,Receipt AR-10049,Posted
TX-102176,2025-02-05,GB29NWBK60161331926819,GBP,-17978.2,Supplier Payments,Voltage Components Ltd,Payment AP-50375,Posted
TX-101898,2025-02-05,FR7630006000011234567890189,EUR,-272989.83,Supplier Payments,Steelworks Holding,Payment AP-50040,Posted
TX-700053,2025-02-05,FR7630006000011234567890366,EUR,-801864.0,Social Charges,URSSAF,Social charges 2025-01,Posted
TX-100687,2025-02-06,FR7630006000011234567890189,EUR,34288.75,Customer Receipts,Eos Pharma,Receipt AR-10835,Posted
TX-102044,2025-02-07,FR7630006000011234567890189,EUR,-66095.78,Supplier Payments,Polymer Industries,Payment AP-50215,Posted
TX-101600,2025-02-07,FR7630006000011234567890189,EUR,24520.08,Customer Receipts,Kepler Robotics,Receipt AR-11989,Posted
TX-101902,2025-02-07,FR7630006000011234567890189,EUR,-218118.26,Supplier Payments,Steelworks Holding,Payment AP-50044,Posted
TX-101303,2025-02-07,FR7630006000011234567890189,EUR,68611.08,Customer Receipts,Indus Logistics,Receipt AR-11618,Posted
TX-101456,2025-02-08,FR7630006000011234567890189,EUR,21799.68,Customer Receipts,Janus Defence,Receipt AR-11806,Posted
TX-100050,2025-02-08,FR7630006000011234567890189,EUR,156632.06,Customer Receipts,Atlas Energy Group,Receipt AR-10050,Posted
TX-102691,2025-02-08,FR7630006000011234567890189,EUR,-24597.99,Supplier Payments,CloudOps SAS,Payment AP-50986,Posted
TX-100837,2025-02-08,FR7630006000011234567890189,EUR,196614.59,Customer Receipts,Forge Manufacturing,Receipt AR-11023,Posted
TX-101748,2025-02-08,FR7630006000011234567890189,EUR,23434.15,Customer Receipts,Luma Construction,Receipt AR-12179,Posted
TX-101901,2025-02-09,FR7630006000011234567890189,EUR,-64992.57,Supplier Payments,Steelworks Holding,Payment AP-50043,Posted
TX-100693,2025-02-09,FR7630006000011234567890189,EUR,24552.64,Customer Receipts,Eos Pharma,Receipt AR-10841,Posted
TX-100371,2025-02-09,GB29NWBK60161331926819,GBP,84899.81,Customer Receipts,Caledonia Rail,Receipt AR-10451,Posted
TX-100201,2025-02-09,FR7630006000011234567890189,EUR,300725.03,Customer Receipts,Borealis Mobility,Receipt AR-10241,Posted
TX-101751,2025-02-10,FR7630006000011234567890189,EUR,31759.28,Customer Receipts,Luma Construction,Receipt AR-12182,Posted
TX-900012,2025-02-10,FR7630006000011234567890189,EUR,-16686.27,FX Hedging,HSBC FX Desk,FX forward premium,Posted
TX-101455,2025-02-10,FR7630006000011234567890189,EUR,27561.47,Customer Receipts,Janus Defence,Receipt AR-11805,Posted
TX-100841,2025-02-10,FR7630006000011234567890189,EUR,41161.27,Customer Receipts,Forge Manufacturing,Receipt AR-11027,Posted
TX-101136,2025-02-10,FR7630006000011234567890189,EUR,40556.1,Customer Receipts,Helios Public Transit,Receipt AR-11400,Posted
TX-103084,2025-02-10,FR7630006000011234567890189,EUR,-20333.75,Supplier Payments,Audit & Co,Payment AP-51486,Posted
TX-100986,2025-02-11,FR7630006000011234567890189,EUR,114647.65,Customer Receipts,Gaia Renewables,Receipt AR-11212,Posted
TX-101899,2025-02-11,FR7630006000011234567890189,EUR,-93888.83,Supplier Payments,Steelworks Holding,Payment AP-50041,Posted
TX-102303,2025-02-11,US64SVBKUS6S3300958879,USD,-33990.79,Supplier Payments,MicroChip US Inc.,Payment AP-50525,Posted
TX-100206,2025-02-12,FR7630006000011234567890189,EUR,55773.21,Customer Receipts,Borealis Mobility,Receipt AR-10246,Posted
TX-102175,2025-02-12,GB29NWBK60161331926819,GBP,-39869.19,Supplier Payments,Voltage Components Ltd,Payment AP-50374,Posted
TX-102304,2025-02-12,US64SVBKUS6S3300958879,USD,-201440.71,Supplier Payments,MicroChip US Inc.,Payment AP-50526,Posted
TX-102305,2025-02-12,US64SVBKUS6S3300958879,USD,-64632.51,Supplier Payments,MicroChip US Inc.,Payment AP-50527,Posted
TX-101447,2025-02-13,FR7630006000011234567890189,EUR,74138.67,Customer Receipts,Janus Defence,Receipt AR-11797,Posted
TX-102944,2025-02-13,FR7630006000011234567890189,EUR,-5323.19,Supplier Payments,Global Insurance Co,Payment AP-51303,Posted
TX-102177,2025-02-13,GB29NWBK60161331926819,GBP,-76283.24,Supplier Payments,Voltage Components Ltd,Payment AP-50376,Posted
TX-101747,2025-02-13,FR7630006000011234567890189,EUR,49607.86,Customer Receipts,Luma Construction,Receipt AR-12178,Posted
TX-102563,2025-02-14,FR7630006000011234567890189,EUR,-8855.84,Supplier Payments,EnerGrid,Payment AP-50842,Posted
TX-102430,2025-02-14,FR7630006000011234567890189,EUR,-4851.39,Supplier Payments,Logistica Express,Payment AP-50680,Posted
TX-100057,2025-02-14,FR7630006000011234567890189,EUR,58280.45,Customer Receipts,Atlas Energy Group,Receipt AR-10057,Posted
TX-101454,2025-02-14,FR7630006000011234567890189,EUR,36337.93,Customer Receipts,Janus Defence,Receipt AR-11804,Posted
TX-101301,2025-02-15,FR7630006000011234567890189,EUR,34183.82,Customer Receipts,Indus Logistics,Receipt AR-11616,Posted
TX-100696,2025-02-15,FR7630006000011234567890189,EUR,46496.65,Customer Receipts,Eos Pharma,Receipt AR-10844,Posted
TX-101596,2025-02-15,FR7630006000011234567890189,EUR,43196.92,Customer Receipts,Kepler Robotics,Receipt AR-11985,Posted
TX-102566,2025-02-15,FR7630006000011234567890189,EUR,-7771.28,Supplier Payments,EnerGrid,Payment AP-50845,Posted
TX-100060,2025-02-15,FR7630006000011234567890189,EUR,74295.8,Customer Receipts,Atlas Energy Group,Receipt AR-10060,Posted
TX-100202,2025-02-15,FR7630006000011234567890189,EUR,40721.19,Customer Receipts,Borealis Mobility,Receipt AR-10242,Posted
TX-100530,2025-02-15,US64SVBKUS6S3300958879,USD,133516.71,Customer Receipts,Delphi Aerospace,Receipt AR-10643,Posted
TX-700062,2025-02-15,FR7630006000011234567890189,EUR,-125000.0,Debt Service,Bond Trustee,Senior notes coupon + amortization,Posted
TX-101140,2025-02-16,FR7630006000011234567890189,EUR,208253.13,Customer Receipts,Helios Public Transit,Receipt AR-11404,Posted
TX-100055,2025-02-16,FR7630006000011234567890189,EUR,25412.16,Customer Receipts,Atlas Energy Group,Receipt AR-10055,Posted
TX-100691,2025-02-16,FR7630006000011234567890189,EUR,18551.04,Customer Receipts,Eos Pharma,Receipt AR-10839,Posted
TX-101304,2025-02-16,FR7630006000011234567890189,EUR,29161.22,Customer Receipts,Indus Logistics,Receipt AR-11619,Posted
TX-102948,2025-02-17,FR7630006000011234567890189,EUR,-11720.26,Supplier Payments,Global Insurance Co,Payment AP-51307,Posted
TX-101608,2025-02-17,FR7630006000011234567890189,EUR,5676.66,Customer Receipts,Kepler Robotics,Receipt AR-11997,Posted
TX-100694,2025-02-17,FR7630006000011234567890189,EUR,581.97,Customer Receipts,Eos Pharma,Receipt AR-10842,Posted
TX-102300,2025-02-17,US64SVBKUS6S3300958879,USD,-31868.74,Supplier Payments,MicroChip US Inc.,Payment AP-50522,Posted
TX-101453,2025-02-17,FR7630006000011234567890189,EUR,173291.3,Customer Receipts,Janus Defence,Receipt AR-11803,Posted
TX-101448,2025-02-17,FR7630006000011234567890189,EUR,123199.44,Customer Receipts,Janus Defence,Receipt AR-11798,Posted
TX-101300,2025-02-18,FR7630006000011234567890189,EUR,23867.21,Customer Receipts,Indus Logistics,Receipt AR-11615,Posted
TX-102306,2025-02-18,US64SVBKUS6S3300958879,USD,-64844.86,Supplier Payments,MicroChip US Inc.,Payment AP-50528,Posted
TX-102302,2025-02-18,US64SVBKUS6S3300958879,USD,-26707.79,Supplier Payments,MicroChip US Inc.,Payment AP-50524,Posted
TX-100695,2025-02-18,FR7630006000011234567890189,EUR,18873.52,Customer Receipts,Eos Pharma,Receipt AR-10843,Posted
TX-100209,2025-02-18,FR7630006000011234567890189,EUR,31468.77,Customer Receipts,Borealis Mobility,Receipt AR-10249,Posted
TX-100836,2025-02-18,FR7630006000011234567890189,EUR,175622.05,Customer Receipts,Forge Manufacturing,Receipt AR-11022,Posted
TX-100838,2025-02-18,FR7630006000011234567890189,EUR,51792.73,Customer Receipts,Forge Manufacturing,Receipt AR-11024,Posted
TX-102426,2025-02-18,FR7630006000011234567890189,EUR,-29743.85,Supplier Payments,Logistica Express,Payment AP-50676,Posted
TX-103089,2025-02-18,FR7630006000011234567890189,EUR,-14655.02,Supplier Payments,Audit & Co,Payment AP-51491,Posted
TX-102055,2025-02-19,FR7630006000011234567890189,EUR,-22572.87,Supplier Payments,Polymer Industries,Payment AP-50226,Posted
TX-100203,2025-02-19,FR7630006000011234567890189,EUR,15492.6,Customer Receipts,Borealis Mobility,Receipt AR-10243,Posted
TX-102949,2025-02-20,FR7630006000011234567890189,EUR,-5932.73,Supplier Payments,Global Insurance Co,Payment AP-51308,Posted
TX-700054,2025-02-20,FR7630006000011234567890366,EUR,-334786.49,VAT,DGFiP,VAT 2025-01,Posted
TX-101757,2025-02-20,FR7630006000011234567890189,EUR,8397.04,Customer Receipts,Luma Construction,Receipt AR-12188,Posted
TX-101607,2025-02-20,FR7630006000011234567890189,EUR,39849.12,Customer Receipts,Kepler Robotics,Receipt AR-11996,Posted
TX-102301,2025-02-20,US64SVBKUS6S3300958879,USD,-10863.46,Supplier Payments,MicroChip US Inc.,Payment AP-50523,Posted
TX-102050,2025-02-20,FR7630006000011234567890189,EUR,-40814.59,Supplier Payments,Polymer Industries,Payment AP-50221,Posted
TX-102806,2025-02-20,FR7630006000011234567890189,EUR,-21310.66,Supplier Payments,Atelier Maintenance,Payment AP-51130,Posted
TX-100056,2025-02-20,FR7630006000011234567890189,EUR,38671.29,Customer Receipts,Atlas Energy Group,Receipt AR-10056,Posted
TX-100995,2025-02-20,FR7630006000011234567890189,EUR,14299.32,Customer Receipts,Gaia Renewables,Receipt AR-11221,Posted
TX-100996,2025-02-21,FR7630006000011234567890189,EUR,52917.52,Customer Receipts,Gaia Renewables,Receipt AR-11222,Posted
TX-102561,2025-02-21,FR7630006000011234567890189,EUR,-32271.56,Supplier Payments,EnerGrid,Payment AP-50840,Posted
TX-102809,2025-02-21,FR7630006000011234567890189,EUR,-14912.12,Supplier Payments,Atelier Maintenance,Payment AP-51133,Posted
TX-101451,2025-02-21,FR7630006000011234567890189,EUR,114697.84,Customer Receipts,Janus Defence,Receipt AR-11801,Posted
TX-102052,2025-02-21,FR7630006000011234567890189,EUR,-29365.52,Supplier Payments,Polymer Industries,Payment AP-50223,Posted
TX-102808,2025-02-21,FR7630006000011234567890189,EUR,-6996.17,Supplier Payments,Atelier Maintenance,Payment AP-51132,Posted
TX-100839,2025-02-21,FR7630006000011234567890189,EUR,35718.41,Customer Receipts,Forge Manufacturing,Receipt AR-11025,Posted
TX-101450,2025-02-21,FR7630006000011234567890189,EUR,43271.06,Customer Receipts,Janus Defence,Receipt AR-11800,Posted
TX-100208,2025-02-21,FR7630006000011234567890189,EUR,46088.41,Customer Receipts,Borealis Mobility,Receipt AR-10248,Posted
TX-102946,2025-02-21,FR7630006000011234567890189,EUR,-4147.34,Supplier Payments,Global Insurance Co,Payment AP-51305,Posted
TX-100992,2025-02-21,FR7630006000011234567890189,EUR,72518.41,Customer Receipts,Gaia Renewables,Receipt AR-11218,Posted
TX-102690,2025-02-22,FR7630006000011234567890189,EUR,-22148.82,Supplier Payments,CloudOps SAS,Payment AP-50985,Posted
TX-102428,2025-02-22,FR7630006000011234567890189,EUR,-11002.35,Supplier Payments,Logistica Express,Payment AP-50678,Posted
TX-102804,2025-02-22,FR7630006000011234567890189,EUR,-13329.89,Supplier Payments,Atelier Maintenance,Payment AP-51128,Posted
TX-102299,2025-02-22,US64SVBKUS6S3300958879,USD,-54966.14,Supplier Payments,MicroChip US Inc.,Payment AP-50521,Posted
TX-101452,2025-02-23,FR7630006000011234567890189,EUR,117873.05,Customer Receipts,Janus Defence,Receipt AR-11802,Posted
TX-101749,2025-02-23,FR7630006000011234567890189,EUR,15969.39,Customer Receipts,Luma Construction,Receipt AR-12180,Posted
TX-102565,2025-02-23,FR7630006000011234567890189,EUR,-11597.86,Supplier Payments,EnerGrid,Payment AP-50844,Posted
TX-101753,2025-02-23,FR7630006000011234567890189,EUR,50355.43,Customer Receipts,Luma Construction,Receipt AR-12184,Posted
TX-102567,2025-02-23,FR7630006000011234567890189,EUR,-23265.96,Supplier Payments,EnerGrid,Payment AP-50846,Posted
TX-102947,2025-02-24,FR7630006000011234567890189,EUR,-5303.57,Supplier Payments,Global Insurance Co,Payment AP-51306,Posted
TX-101759,2025-02-24,FR7630006000011234567890189,EUR,16059.33,Customer Receipts,Luma Construction,Receipt AR-12190,Posted
TX-102179,2025-02-24,GB29NWBK60161331926819,GBP,-29998.16,Supplier Payments,Voltage Components Ltd,Payment AP-50378,Posted
TX-100690,2025-02-24,FR7630006000011234567890189,EUR,34663.08,Customer Receipts,Eos Pharma,Receipt AR-10838,Posted
TX-100370,2025-02-25,GB29NWBK60161331926819,GBP,87596.49,Customer Receipts,Caledonia Rail,Receipt AR-10450,Posted
TX-100207,2025-02-25,FR7630006000011234567890189,EUR,39375.39,Customer Receipts,Borealis Mobility,Receipt AR-10247,Posted
TX-101603,2025-02-25,FR7630006000011234567890189,EUR,8875.51,Customer Receipts,Kepler Robotics,Receipt AR-11992,Posted
TX-100204,2025-02-26,FR7630006000011234567890189,EUR,124472.05,Customer Receipts,Borealis Mobility,Receipt AR-10244,Posted
TX-100372,2025-02-26,GB29NWBK60161331926819,GBP,142767.02,Customer Receipts,Caledonia Rail,Receipt AR-10452,Posted
TX-102805,2025-02-26,FR7630006000011234567890189,EUR,-5606.34,Supplier Payments,Atelier Maintenance,Payment AP-51129,Posted
TX-100692,2025-02-26,FR7630006000011234567890189,EUR,21877.94,Customer Receipts,Eos Pharma,Receipt AR-10840,Posted
TX-100840,2025-02-26,FR7630006000011234567890189,EUR,71435.15,Customer Receipts,Forge Manufacturing,Receipt AR-11026,Posted
TX-101139,2025-02-26,FR7630006000011234567890189,EUR,62401.01,Customer Receipts,Helios Public Transit,Receipt AR-11403,Posted
TX-102054,2025-02-27,FR7630006000011234567890189,EUR,-78385.18,Supplier Payments,Polymer Industries,Payment AP-50225,Posted
TX-101305,2025-02-27,FR7630006000011234567890189,EUR,19898.42,Customer Receipts,Indus Logistics,Receipt AR-11620,Posted
TX-100528,2025-02-27,US64SVBKUS6S3300958879,USD,360701.93,Customer Receipts,Delphi Aerospace,Receipt AR-10641,Posted
TX-100054,2025-02-28,FR7630006000011234567890189,EUR,215074.09,Customer Receipts,Atlas Energy Group,Receipt AR-10054,Posted
TX-700063,2025-02-28,FR7630006000011234567890189,EUR,-5974.8,Bank Fees,BNP Paribas,Banking fees 2025-02,Posted
TX-700058,2025-02-28,FR7630006000011234567890245,EUR,-1916600.0,Payroll,Employees,Monthly payroll 2025-02,Posted
TX-700067,2025-03-01,FR7630006000011234567890189,EUR,-185000.0,Rent,SCI Helios Properties,Office & plant rent 2025-03,Posted
TX-101755,2025-03-01,FR7630006000011234567890189,EUR,21980.54,Customer Receipts,Luma Construction,Receipt AR-12186,Posted
TX-102433,2025-03-01,FR7630006000011234567890189,EUR,-18315.42,Supplier Payments,Logistica Express,Payment AP-50683,Posted
TX-101138,2025-03-01,FR7630006000011234567890189,EUR,70588.56,Customer Receipts,Helios Public Transit,Receipt AR-11402,Posted
TX-100058,2025-03-01,FR7630006000011234567890189,EUR,153756.01,Customer Receipts,Atlas Energy Group,Receipt AR-10058,Posted
TX-102562,2025-03-01,FR7630006000011234567890189,EUR,-10687.51,Supplier Payments,EnerGrid,Payment AP-50841,Posted
TX-102425,2025-03-01,FR7630006000011234567890189,EUR,-40104.06,Supplier Payments,Logistica Express,Payment AP-50675,Posted
TX-101756,2025-03-02,FR7630006000011234567890189,EUR,18797.92,Customer Receipts,Luma Construction,Receipt AR-12187,Posted
TX-102178,2025-03-02,GB29NWBK60161331926819,GBP,-28425.72,Supplier Payments,Voltage Components Ltd,Payment AP-50377,Posted
TX-101142,2025-03-02,FR7630006000011234567890189,EUR,198572.29,Customer Receipts,Helios Public Transit,Receipt AR-11406,Posted
TX-102807,2025-03-02,FR7630006000011234567890189,EUR,-18655.94,Supplier Payments,Atelier Maintenance,Payment AP-51131,Posted
TX-103090,2025-03-02,FR7630006000011234567890189,EUR,-6199.86,Supplier Payments,Audit & Co,Payment AP-51492,Posted
TX-100529,2025-03-02,US64SVBKUS6S3300958879,USD,87808.92,Customer Receipts,Delphi Aerospace,Receipt AR-10642,Posted
TX-102435,2025-03-03,FR7630006000011234567890189,EUR,-9789.86,Supplier Payments,Logistica Express,Payment AP-50685,Posted
TX-102048,2025-03-03,FR7630006000011234567890189,EUR,-44241.75,Supplier Payments,Polymer Industries,Payment AP-50219,Posted
TX-102693,2025-03-03,FR7630006000011234567890189,EUR,-12075.23,Supplier Payments,CloudOps SAS,Payment AP-50988,Posted
TX-101144,2025-03-03,FR7630006000011234567890189,EUR,288260.36,Customer Receipts,Helios Public Transit,Receipt AR-11408,Posted
TX-102688,2025-03-04,FR7630006000011234567890189,EUR,-12041.78,Supplier Payments,CloudOps SAS,Payment AP-50983,Posted
TX-102053,2025-03-04,FR7630006000011234567890189,EUR,-66461.94,Supplier Payments,Polymer Industries,Payment AP-50224,Posted
TX-103087,2025-03-04,FR7630006000011234567890189,EUR,-10804.25,Supplier Payments,Audit & Co,Payment AP-51489,Posted
TX-102307,2025-03-04,US64SVBKUS6S3300958879,USD,-40043.3,Supplier Payments,MicroChip US Inc.,Payment AP-50529,Posted
TX-101466,2025-03-04,FR7630006000011234567890189,EUR,63592.47,Customer Receipts,Janus Defence,Receipt AR-11816,Posted
TX-102951,2025-03-04,FR7630006000011234567890189,EUR,-2176.06,Supplier Payments,Global Insurance Co,Payment AP-51310,Posted
TX-100699,2025-03-05,FR7630006000011234567890189,EUR,18586.14,Customer Receipts,Eos Pharma,Receipt AR-10847,Posted
TX-700059,2025-03-05,FR7630006000011234567890366,EUR,-804972.0,Social Charges,URSSAF,Social charges 2025-02,Posted
TX-101463,2025-03-05,FR7630006000011234567890189,EUR,130416.29,Customer Receipts,Janus Defence,Receipt AR-11813,Posted
TX-101310,2025-03-06,FR7630006000011234567890189,EUR,29275.81,Customer Receipts,Indus Logistics,Receipt AR-11625,Posted
TX-101307,2025-03-06,FR7630006000011234567890189,EUR,28776.16,Customer Receipts,Indus Logistics,Receipt AR-11622,Posted
TX-100527,2025-03-06,US64SVBKUS6S3300958879,USD,133119.62,Customer Receipts,Delphi Aerospace,Receipt AR-10640,Posted
TX-101606,2025-03-06,FR7630006000011234567890189,EUR,28387.19,Customer Receipts,Kepler Robotics,Receipt AR-11995,Posted
TX-100993,2025-03-06,FR7630006000011234567890189,EUR,54196.28,Customer Receipts,Gaia Renewables,Receipt AR-11219,Posted
TX-102695,2025-03-06,FR7630006000011234567890189,EUR,-10749.1,Supplier Payments,CloudOps SAS,Payment AP-50990,Posted
TX-100059,2025-03-07,FR7630006000011234567890189,EUR,106809.85,Customer Receipts,Atlas Energy Group,Receipt AR-10059,Posted
TX-101904,2025-03-07,FR7630006000011234567890189,EUR,-238746.78,Supplier Payments,Steelworks Holding,Payment AP-50046,Posted
TX-101611,2025-03-07,FR7630006000011234567890189,EUR,23706.62,Customer Receipts,Kepler Robotics,Receipt AR-12000,Posted
TX-101903,2025-03-07,FR7630006000011234567890189,EUR,-222720.76,Supplier Payments,Steelworks Holding,Payment AP-50045,Posted
TX-100053,2025-03-07,FR7630006000011234567890189,EUR,161572.29,Customer Receipts,Atlas Energy Group,Receipt AR-10053,Posted
TX-102568,2025-03-08,FR7630006000011234567890189,EUR,-49872.81,Supplier Payments,EnerGrid,Payment AP-50847,Posted
TX-100375,2025-03-08,GB29NWBK60161331926819,GBP,33809.34,Customer Receipts,Caledonia Rail,Receipt AR-10455,Posted
TX-100842,2025-03-08,FR7630006000011234567890189,EUR,87829.74,Customer Receipts,Forge Manufacturing,Receipt AR-11028,Posted
TX-102049,2025-03-08,FR7630006000011234567890189,EUR,-50155.02,Supplier Payments,Polymer Industries,Payment AP-50220,Posted
TX-102051,2025-03-08,FR7630006000011234567890189,EUR,-26683.11,Supplier Payments,Polymer Industries,Payment AP-50222,Posted
TX-101605,2025-03-08,FR7630006000011234567890189,EUR,80974.52,Customer Receipts,Kepler Robotics,Receipt AR-11994,Posted
TX-100526,2025-03-09,US64SVBKUS6S3300958879,USD,203553.54,Customer Receipts,Delphi Aerospace,Receipt AR-10639,Posted
TX-101609,2025-03-09,FR7630006000011234567890189,EUR,13173.67,Customer Receipts,Kepler Robotics,Receipt AR-11998,Posted
TX-100991,2025-03-09,FR7630006000011234567890189,EUR,14210.91,Customer Receipts,Gaia Renewables,Receipt AR-11217,Posted
TX-100377,2025-03-09,GB29NWBK60161331926819,GBP,83409.63,Customer Receipts,Caledonia Rail,Receipt AR-10457,Posted
TX-100994,2025-03-09,FR7630006000011234567890189,EUR,70477.86,Customer Receipts,Gaia Renewables,Receipt AR-11220,Posted
TX-100702,2025-03-09,FR7630006000011234567890189,EUR,77930.27,Customer Receipts,Eos Pharma,Receipt AR-10850,Posted
TX-100380,2025-03-10,GB29NWBK60161331926819,GBP,37385.89,Customer Receipts,Caledonia Rail,Receipt AR-10460,Posted
TX-102953,2025-03-10,FR7630006000011234567890189,EUR,-7893.31,Supplier Payments,Global Insurance Co,Payment AP-51312,Posted
TX-101905,2025-03-10,FR7630006000011234567890189,EUR,-218136.62,Supplier Payments,Steelworks Holding,Payment AP-50047,Posted
TX-102312,2025-03-10,US64SVBKUS6S3300958879,USD,-65232.68,Supplier Payments,MicroChip US Inc.,Payment AP-50534,Posted
TX-900014,2025-03-10,FR7630006000011234567890189,EUR,-16827.37,FX Hedging,HSBC FX Desk,FX forward premium,Posted
TX-101461,2025-03-10,FR7630006000011234567890189,EUR,22941.6,Customer Receipts,Janus Defence,Receipt AR-11811,Posted
TX-100525,2025-03-10,US64SVBKUS6S3300958879,USD,43284.27,Customer Receipts,Delphi Aerospace,Receipt AR-10638,Posted
TX-103086,2025-03-10,FR7630006000011234567890189,EUR,-2774.3,Supplier Payments,Audit & Co,Payment AP-51488,Posted
TX-100990,2025-03-11,FR7630006000011234567890189,EUR,24605.87,Customer Receipts,Gaia Renewables,Receipt AR-11216,Posted
TX-102311,2025-03-11,US64SVBKUS6S3300958879,USD,-192684.1,Supplier Payments,MicroChip US Inc.,Payment AP-50533,Posted
TX-100532,2025-03-11,US64SVBKUS6S3300958879,USD,124381.14,Customer Receipts,Delphi Aerospace,Receipt AR-10645,Posted
TX-102310,2025-03-12,US64SVBKUS6S3300958879,USD,-80802.27,Supplier Payments,MicroChip US Inc.,Payment AP-50532,Posted
TX-101760,2025-03-12,FR7630006000011234567890189,EUR,18629.04,Customer Receipts,Luma Construction,Receipt AR-12191,Posted
TX-100698,2025-03-12,FR7630006000011234567890189,EUR,90246.36,Customer Receipts,Eos Pharma,Receipt AR-10846,Posted
TX-700071,2025-03-12,FR7630006000011234567890189,EUR,-589840.05,Capex,Various Equipment Vendors,Plant capex,Posted
TX-102955,2025-03-12,FR7630006000011234567890189,EUR,-5263.6,Supplier Payments,Global Insurance Co,Payment AP-51314,Posted
TX-102803,2025-03-13,FR7630006000011234567890189,EUR,-8858.87,Supplier Payments,Atelier Maintenance,Payment AP-51127,Posted
TX-101604,2025-03-14,FR7630006000011234567890189,EUR,15051.07,Customer Receipts,Kepler Robotics,Receipt AR-11993,Posted
TX-100379,2025-03-14,GB29NWBK60161331926819,GBP,45973.0,Customer Receipts,Caledonia Rail,Receipt AR-10459,Posted
TX-102694,2025-03-14,FR7630006000011234567890189,EUR,-4325.0,Supplier Payments,CloudOps SAS,Payment AP-50989,Posted
TX-103088,2025-03-14,FR7630006000011234567890189,EUR,-10873.51,Supplier Payments,Audit & Co,Payment AP-51490,Posted
TX-102180,2025-03-14,GB29NWBK60161331926819,GBP,-38744.72,Supplier Payments,Voltage Components Ltd,Payment AP-50379,Posted
TX-102181,2025-03-14,GB29NWBK60161331926819,GBP,-7866.2,Supplier Payments,Voltage Components Ltd,Payment AP-50380,Posted
TX-102437,2025-03-15,FR7630006000011234567890189,EUR,-8187.53,Supplier Payments,Logistica Express,Payment AP-50687,Posted
TX-101306,2025-03-15,FR7630006000011234567890189,EUR,61494.41,Customer Receipts,Indus Logistics,Receipt AR-11621,Posted
TX-700068,2025-03-15,FR7630006000011234567890189,EUR,-125000.0,Debt Service,Bond Trustee,Senior notes coupon + amortization,Posted
TX-101311,2025-03-15,FR7630006000011234567890189,EUR,31990.59,Customer Receipts,Indus Logistics,Receipt AR-11626,Posted
TX-700070,2025-03-15,FR7630006000011234567890366,EUR,-672963.05,Corporate Tax,DGFiP,IS quarterly instalment 2025-03,Posted
TX-101754,2025-03-16,FR7630006000011234567890189,EUR,4309.91,Customer Receipts,Luma Construction,Receipt AR-12185,Posted
TX-100697,2025-03-16,FR7630006000011234567890189,EUR,11363.06,Customer Receipts,Eos Pharma,Receipt AR-10845,Posted
TX-100533,2025-03-16,US64SVBKUS6S3300958879,USD,117566.96,Customer Receipts,Delphi Aerospace,Receipt AR-10646,Posted
TX-102436,2025-03-16,FR7630006000011234567890189,EUR,-30043.83,Supplier Payments,Logistica Express,Payment AP-50686,Posted
TX-101457,2025-03-17,FR7630006000011234567890189,EUR,48390.38,Customer Receipts,Janus Defence,Receipt AR-11807,Posted
TX-101610,2025-03-17,FR7630006000011234567890189,EUR,68580.16,Customer Receipts,Kepler Robotics,Receipt AR-11999,Posted
TX-101308,2025-03-17,FR7630006000011234567890189,EUR,73757.64,Customer Receipts,Indus Logistics,Receipt AR-11623,Posted
TX-102813,2025-03-17,FR7630006000011234567890189,EUR,-4410.54,Supplier Payments,Atelier Maintenance,Payment AP-51137,Posted
TX-102432,2025-03-17,FR7630006000011234567890189,EUR,-22920.52,Supplier Payments,Logistica Express,Payment AP-50682,Posted
TX-102952,2025-03-17,FR7630006000011234567890189,EUR,-5797.65,Supplier Payments,Global Insurance Co,Payment AP-51311,Posted
TX-100534,2025-03-17,US64SVBKUS6S3300958879,USD,115920.65,Customer Receipts,Delphi Aerospace,Receipt AR-10647,Posted
TX-100378,2025-03-18,GB29NWBK60161331926819,GBP,44577.21,Customer Receipts,Caledonia Rail,Receipt AR-10458,Posted
TX-102057,2025-03-18,FR7630006000011234567890189,EUR,-63955.97,Supplier Payments,Polymer Industries,Payment AP-50228,Posted
TX-101141,2025-03-18,FR7630006000011234567890189,EUR,149163.69,Customer Receipts,Helios Public Transit,Receipt AR-11405,Posted
TX-102434,2025-03-18,FR7630006000011234567890189,EUR,-28876.95,Supplier Payments,Logistica Express,Payment AP-50684,Posted
TX-102309,2025-03-19,US64SVBKUS6S3300958879,USD,-88565.78,Supplier Payments,MicroChip US Inc.,Payment AP-50531,Posted
TX-101458,2025-03-19,FR7630006000011234567890189,EUR,63421.26,Customer Receipts,Janus Defence,Receipt AR-11808,Posted
TX-102182,2025-03-19,GB29NWBK60161331926819,GBP,-58976.18,Supplier Payments,Voltage Components Ltd,Payment AP-50381,Posted
TX-101464,2025-03-20,FR7630006000011234567890189,EUR,91679.43,Customer Receipts,Janus Defence,Receipt AR-11814,Posted
TX-100374,2025-03-20,GB29NWBK60161331926819,GBP,64283.96,Customer Receipts,Caledonia Rail,Receipt AR-10454,Posted
TX-700060,2025-03-20,FR7630006000011234567890366,EUR,-348930.76,VAT,DGFiP,VAT 2025-02,Posted
TX-101761,2025-03-20,FR7630006000011234567890189,EUR,10203.7,Customer Receipts,Luma Construction,Receipt AR-12192,Posted
TX-102438,2025-03-21,FR7630006000011234567890189,EUR,-40359.9,Supplier Payments,Logistica Express,Payment AP-50688,Posted
TX-101762,2025-03-21,FR7630006000011234567890189,EUR,15382.37,Customer Receipts,Luma Construction,Receipt AR-12193,Posted
TX-101758,2025-03-21,FR7630006000011234567890189,EUR,36748.99,Customer Receipts,Luma Construction,Receipt AR-12189,Posted
TX-100844,2025-03-21,FR7630006000011234567890189,EUR,69277.45,Customer Receipts,Forge Manufacturing,Receipt AR-11030,Posted
TX-100062,2025-03-21,FR7630006000011234567890189,EUR,388463.24,Customer Receipts,Atlas Energy Group,Receipt AR-10062,Posted
TX-100376,2025-03-21,GB29NWBK60161331926819,GBP,16754.18,Customer Receipts,Caledonia Rail,Receipt AR-10456,Posted
TX-102571,2025-03-22,FR7630006000011234567890189,EUR,-32429.93,Supplier Payments,EnerGrid,Payment AP-50850,Posted
TX-101309,2025-03-22,FR7630006000011234567890189,EUR,7700.6,Customer Receipts,Indus Logistics,Receipt AR-11624,Posted
TX-101909,2025-03-22,FR7630006000011234567890189,EUR,-182551.22,Supplier Payments,Steelworks Holding,Payment AP-50051,Posted
TX-100846,2025-03-22,FR7630006000011234567890189,EUR,16986.94,Customer Receipts,Forge Manufacturing,Receipt AR-11032,Posted
TX-102957,2025-03-22,FR7630006000011234567890189,EUR,-5630.19,Supplier Payments,Global Insurance Co,Payment AP-51316,Posted
TX-103091,2025-03-23,FR7630006000011234567890189,EUR,-11727.11,Supplier Payments,Audit & Co,Payment AP-51493,Posted
TX-102570,2025-03-23,FR7630006000011234567890189,EUR,-19319.89,Supplier Payments,EnerGrid,Payment AP-50849,Posted
TX-102183,2025-03-23,GB29NWBK60161331926819,GBP,-81688.97,Supplier Payments,Voltage Components Ltd,Payment AP-50382,Posted
TX-101459,2025-03-23,FR7630006000011234567890189,EUR,50632.61,Customer Receipts,Janus Defence,Receipt AR-11809,Posted
TX-100217,2025-03-23,FR7630006000011234567890189,EUR,25233.68,Customer Receipts,Borealis Mobility,Receipt AR-10257,Posted
TX-102056,2025-03-23,FR7630006000011234567890189,EUR,-160692.97,Supplier Payments,Polymer Industries,Payment AP-50227,Posted
TX-100700,2025-03-23,FR7630006000011234567890189,EUR,54456.87,Customer Receipts,Eos Pharma,Receipt AR-10848,Posted
TX-103093,2025-03-23,FR7630006000011234567890189,EUR,-6023.43,Supplier Payments,Audit & Co,Payment AP-51495,Posted
TX-102308,2025-03-25,US64SVBKUS6S3300958879,USD,-33745.98,Supplier Payments,MicroChip US Inc.,Payment AP-50530,Posted
TX-100535,2025-03-25,US64SVBKUS6S3300958879,USD,54972.26,Customer Receipts,Delphi Aerospace,Receipt AR-10648,Posted
TX-102569,2025-03-25,FR7630006000011234567890189,EUR,-9533.85,Supplier Payments,EnerGrid,Payment AP-50848,Posted
TX-101765,2025-03-25,FR7630006000011234567890189,EUR,131768.14,Customer Receipts,Luma Construction,Receipt AR-12196,Posted
TX-100066,2025-03-25,FR7630006000011234567890189,EUR,139426.19,Customer Receipts,Atlas Energy Group,Receipt AR-10066,Posted
TX-100211,2025-03-25,FR7630006000011234567890189,EUR,94148.82,Customer Receipts,Borealis Mobility,Receipt AR-10251,Posted
TX-101462,2025-03-26,FR7630006000011234567890189,EUR,36593.43,Customer Receipts,Janus Defence,Receipt AR-11812,Posted
TX-101908,2025-03-26,FR7630006000011234567890189,EUR,-124672.55,Supplier Payments,Steelworks Holding,Payment AP-50050,Posted
TX-102956,2025-03-26,FR7630006000011234567890189,EUR,-5197.28,Supplier Payments,Global Insurance Co,Payment AP-51315,Posted
TX-102184,2025-03-26,GB29NWBK60161331926819,GBP,-9905.87,Supplier Payments,Voltage Components Ltd,Payment AP-50383,Posted
TX-100999,2025-03-26,FR7630006000011234567890189,EUR,157197.33,Customer Receipts,Gaia Renewables,Receipt AR-11225,Posted
TX-102692,2025-03-26,FR7630006000011234567890189,EUR,-42444.29,Supplier Payments,CloudOps SAS,Payment AP-50987,Posted
TX-100847,2025-03-27,FR7630006000011234567890189,EUR,83415.51,Customer Receipts,Forge Manufacturing,Receipt AR-11033,Posted
TX-102954,2025-03-27,FR7630006000011234567890189,EUR,-3909.91,Supplier Payments,Global Insurance Co,Payment AP-51313,Posted
TX-100701,2025-03-27,FR7630006000011234567890189,EUR,9536.92,Customer Receipts,Eos Pharma,Receipt AR-10849,Posted
TX-101465,2025-03-28,FR7630006000011234567890189,EUR,70528.64,Customer Receipts,Janus Defence,Receipt AR-11815,Posted
TX-900013,2025-03-28,FR7630006000011234567899001,EUR,16250.0,Interest Income,BNP Paribas,Term deposit interest,Posted
TX-101912,2025-03-28,FR7630006000011234567890189,EUR,-84437.9,Supplier Payments,Steelworks Holding,Payment AP-50054,Posted
TX-100215,2025-03-29,FR7630006000011234567890189,EUR,66087.82,Customer Receipts,Borealis Mobility,Receipt AR-10255,Posted
TX-102431,2025-03-29,FR7630006000011234567890189,EUR,-991.38,Supplier Payments,Logistica Express,Payment AP-50681,Posted
TX-101000,2025-03-29,FR7630006000011234567890189,EUR,40283.38,Customer Receipts,Gaia Renewables,Receipt AR-11226,Posted
TX-103094,2025-03-29,FR7630006000011234567890189,EUR,-3018.16,Supplier Payments,Audit & Co,Payment AP-51496,Posted
TX-101460,2025-03-30,FR7630006000011234567890189,EUR,85111.11,Customer Receipts,Janus Defence,Receipt AR-11810,Posted
TX-100213,2025-03-30,FR7630006000011234567890189,EUR,61713.0,Customer Receipts,Borealis Mobility,Receipt AR-10253,Posted
TX-100845,2025-03-30,FR7630006000011234567890189,EUR,114842.95,Customer Receipts,Forge Manufacturing,Receipt AR-11031,Posted
TX-100531,2025-03-30,US64SVBKUS6S3300958879,USD,572728.74,Customer Receipts,Delphi Aerospace,Receipt AR-10644,Posted
TX-100373,2025-03-30,GB29NWBK60161331926819,GBP,3883.34,Customer Receipts,Caledonia Rail,Receipt AR-10453,Posted
TX-101911,2025-03-31,FR7630006000011234567890189,EUR,-67921.33,Supplier Payments,Steelworks Holding,Payment AP-50053,Posted
TX-101145,2025-03-31,FR7630006000011234567890189,EUR,105518.85,Customer Receipts,Helios Public Transit,Receipt AR-11409,Posted
TX-700064,2025-03-31,FR7630006000011234567890245,EUR,-1924000.0,Payroll,Employees,Monthly payroll 2025-03,Posted
TX-700069,2025-03-31,FR7630006000011234567890189,EUR,-4644.62,Bank Fees,BNP Paribas,Banking fees 2025-03,Posted
TX-101612,2025-04-01,FR7630006000011234567890189,EUR,61693.0,Customer Receipts,Kepler Robotics,Receipt AR-12001,Posted
TX-700075,2025-04-01,FR7630006000011234567890189,EUR,-185000.0,Rent,SCI Helios Properties,Office & plant rent 2025-04,Posted
TX-102810,2025-04-02,FR7630006000011234567890189,EUR,-14517.29,Supplier Payments,Atelier Maintenance,Payment AP-51134,Posted
TX-100998,2025-04-02,FR7630006000011234567890189,EUR,12652.22,Customer Receipts,Gaia Renewables,Receipt AR-11224,Posted
TX-102812,2025-04-02,FR7630006000011234567890189,EUR,-20643.03,Supplier Payments,Atelier Maintenance,Payment AP-51136,Posted
TX-101469,2025-04-02,FR7630006000011234567890189,EUR,83141.85,Customer Receipts,Janus Defence,Receipt AR-11819,Posted
TX-101907,2025-04-03,FR7630006000011234567890189,EUR,-50309.76,Supplier Payments,Steelworks Holding,Payment AP-50049,Posted
TX-101150,2025-04-03,FR7630006000011234567890189,EUR,98555.96,Customer Receipts,Helios Public Transit,Receipt AR-11414,Posted
TX-100212,2025-04-03,FR7630006000011234567890189,EUR,34005.97,Customer Receipts,Borealis Mobility,Receipt AR-10252,Posted
TX-101906,2025-04-03,FR7630006000011234567890189,EUR,-15555.83,Supplier Payments,Steelworks Holding,Payment AP-50048,Posted
TX-102699,2025-04-03,FR7630006000011234567890189,EUR,-5419.71,Supplier Payments,CloudOps SAS,Payment AP-50994,Posted
TX-100061,2025-04-03,FR7630006000011234567890189,EUR,50884.69,Customer Receipts,Atlas Energy Group,Receipt AR-10061,Posted
TX-100843,2025-04-03,FR7630006000011234567890189,EUR,139341.55,Customer Receipts,Forge Manufacturing,Receipt AR-11029,Posted
TX-100381,2025-04-03,GB29NWBK60161331926819,GBP,51768.35,Customer Receipts,Caledonia Rail,Receipt AR-10461,Posted
TX-100221,2025-04-03,FR7630006000011234567890189,EUR,92811.55,Customer Receipts,Borealis Mobility,Receipt AR-10261,Posted
TX-102573,2025-04-04,FR7630006000011234567890189,EUR,-30476.08,Supplier Payments,EnerGrid,Payment AP-50852,Posted
TX-101143,2025-04-04,FR7630006000011234567890189,EUR,223768.93,Customer Receipts,Helios Public Transit,Receipt AR-11407,Posted
TX-100214,2025-04-04,FR7630006000011234567890189,EUR,78294.36,Customer Receipts,Borealis Mobility,Receipt AR-10254,Posted
TX-100705,2025-04-04,FR7630006000011234567890189,EUR,35307.19,Customer Receipts,Eos Pharma,Receipt AR-10853,Posted
TX-700065,2025-04-05,FR7630006000011234567890366,EUR,-808080.0,Social Charges,URSSAF,Social charges 2025-03,Posted
TX-102575,2025-04-05,FR7630006000011234567890189,EUR,-19235.7,Supplier Payments,EnerGrid,Payment AP-50854,Posted
TX-102440,2025-04-05,FR7630006000011234567890189,EUR,-27494.1,Supplier Payments,Logistica Express,Payment AP-50690,Posted
TX-100216,2025-04-05,FR7630006000011234567890189,EUR,35390.69,Customer Receipts,Borealis Mobility,Receipt AR-10256,Posted
TX-102572,2025-04-06,FR7630006000011234567890189,EUR,-18745.96,Supplier Payments,EnerGrid,Payment AP-50851,Posted
TX-101616,2025-04-06,FR7630006000011234567890189,EUR,59932.07,Customer Receipts,Kepler Robotics,Receipt AR-12005,Posted
TX-102814,2025-04-06,FR7630006000011234567890189,EUR,-19667.19,Supplier Payments,Atelier Maintenance,Payment AP-51138,Posted
TX-100997,2025-04-06,FR7630006000011234567890189,EUR,86569.11,Customer Receipts,Gaia Renewables,Receipt AR-11223,Posted
TX-102314,2025-04-07,US64SVBKUS6S3300958879,USD,-116930.2,Supplier Payments,MicroChip US Inc.,Payment AP-50536,Posted
TX-100064,2025-04-08,FR7630006000011234567890189,EUR,34352.06,Customer Receipts,Atlas Energy Group,Receipt AR-10064,Posted
TX-101314,2025-04-08,FR7630006000011234567890189,EUR,60852.97,Customer Receipts,Indus Logistics,Receipt AR-11629,Posted
TX-103096,2025-04-08,FR7630006000011234567890189,EUR,-8170.24,Supplier Payments,Audit & Co,Payment AP-51498,Posted
TX-101474,2025-04-09,FR7630006000011234567890189,EUR,60719.88,Customer Receipts,Janus Defence,Receipt AR-11824,Posted
TX-100710,2025-04-09,FR7630006000011234567890189,EUR,37297.54,Customer Receipts,Eos Pharma,Receipt AR-10858,Posted
TX-100065,2025-04-09,FR7630006000011234567890189,EUR,124253.99,Customer Receipts,Atlas Energy Group,Receipt AR-10065,Posted
TX-101001,2025-04-09,FR7630006000011234567890189,EUR,13958.25,Customer Receipts,Gaia Renewables,Receipt AR-11227,Posted
TX-101766,2025-04-09,FR7630006000011234567890189,EUR,52316.26,Customer Receipts,Luma Construction,Receipt AR-12197,Posted
TX-102439,2025-04-09,FR7630006000011234567890189,EUR,-93046.11,Supplier Payments,Logistica Express,Payment AP-50689,Posted
TX-102319,2025-04-09,US64SVBKUS6S3300958879,USD,-103415.08,Supplier Payments,MicroChip US Inc.,Payment AP-50541,Posted
TX-102060,2025-04-09,FR7630006000011234567890189,EUR,-59170.41,Supplier Payments,Polymer Industries,Payment AP-50231,Posted
TX-103095,2025-04-09,FR7630006000011234567890189,EUR,-2780.27,Supplier Payments,Audit & Co,Payment AP-51497,Posted
TX-900015,2025-04-10,FR7630006000011234567890189,EUR,-12449.67,FX Hedging,HSBC FX Desk,FX forward premium,Posted
TX-101313,2025-04-10,FR7630006000011234567890189,EUR,49284.96,Customer Receipts,Indus Logistics,Receipt AR-11628,Posted
TX-100708,2025-04-10,FR7630006000011234567890189,EUR,19145.03,Customer Receipts,Eos Pharma,Receipt AR-10856,Posted
TX-102698,2025-04-10,FR7630006000011234567890189,EUR,-21266.07,Supplier Payments,CloudOps SAS,Payment AP-50993,Posted
TX-100210,2025-04-11,FR7630006000011234567890189,EUR,230529.61,Customer Receipts,Borealis Mobility,Receipt AR-10250,Posted
TX-102578,2025-04-11,FR7630006000011234567890189,EUR,-12679.8,Supplier Payments,EnerGrid,Payment AP-50857,Posted
TX-101315,2025-04-11,FR7630006000011234567890189,EUR,117948.18,Customer Receipts,Indus Logistics,Receipt AR-11630,Posted
TX-102958,2025-04-11,FR7630006000011234567890189,EUR,-10129.99,Supplier Payments,Global Insurance Co,Payment AP-51317,Posted
TX-101617,2025-04-11,FR7630006000011234567890189,EUR,7653.37,Customer Receipts,Kepler Robotics,Receipt AR-12006,Posted
TX-102315,2025-04-11,US64SVBKUS6S3300958879,USD,-8796.07,Supplier Payments,MicroChip US Inc.,Payment AP-50537,Posted
TX-102313,2025-04-11,US64SVBKUS6S3300958879,USD,-15972.09,Supplier Payments,MicroChip US Inc.,Payment AP-50535,Posted
TX-103092,2025-04-12,FR7630006000011234567890189,EUR,-2435.61,Supplier Payments,Audit & Co,Payment AP-51494,Posted
TX-101913,2025-04-12,FR7630006000011234567890189,EUR,-95999.82,Supplier Payments,Steelworks Holding,Payment AP-50055,Posted
TX-101149,2025-04-12,FR7630006000011234567890189,EUR,171169.06,Customer Receipts,Helios Public Transit,Receipt AR-11413,Posted
TX-102185,2025-04-12,GB29NWBK60161331926819,GBP,-33857.24,Supplier Payments,Voltage Components Ltd,Payment AP-50384,Posted
TX-101614,2025-04-13,FR7630006000011234567890189,EUR,90663.76,Customer Receipts,Kepler Robotics,Receipt AR-12003,Posted
TX-102811,2025-04-13,FR7630006000011234567890189,EUR,-32586.87,Supplier Payments,Atelier Maintenance,Payment AP-51135,Posted
TX-102697,2025-04-13,FR7630006000011234567890189,EUR,-19501.85,Supplier Payments,CloudOps SAS,Payment AP-50992,Posted
TX-102696,2025-04-13,FR7630006000011234567890189,EUR,-2803.12,Supplier Payments,CloudOps SAS,Payment AP-50991,Posted
TX-100384,2025-04-14,GB29NWBK60161331926819,GBP,116142.22,Customer Receipts,Caledonia Rail,Receipt AR-10464,Posted
TX-100219,2025-04-14,FR7630006000011234567890189,EUR,19920.35,Customer Receipts,Borealis Mobility,Receipt AR-10259,Posted
TX-102059,2025-04-14,FR7630006000011234567890189,EUR,-67946.36,Supplier Payments,Polymer Industries,Payment AP-50230,Posted
TX-100063,2025-04-14,FR7630006000011234567890189,EUR,116935.6,Customer Receipts,Atlas Energy Group,Receipt AR-10063,Posted
TX-101470,2025-04-15,FR7630006000011234567890189,EUR,70573.04,Customer Receipts,Janus Defence,Receipt AR-11820,Posted
TX-103098,2025-04-15,FR7630006000011234567890189,EUR,-6414.25,Supplier Payments,Audit & Co,Payment AP-51500,Posted
TX-103099,2025-04-15,FR7630006000011234567890189,EUR,-8954.74,Supplier Payments,Audit & Co,Payment AP-51501,Posted
TX-700076,2025-04-15,FR7630006000011234567890189,EUR,-125000.0,Debt Service,Bond Trustee,Senior notes coupon + amortization,Posted
TX-101618,2025-04-15,FR7630006000011234567890189,EUR,14263.29,Customer Receipts,Kepler Robotics,Receipt AR-12007,Posted
TX-101613,2025-04-16,FR7630006000011234567890189,EUR,28297.0,Customer Receipts,Kepler Robotics,Receipt AR-12002,Posted
TX-102318,2025-04-16,US64SVBKUS6S3300958879,USD,-97786.63,Supplier Payments,MicroChip US Inc.,Payment AP-50540,Posted
TX-103097,2025-04-16,FR7630006000011234567890189,EUR,-12240.94,Supplier Payments,Audit & Co,Payment AP-51499,Posted
TX-101910,2025-04-16,FR7630006000011234567890189,EUR,-74487.85,Supplier Payments,Steelworks Holding,Payment AP-50052,Posted
TX-102317,2025-04-16,US64SVBKUS6S3300958879,USD,-39813.93,Supplier Payments,MicroChip US Inc.,Payment AP-50539,Posted
TX-101615,2025-04-17,FR7630006000011234567890189,EUR,28741.52,Customer Receipts,Kepler Robotics,Receipt AR-12004,Posted
TX-102441,2025-04-17,FR7630006000011234567890189,EUR,-44820.83,Supplier Payments,Logistica Express,Payment AP-50691,Posted
TX-100223,2025-04-17,FR7630006000011234567890189,EUR,37224.28,Customer Receipts,Borealis Mobility,Receipt AR-10263,Posted
TX-102576,2025-04-17,FR7630006000011234567890189,EUR,-13048.33,Supplier Payments,EnerGrid,Payment AP-50855,Posted
TX-101767,2025-04-17,FR7630006000011234567890189,EUR,13092.94,Customer Receipts,Luma Construction,Receipt AR-12198,Posted
TX-100707,2025-04-17,FR7630006000011234567890189,EUR,2400.83,Customer Receipts,Eos Pharma,Receipt AR-10855,Posted
TX-100218,2025-04-18,FR7630006000011234567890189,EUR,67615.02,Customer Receipts,Borealis Mobility,Receipt AR-10258,Posted
TX-101764,2025-04-18,FR7630006000011234567890189,EUR,8810.33,Customer Receipts,Luma Construction,Receipt AR-12195,Posted
TX-102058,2025-04-19,FR7630006000011234567890189,EUR,-15533.98,Supplier Payments,Polymer Industries,Payment AP-50229,Posted
TX-102577,2025-04-19,FR7630006000011234567890189,EUR,-14297.82,Supplier Payments,EnerGrid,Payment AP-50856,Posted
TX-102817,2025-04-19,FR7630006000011234567890189,EUR,-58365.46,Supplier Payments,Atelier Maintenance,Payment AP-51141,Posted
TX-101003,2025-04-19,FR7630006000011234567890189,EUR,23427.22,Customer Receipts,Gaia Renewables,Receipt AR-11229,Posted
TX-100382,2025-04-19,GB29NWBK60161331926819,GBP,74724.64,Customer Receipts,Caledonia Rail,Receipt AR-10462,Posted
TX-101146,2025-04-19,FR7630006000011234567890189,EUR,148599.79,Customer Receipts,Helios Public Transit,Receipt AR-11410,Posted
TX-700066,2025-04-20,FR7630006000011234567890366,EUR,-357506.67,VAT,DGFiP,VAT 2025-03,Posted
TX-102960,2025-04-20,FR7630006000011234567890189,EUR,-9362.63,Supplier Payments,Global Insurance Co,Payment AP-51319,Posted
TX-100709,2025-04-20,FR7630006000011234567890189,EUR,55553.04,Customer Receipts,Eos Pharma,Receipt AR-10857,Posted
TX-102574,2025-04-20,FR7630006000011234567890189,EUR,-6767.94,Supplier Payments,EnerGrid,Payment AP-50853,Posted
TX-101473,2025-04-20,FR7630006000011234567890189,EUR,73088.63,Customer Receipts,Janus Defence,Receipt AR-11823,Posted
TX-101471,2025-04-20,FR7630006000011234567890189,EUR,43611.91,Customer Receipts,Janus Defence,Receipt AR-11821,Posted
TX-101467,2025-04-20,FR7630006000011234567890189,EUR,40209.85,Customer Receipts,Janus Defence,Receipt AR-11817,Posted
TX-100067,2025-04-20,FR7630006000011234567890189,EUR,96872.8,Customer Receipts,Atlas Energy Group,Receipt AR-10067,Posted
TX-101769,2025-04-21,FR7630006000011234567890189,EUR,16868.63,Customer Receipts,Luma Construction,Receipt AR-12200,Posted
TX-102067,2025-04-22,FR7630006000011234567890189,EUR,-46483.59,Supplier Payments,Polymer Industries,Payment AP-50238,Posted
TX-100226,2025-04-22,FR7630006000011234567890189,EUR,185203.89,Customer Receipts,Borealis Mobility,Receipt AR-10266,Posted
TX-100848,2025-04-22,FR7630006000011234567890189,EUR,56919.1,Customer Receipts,Forge Manufacturing,Receipt AR-11034,Posted
TX-102063,2025-04-22,FR7630006000011234567890189,EUR,-74857.51,Supplier Payments,Polymer Industries,Payment AP-50234,Posted
TX-101147,2025-04-23,FR7630006000011234567890189,EUR,72901.12,Customer Receipts,Helios Public Transit,Receipt AR-11411,Posted
TX-102702,2025-04-23,FR7630006000011234567890189,EUR,-4128.43,Supplier Payments,CloudOps SAS,Payment AP-50997,Posted
TX-100383,2025-04-23,GB29NWBK60161331926819,GBP,99762.85,Customer Receipts,Caledonia Rail,Receipt AR-10463,Posted
TX-100541,2025-04-23,US64SVBKUS6S3300958879,USD,50686.4,Customer Receipts,Delphi Aerospace,Receipt AR-10654,Posted
TX-101623,2025-04-24,FR7630006000011234567890189,EUR,34372.02,Customer Receipts,Kepler Robotics,Receipt AR-12012,Posted
TX-100704,2025-04-24,FR7630006000011234567890189,EUR,44632.39,Customer Receipts,Eos Pharma,Receipt AR-10852,Posted
TX-102701,2025-04-24,FR7630006000011234567890189,EUR,-12557.54,Supplier Payments,CloudOps SAS,Payment AP-50996,Posted
TX-100225,2025-04-24,FR7630006000011234567890189,EUR,32624.54,Customer Receipts,Borealis Mobility,Receipt AR-10265,Posted
TX-102187,2025-04-24,GB29NWBK60161331926819,GBP,-94888.06,Supplier Payments,Voltage Components Ltd,Payment AP-50386,Posted
TX-100849,2025-04-24,FR7630006000011234567890189,EUR,150307.72,Customer Receipts,Forge Manufacturing,Receipt AR-11035,Posted
TX-101151,2025-04-24,FR7630006000011234567890189,EUR,234747.58,Customer Receipts,Helios Public Transit,Receipt AR-11415,Posted
TX-103100,2025-04-25,FR7630006000011234567890189,EUR,-12082.03,Supplier Payments,Audit & Co,Payment AP-51502,Posted
TX-100537,2025-04-25,US64SVBKUS6S3300958879,USD,179097.26,Customer Receipts,Delphi Aerospace,Receipt AR-10650,Posted
TX-101918,2025-04-25,FR7630006000011234567890189,EUR,-98102.06,Supplier Payments,Steelworks Holding,Payment AP-50060,Posted
TX-102815,2025-04-25,FR7630006000011234567890189,EUR,-29587.61,Supplier Payments,Atelier Maintenance,Payment AP-51139,Posted
TX-101763,2025-04-26,FR7630006000011234567890189,EUR,9865.97,Customer Receipts,Luma Construction,Receipt AR-12194,Posted
TX-102959,2025-04-26,FR7630006000011234567890189,EUR,-17237.35,Supplier Payments,Global Insurance Co,Payment AP-51318,Posted
TX-101772,2025-04-26,FR7630006000011234567890189,EUR,6622.12,Customer Receipts,Luma Construction,Receipt AR-12203,Posted
TX-101774,2025-04-26,FR7630006000011234567890189,EUR,9087.88,Customer Receipts,Luma Construction,Receipt AR-12205,Posted
TX-102700,2025-04-26,FR7630006000011234567890189,EUR,-6480.83,Supplier Payments,CloudOps SAS,Payment AP-50995,Posted
TX-101914,2025-04-26,FR7630006000011234567890189,EUR,-134100.09,Supplier Payments,Steelworks Holding,Payment AP-50056,Posted
TX-100224,2025-04-26,FR7630006000011234567890189,EUR,66025.53,Customer Receipts,Borealis Mobility,Receipt AR-10264,Posted
TX-102316,2025-04-26,US64SVBKUS6S3300958879,USD,-92721.02,Supplier Payments,MicroChip US Inc.,Payment AP-50538,Posted
TX-102320,2025-04-27,US64SVBKUS6S3300958879,USD,-44099.29,Supplier Payments,MicroChip US Inc.,Payment AP-50542,Posted
TX-101475,2025-04-27,FR7630006000011234567890189,EUR,126806.67,Customer Receipts,Janus Defence,Receipt AR-11825,Posted
TX-101472,2025-04-27,FR7630006000011234567890189,EUR,279982.9,Customer Receipts,Janus Defence,Receipt AR-11822,Posted
TX-100706,2025-04-27,FR7630006000011234567890189,EUR,16756.36,Customer Receipts,Eos Pharma,Receipt AR-10854,Posted
TX-101916,2025-04-28,FR7630006000011234567890189,EUR,-62177.63,Supplier Payments,Steelworks Holding,Payment AP-50058,Posted
TX-102186,2025-04-28,GB29NWBK60161331926819,GBP,-75701.08,Supplier Payments,Voltage Components Ltd,Payment AP-50385,Posted
TX-900032,2025-04-28,FR7630006000011234567890366,EUR,215400.0,Tax Refund,DGFiP,CIR tax credit refund FY2024,Posted
TX-101468,2025-04-28,FR7630006000011234567890189,EUR,28241.3,Customer Receipts,Janus Defence,Receipt AR-11818,Posted
TX-100222,2025-04-28,FR7630006000011234567890189,EUR,72949.45,Customer Receipts,Borealis Mobility,Receipt AR-10262,Posted
TX-100068,2025-04-28,FR7630006000011234567890189,EUR,189115.21,Customer Receipts,Atlas Energy Group,Receipt AR-10068,Posted
TX-101619,2025-04-28,FR7630006000011234567890189,EUR,56823.28,Customer Receipts,Kepler Robotics,Receipt AR-12008,Posted
TX-100703,2025-04-29,FR7630006000011234567890189,EUR,60811.94,Customer Receipts,Eos Pharma,Receipt AR-10851,Posted
TX-101312,2025-04-29,FR7630006000011234567890189,EUR,13606.64,Customer Receipts,Indus Logistics,Receipt AR-11627,Posted
TX-100069,2025-04-30,FR7630006000011234567890189,EUR,62326.96,Customer Receipts,Atlas Energy Group,Receipt AR-10069,Posted
TX-101919,2025-04-30,FR7630006000011234567890189,EUR,-233122.62,Supplier Payments,Steelworks Holding,Payment AP-50061,Posted
TX-700077,2025-04-30,FR7630006000011234567890189,EUR,-6488.45,Bank Fees,BNP Paribas,Banking fees 2025-04,Posted
TX-700072,2025-04-30,FR7630006000011234567890245,EUR,-1931400.0,Payroll,Employees,Monthly payroll 2025-04,Posted
TX-103103,2025-04-30,FR7630006000011234567890189,EUR,-6890.34,Supplier Payments,Audit & Co,Payment AP-51505,Posted
TX-101770,2025-04-30,FR7630006000011234567890189,EUR,22991.03,Customer Receipts,Luma Construction,Receipt AR-12201,Posted
TX-101148,2025-05-01,FR7630006000011234567890189,EUR,3664.43,Customer Receipts,Helios Public Transit,Receipt AR-11412,Posted
TX-101775,2025-05-01,FR7630006000011234567890189,EUR,10493.15,Customer Receipts,Luma Construction,Receipt AR-12206,Posted
TX-700081,2025-05-01,FR7630006000011234567890189,EUR,-185000.0,Rent,SCI Helios Properties,Office & plant rent 2025-05,Posted
TX-101620,2025-05-01,FR7630006000011234567890189,EUR,46366.65,Customer Receipts,Kepler Robotics,Receipt AR-12009,Posted
TX-101006,2025-05-02,FR7630006000011234567890189,EUR,95950.16,Customer Receipts,Gaia Renewables,Receipt AR-11232,Posted
TX-102704,2025-05-03,FR7630006000011234567890189,EUR,-22114.31,Supplier Payments,CloudOps SAS,Payment AP-50999,Posted
TX-100391,2025-05-03,GB29NWBK60161331926819,GBP,17015.6,Customer Receipts,Caledonia Rail,Receipt AR-10471,Posted
TX-102066,2025-05-03,FR7630006000011234567890189,EUR,-25482.92,Supplier Payments,Polymer Industries,Payment AP-50237,Posted
TX-102321,2025-05-04,US64SVBKUS6S3300958879,USD,-100227.92,Supplier Payments,MicroChip US Inc.,Payment AP-50543,Posted
TX-100851,2025-05-04,FR7630006000011234567890189,EUR,192321.74,Customer Receipts,Forge Manufacturing,Receipt AR-11037,Posted
TX-100715,2025-05-04,FR7630006000011234567890189,EUR,121545.13,Customer Receipts,Eos Pharma,Receipt AR-10863,Posted
TX-100536,2025-05-04,US64SVBKUS6S3300958879,USD,265939.15,Customer Receipts,Delphi Aerospace,Receipt AR-10649,Posted
TX-101773,2025-05-04,FR7630006000011234567890189,EUR,3872.09,Customer Receipts,Luma Construction,Receipt AR-12204,Posted
TX-102065,2025-05-04,FR7630006000011234567890189,EUR,-115267.13,Supplier Payments,Polymer Industries,Payment AP-50236,Posted
TX-101155,2025-05-04,FR7630006000011234567890189,EUR,78952.44,Customer Receipts,Helios Public Transit,Receipt AR-11419,Posted
TX-100220,2025-05-04,FR7630006000011234567890189,EUR,66362.24,Customer Receipts,Borealis Mobility,Receipt AR-10260,Posted
TX-101480,2025-05-05,FR7630006000011234567890189,EUR,75384.0,Customer Receipts,Janus Defence,Receipt AR-11830,Posted
TX-100389,2025-05-05,GB29NWBK60161331926819,GBP,5885.9,Customer Receipts,Caledonia Rail,Receipt AR-10469,Posted
TX-102442,2025-05-05,FR7630006000011234567890189,EUR,-47117.88,Supplier Payments,Logistica Express,Payment AP-50692,Posted
TX-700073,2025-05-05,FR7630006000011234567890366,EUR,-811188.0,Social Charges,URSSAF,Social charges 2025-04,Posted
TX-102325,2025-05-05,US64SVBKUS6S3300958879,USD,-24430.9,Supplier Payments,MicroChip US Inc.,Payment AP-50547,Posted
TX-102963,2025-05-06,FR7630006000011234567890189,EUR,-5113.84,Supplier Payments,Global Insurance Co,Payment AP-51322,Posted
TX-102581,2025-05-06,FR7630006000011234567890189,EUR,-22443.91,Supplier Payments,EnerGrid,Payment AP-50860,Posted
TX-100850,2025-05-06,FR7630006000011234567890189,EUR,124690.67,Customer Receipts,Forge Manufacturing,Receipt AR-11036,Posted
TX-101476,2025-05-06,FR7630006000011234567890189,EUR,40619.26,Customer Receipts,Janus Defence,Receipt AR-11826,Posted
TX-100072,2025-05-06,FR7630006000011234567890189,EUR,176155.4,Customer Receipts,Atlas Energy Group,Receipt AR-10072,Posted
TX-102966,2025-05-06,FR7630006000011234567890189,EUR,-7640.26,Supplier Payments,Global Insurance Co,Payment AP-51325,Posted
TX-100712,2025-05-07,FR7630006000011234567890189,EUR,24565.92,Customer Receipts,Eos Pharma,Receipt AR-10860,Posted
TX-100070,2025-05-07,FR7630006000011234567890189,EUR,98843.22,Customer Receipts,Atlas Energy Group,Receipt AR-10070,Posted
TX-100539,2025-05-07,US64SVBKUS6S3300958879,USD,94869.97,Customer Receipts,Delphi Aerospace,Receipt AR-10652,Posted
TX-100390,2025-05-07,GB29NWBK60161331926819,GBP,22853.29,Customer Receipts,Caledonia Rail,Receipt AR-10470,Posted
TX-102061,2025-05-07,FR7630006000011234567890189,EUR,-24253.43,Supplier Payments,Polymer Industries,Payment AP-50232,Posted
TX-101153,2025-05-07,FR7630006000011234567890189,EUR,905.94,Customer Receipts,Helios Public Transit,Receipt AR-11417,Posted
TX-100388,2025-05-07,GB29NWBK60161331926819,GBP,73164.21,Customer Receipts,Caledonia Rail,Receipt AR-10468,Posted
TX-102190,2025-05-07,GB29NWBK60161331926819,GBP,-11360.47,Supplier Payments,Voltage Components Ltd,Payment AP-50389,Posted
TX-100711,2025-05-07,FR7630006000011234567890189,EUR,66259.17,Customer Receipts,Eos Pharma,Receipt AR-10859,Posted
TX-101622,2025-05-07,FR7630006000011234567890189,EUR,7789.65,Customer Receipts,Kepler Robotics,Receipt AR-12011,Posted
TX-101002,2025-05-08,FR7630006000011234567890189,EUR,72903.72,Customer Receipts,Gaia Renewables,Receipt AR-11228,Posted
TX-102444,2025-05-08,FR7630006000011234567890189,EUR,-7944.45,Supplier Payments,Logistica Express,Payment AP-50694,Posted
TX-100073,2025-05-08,FR7630006000011234567890189,EUR,112885.04,Customer Receipts,Atlas Energy Group,Receipt AR-10073,Posted
TX-102064,2025-05-08,FR7630006000011234567890189,EUR,-30355.03,Supplier Payments,Polymer Industries,Payment AP-50235,Posted
TX-100714,2025-05-08,FR7630006000011234567890189,EUR,10320.67,Customer Receipts,Eos Pharma,Receipt AR-10862,Posted
TX-101915,2025-05-09,FR7630006000011234567890189,EUR,-109447.39,Supplier Payments,Steelworks Holding,Payment AP-50057,Posted
TX-100538,2025-05-09,US64SVBKUS6S3300958879,USD,307686.88,Customer Receipts,Delphi Aerospace,Receipt AR-10651,Posted
TX-101157,2025-05-09,FR7630006000011234567890189,EUR,47563.41,Customer Receipts,Helios Public Transit,Receipt AR-11421,Posted
TX-100540,2025-05-09,US64SVBKUS6S3300958879,USD,124080.64,Customer Receipts,Delphi Aerospace,Receipt AR-10653,Posted
TX-102189,2025-05-09,GB29NWBK60161331926819,GBP,-141361.14,Supplier Payments,Voltage Components Ltd,Payment AP-50388,Posted
TX-102188,2025-05-10,GB29NWBK60161331926819,GBP,-61183.62,Supplier Payments,Voltage Components Ltd,Payment AP-50387,Posted
TX-101004,2025-05-10,FR7630006000011234567890189,EUR,66984.29,Customer Receipts,Gaia Renewables,Receipt AR-11230,Posted
TX-100856,2025-05-10,FR7630006000011234567890189,EUR,89068.22,Customer Receipts,Forge Manufacturing,Receipt AR-11042,Posted
TX-102445,2025-05-10,FR7630006000011234567890189,EUR,-15309.81,Supplier Payments,Logistica Express,Payment AP-50695,Posted
TX-900016,2025-05-10,FR7630006000011234567890189,EUR,-13076.6,FX Hedging,HSBC FX Desk,FX forward premium,Posted
TX-100852,2025-05-10,FR7630006000011234567890189,EUR,61427.2,Customer Receipts,Forge Manufacturing,Receipt AR-11038,Posted
TX-102062,2025-05-10,FR7630006000011234567890189,EUR,-64131.87,Supplier Payments,Polymer Industries,Payment AP-50233,Posted
TX-102326,2025-05-11,US64SVBKUS6S3300958879,USD,-206767.84,Supplier Payments,MicroChip US Inc.,Payment AP-50548,Posted
TX-103101,2025-05-11,FR7630006000011234567890189,EUR,-5649.85,Supplier Payments,Audit & Co,Payment AP-51503,Posted
TX-101621,2025-05-11,FR7630006000011234567890189,EUR,156764.33,Customer Receipts,Kepler Robotics,Receipt AR-12010,Posted
TX-103102,2025-05-11,FR7630006000011234567890189,EUR,-8113.82,Supplier Payments,Audit & Co,Payment AP-51504,Posted
TX-101771,2025-05-12,FR7630006000011234567890189,EUR,17524.98,Customer Receipts,Luma Construction,Receipt AR-12202,Posted
TX-102446,2025-05-12,FR7630006000011234567890189,EUR,-27960.63,Supplier Payments,Logistica Express,Payment AP-50696,Posted
TX-102961,2025-05-12,FR7630006000011234567890189,EUR,-3153.12,Supplier Payments,Global Insurance Co,Payment AP-51320,Posted
TX-101479,2025-05-13,FR7630006000011234567890189,EUR,184027.1,Customer Receipts,Janus Defence,Receipt AR-11829,Posted
TX-101011,2025-05-13,FR7630006000011234567890189,EUR,57811.82,Customer Receipts,Gaia Renewables,Receipt AR-11237,Posted
TX-102816,2025-05-13,FR7630006000011234567890189,EUR,-7254.81,Supplier Payments,Atelier Maintenance,Payment AP-51140,Posted
TX-101318,2025-05-13,FR7630006000011234567890189,EUR,44031.12,Customer Receipts,Indus Logistics,Receipt AR-11633,Posted
TX-100548,2025-05-13,US64SVBKUS6S3300958879,USD,88308.63,Customer Receipts,Delphi Aerospace,Receipt AR-10661,Posted
TX-101005,2025-05-14,FR7630006000011234567890189,EUR,62991.61,Customer Receipts,Gaia Renewables,Receipt AR-11231,Posted
TX-101154,2025-05-14,FR7630006000011234567890189,EUR,77638.27,Customer Receipts,Helios Public Transit,Receipt AR-11418,Posted
TX-700082,2025-05-15,FR7630006000011234567890189,EUR,-125000.0,Debt Service,Bond Trustee,Senior notes coupon + amortization,Posted
TX-100230,2025-05-15,FR7630006000011234567890189,EUR,71932.44,Customer Receipts,Borealis Mobility,Receipt AR-10270,Posted
TX-100547,2025-05-16,US64SVBKUS6S3300958879,USD,93947.48,Customer Receipts,Delphi Aerospace,Receipt AR-10660,Posted
TX-101152,2025-05-16,FR7630006000011234567890189,EUR,183756.72,Customer Receipts,Helios Public Transit,Receipt AR-11416,Posted
TX-100386,2025-05-16,GB29NWBK60161331926819,GBP,44449.7,Customer Receipts,Caledonia Rail,Receipt AR-10466,Posted
TX-101917,2025-05-17,FR7630006000011234567890189,EUR,-84625.65,Supplier Payments,Steelworks Holding,Payment AP-50059,Posted
TX-101158,2025-05-17,FR7630006000011234567890189,EUR,87512.61,Customer Receipts,Helios Public Transit,Receipt AR-11422,Posted
TX-100713,2025-05-17,FR7630006000011234567890189,EUR,61926.35,Customer Receipts,Eos Pharma,Receipt AR-10861,Posted
TX-102818,2025-05-17,FR7630006000011234567890189,EUR,-46466.57,Supplier Payments,Atelier Maintenance,Payment AP-51142,Posted
TX-101768,2025-05-18,FR7630006000011234567890189,EUR,17023.27,Customer Receipts,Luma Construction,Receipt AR-12199,Posted
TX-102705,2025-05-18,FR7630006000011234567890189,EUR,-37817.8,Supplier Payments,CloudOps SAS,Payment AP-51000,Posted
TX-102323,2025-05-18,US64SVBKUS6S3300958879,USD,-79980.48,Supplier Payments,MicroChip US Inc.,Payment AP-50545,Posted
TX-102703,2025-05-18,FR7630006000011234567890189,EUR,-15563.86,Supplier Payments,CloudOps SAS,Payment AP-50998,Posted
TX-100227,2025-05-18,FR7630006000011234567890189,EUR,99531.08,Customer Receipts,Borealis Mobility,Receipt AR-10267,Posted
TX-101321,2025-05-19,FR7630006000011234567890189,EUR,53299.14,Customer Receipts,Indus Logistics,Receipt AR-11636,Posted
TX-100853,2025-05-19,FR7630006000011234567890189,EUR,43974.23,Customer Receipts,Forge Manufacturing,Receipt AR-11039,Posted
TX-101159,2025-05-19,FR7630006000011234567890189,EUR,35255.74,Customer Receipts,Helios Public Transit,Receipt AR-11423,Posted
TX-700084,2025-05-19,FR7630006000011234567890189,EUR,-226862.18,Capex,Various Equipment Vendors,Plant capex,Posted
TX-100229,2025-05-19,FR7630006000011234567890189,EUR,94766.71,Customer Receipts,Borealis Mobility,Receipt AR-10269,Posted
TX-100387,2025-05-19,GB29NWBK60161331926819,GBP,144521.02,Customer Receipts,Caledonia Rail,Receipt AR-10467,Posted
TX-100542,2025-05-19,US64SVBKUS6S3300958879,USD,94457.3,Customer Receipts,Delphi Aerospace,Receipt AR-10655,Posted
TX-102965,2025-05-20,FR7630006000011234567890189,EUR,-9426.7,Supplier Payments,Global Insurance Co,Payment AP-51324,Posted
TX-100077,2025-05-20,FR7630006000011234567890189,EUR,456255.19,Customer Receipts,Atlas Energy Group,Receipt AR-10077,Posted
TX-100076,2025-05-20,FR7630006000011234567890189,EUR,212727.71,Customer Receipts,Atlas Energy Group,Receipt AR-10076,Posted
TX-102322,2025-05-20,US64SVBKUS6S3300958879,USD,-105806.04,Supplier Payments,MicroChip US Inc.,Payment AP-50544,Posted
TX-102324,2025-05-20,US64SVBKUS6S3300958879,USD,-26357.76,Supplier Payments,MicroChip US Inc.,Payment AP-50546,Posted
TX-700074,2025-05-20,FR7630006000011234567890366,EUR,-363724.78,VAT,DGFiP,VAT 2025-04,Posted
TX-100071,2025-05-20,FR7630006000011234567890189,EUR,150008.09,Customer Receipts,Atlas Energy Group,Receipt AR-10071,Posted
TX-101628,2025-05-21,FR7630006000011234567890189,EUR,39663.59,Customer Receipts,Kepler Robotics,Receipt AR-12017,Posted
TX-100228,2025-05-21,FR7630006000011234567890189,EUR,145765.94,Customer Receipts,Borealis Mobility,Receipt AR-10268,Posted
TX-103107,2025-05-21,FR7630006000011234567890189,EUR,-10874.35,Supplier Payments,Audit & Co,Payment AP-51509,Posted
TX-101160,2025-05-21,FR7630006000011234567890189,EUR,21170.14,Customer Receipts,Helios Public Transit,Receipt AR-11424,Posted
TX-101477,2025-05-21,FR7630006000011234567890189,EUR,183794.0,Customer Receipts,Janus Defence,Receipt AR-11827,Posted
TX-101316,2025-05-22,FR7630006000011234567890189,EUR,19297.85,Customer Receipts,Indus Logistics,Receipt AR-11631,Posted
TX-102822,2025-05-22,FR7630006000011234567890189,EUR,-16040.7,Supplier Payments,Atelier Maintenance,Payment AP-51146,Posted
TX-101156,2025-05-23,FR7630006000011234567890189,EUR,127702.31,Customer Receipts,Helios Public Transit,Receipt AR-11420,Posted
TX-103104,2025-05-23,FR7630006000011234567890189,EUR,-5193.75,Supplier Payments,Audit & Co,Payment AP-51506,Posted
TX-102072,2025-05-23,FR7630006000011234567890189,EUR,-74922.34,Supplier Payments,Polymer Industries,Payment AP-50243,Posted
TX-101478,2025-05-23,FR7630006000011234567890189,EUR,94306.14,Customer Receipts,Janus Defence,Receipt AR-11828,Posted
TX-102448,2025-05-24,FR7630006000011234567890189,EUR,-24478.13,Supplier Payments,Logistica Express,Payment AP-50698,Posted
TX-100231,2025-05-24,FR7630006000011234567890189,EUR,80904.52,Customer Receipts,Borealis Mobility,Receipt AR-10271,Posted
TX-100074,2025-05-24,FR7630006000011234567890189,EUR,8939.85,Customer Receipts,Atlas Energy Group,Receipt AR-10074,Posted
TX-101626,2025-05-24,FR7630006000011234567890189,EUR,79088.5,Customer Receipts,Kepler Robotics,Receipt AR-12015,Posted
TX-101920,2025-05-25,FR7630006000011234567890189,EUR,-46698.22,Supplier Payments,Steelworks Holding,Payment AP-50062,Posted
TX-102443,2025-05-25,FR7630006000011234567890189,EUR,-26818.95,Supplier Payments,Logistica Express,Payment AP-50693,Posted
TX-101013,2025-05-25,FR7630006000011234567890189,EUR,81081.23,Customer Receipts,Gaia Renewables,Receipt AR-11239,Posted
TX-101319,2025-05-25,FR7630006000011234567890189,EUR,87618.03,Customer Receipts,Indus Logistics,Receipt AR-11634,Posted
TX-101781,2025-05-26,FR7630006000011234567890189,EUR,9305.32,Customer Receipts,Luma Construction,Receipt AR-12212,Posted
TX-100544,2025-05-26,US64SVBKUS6S3300958879,USD,172543.06,Customer Receipts,Delphi Aerospace,Receipt AR-10657,Posted
TX-101924,2025-05-26,FR7630006000011234567890189,EUR,-101837.9,Supplier Payments,Steelworks Holding,Payment AP-50066,Posted
TX-102823,2025-05-26,FR7630006000011234567890189,EUR,-3552.4,Supplier Payments,Atelier Maintenance,Payment AP-51147,Posted
TX-100543,2025-05-27,US64SVBKUS6S3300958879,USD,108301.12,Customer Receipts,Delphi Aerospace,Receipt AR-10656,Posted
TX-100385,2025-05-27,GB29NWBK60161331926819,GBP,22519.43,Customer Receipts,Caledonia Rail,Receipt AR-10465,Posted
TX-103106,2025-05-27,FR7630006000011234567890189,EUR,-21155.94,Supplier Payments,Audit & Co,Payment AP-51508,Posted
TX-101627,2025-05-27,FR7630006000011234567890189,EUR,60502.31,Customer Receipts,Kepler Robotics,Receipt AR-12016,Posted
TX-100854,2025-05-27,FR7630006000011234567890189,EUR,172826.13,Customer Receipts,Forge Manufacturing,Receipt AR-11040,Posted
TX-101320,2025-05-27,FR7630006000011234567890189,EUR,24790.13,Customer Receipts,Indus Logistics,Receipt AR-11635,Posted
TX-101317,2025-05-28,FR7630006000011234567890189,EUR,23956.82,Customer Receipts,Indus Logistics,Receipt AR-11632,Posted
TX-102821,2025-05-28,FR7630006000011234567890189,EUR,-13978.34,Supplier Payments,Atelier Maintenance,Payment AP-51145,Posted
TX-101779,2025-05-28,FR7630006000011234567890189,EUR,14085.42,Customer Receipts,Luma Construction,Receipt AR-12210,Posted
TX-102580,2025-05-28,FR7630006000011234567890189,EUR,-81806.89,Supplier Payments,EnerGrid,Payment AP-50859,Posted
TX-102070,2025-05-29,FR7630006000011234567890189,EUR,-42080.39,Supplier Payments,Polymer Industries,Payment AP-50241,Posted
TX-102191,2025-05-29,GB29NWBK60161331926819,GBP,-60958.91,Supplier Payments,Voltage Components Ltd,Payment AP-50390,Posted
TX-101922,2025-05-29,FR7630006000011234567890189,EUR,-117553.19,Supplier Payments,Steelworks Holding,Payment AP-50064,Posted
TX-102447,2025-05-29,FR7630006000011234567890189,EUR,-23381.74,Supplier Payments,Logistica Express,Payment AP-50697,Posted
TX-100392,2025-05-29,GB29NWBK60161331926819,GBP,27997.74,Customer Receipts,Caledonia Rail,Receipt AR-10472,Posted
TX-100546,2025-05-29,US64SVBKUS6S3300958879,USD,137313.71,Customer Receipts,Delphi Aerospace,Receipt AR-10659,Posted
TX-100075,2025-05-29,FR7630006000011234567890189,EUR,249718.58,Customer Receipts,Atlas Energy Group,Receipt AR-10075,Posted
TX-102450,2025-05-30,FR7630006000011234567890189,EUR,-57912.26,Supplier Payments,Logistica Express,Payment AP-50700,Posted
TX-102579,2025-05-30,FR7630006000011234567890189,EUR,-16333.03,Supplier Payments,EnerGrid,Payment AP-50858,Posted
TX-101783,2025-05-30,FR7630006000011234567890189,EUR,6429.17,Customer Receipts,Luma Construction,Receipt AR-12214,Posted
TX-102586,2025-05-31,FR7630006000011234567890189,EUR,-9235.58,Supplier Payments,EnerGrid,Payment AP-50865,Posted
TX-700083,2025-05-31,FR7630006000011234567890189,EUR,-3578.88,Bank Fees,BNP Paribas,Banking fees 2025-05,Posted
TX-700078,2025-05-31,FR7630006000011234567890245,EUR,-1938800.0,Payroll,Employees,Monthly payroll 2025-05,Posted
TX-102964,2025-05-31,FR7630006000011234567890189,EUR,-10322.39,Supplier Payments,Global Insurance Co,Payment AP-51323,Posted
TX-700088,2025-06-01,FR7630006000011234567890189,EUR,-185000.0,Rent,SCI Helios Properties,Office & plant rent 2025-06,Posted
TX-100718,2025-06-01,FR7630006000011234567890189,EUR,62417.77,Customer Receipts,Eos Pharma,Receipt AR-10866,Posted
TX-101007,2025-06-02,FR7630006000011234567890189,EUR,54085.46,Customer Receipts,Gaia Renewables,Receipt AR-11233,Posted
TX-102972,2025-06-02,FR7630006000011234567890189,EUR,-8563.0,Supplier Payments,Global Insurance Co,Payment AP-51331,Posted
TX-101927,2025-06-02,FR7630006000011234567890189,EUR,-45716.5,Supplier Payments,Steelworks Holding,Payment AP-50069,Posted
TX-101925,2025-06-02,FR7630006000011234567890189,EUR,-16286.11,Supplier Payments,Steelworks Holding,Payment AP-50067,Posted
TX-102962,2025-06-03,FR7630006000011234567890189,EUR,-2426.86,Supplier Payments,Global Insurance Co,Payment AP-51321,Posted
TX-101163,2025-06-03,FR7630006000011234567890189,EUR,145547.56,Customer Receipts,Helios Public Transit,Receipt AR-11427,Posted
TX-101624,2025-06-03,FR7630006000011234567890189,EUR,58748.96,Customer Receipts,Kepler Robotics,Receipt AR-12013,Posted
TX-102710,2025-06-03,FR7630006000011234567890189,EUR,-13155.49,Supplier Payments,CloudOps SAS,Payment AP-51005,Posted
TX-101776,2025-06-03,FR7630006000011234567890189,EUR,6753.16,Customer Receipts,Luma Construction,Receipt AR-12207,Posted
TX-101782,2025-06-03,FR7630006000011234567890189,EUR,15528.37,Customer Receipts,Luma Construction,Receipt AR-12213,Posted
TX-102967,2025-06-03,FR7630006000011234567890189,EUR,-1817.56,Supplier Payments,Global Insurance Co,Payment AP-51326,Posted
TX-101485,2025-06-03,FR7630006000011234567890189,EUR,45161.51,Customer Receipts,Janus Defence,Receipt AR-11835,Posted
TX-100232,2025-06-05,FR7630006000011234567890189,EUR,171754.35,Customer Receipts,Borealis Mobility,Receipt AR-10272,Posted
TX-700079,2025-06-05,FR7630006000011234567890366,EUR,-814296.0,Social Charges,URSSAF,Social charges 2025-05,Posted
TX-102585,2025-06-05,FR7630006000011234567890189,EUR,-4474.89,Supplier Payments,EnerGrid,Payment AP-50864,Posted
TX-100860,2025-06-06,FR7630006000011234567890189,EUR,116775.0,Customer Receipts,Forge Manufacturing,Receipt AR-11046,Posted
TX-102327,2025-06-06,US64SVBKUS6S3300958879,USD,-46505.13,Supplier Payments,MicroChip US Inc.,Payment AP-50549,Posted
TX-102449,2025-06-06,FR7630006000011234567890189,EUR,-24122.31,Supplier Payments,Logistica Express,Payment AP-50699,Posted
TX-101010,2025-06-06,FR7630006000011234567890189,EUR,9470.11,Customer Receipts,Gaia Renewables,Receipt AR-11236,Posted
TX-100393,2025-06-07,GB29NWBK60161331926819,GBP,25748.25,Customer Receipts,Caledonia Rail,Receipt AR-10473,Posted
TX-102071,2025-06-07,FR7630006000011234567890189,EUR,-69354.47,Supplier Payments,Polymer Industries,Payment AP-50242,Posted
TX-102587,2025-06-07,FR7630006000011234567890189,EUR,-6967.08,Supplier Payments,EnerGrid,Payment AP-50866,Posted
TX-102583,2025-06-07,FR7630006000011234567890189,EUR,-18996.46,Supplier Payments,EnerGrid,Payment AP-50862,Posted
TX-102195,2025-06-07,GB29NWBK60161331926819,GBP,-16739.93,Supplier Payments,Voltage Components Ltd,Payment AP-50394,Posted
TX-100855,2025-06-07,FR7630006000011234567890189,EUR,176512.89,Customer Receipts,Forge Manufacturing,Receipt AR-11041,Posted
TX-101625,2025-06-08,FR7630006000011234567890189,EUR,78238.0,Customer Receipts,Kepler Robotics,Receipt AR-12014,Posted
TX-101486,2025-06-08,FR7630006000011234567890189,EUR,298959.22,Customer Receipts,Janus Defence,Receipt AR-11836,Posted
TX-102709,2025-06-08,FR7630006000011234567890189,EUR,-20490.35,Supplier Payments,CloudOps SAS,Payment AP-51004,Posted
TX-101161,2025-06-08,FR7630006000011234567890189,EUR,87068.74,Customer Receipts,Helios Public Transit,Receipt AR-11425,Posted
TX-102584,2025-06-08,FR7630006000011234567890189,EUR,-11287.15,Supplier Payments,EnerGrid,Payment AP-50863,Posted
TX-103105,2025-06-08,FR7630006000011234567890189,EUR,-4913.44,Supplier Payments,Audit & Co,Payment AP-51507,Posted
TX-102196,2025-06-08,GB29NWBK60161331926819,GBP,-15544.52,Supplier Payments,Voltage Components Ltd,Payment AP-50395,Posted
TX-102588,2025-06-08,FR7630006000011234567890189,EUR,-24505.65,Supplier Payments,EnerGrid,Payment AP-50867,Posted
TX-102970,2025-06-09,FR7630006000011234567890189,EUR,-6131.12,Supplier Payments,Global Insurance Co,Payment AP-51329,Posted
TX-101777,2025-06-09,FR7630006000011234567890189,EUR,56297.38,Customer Receipts,Luma Construction,Receipt AR-12208,Posted
TX-101012,2025-06-09,FR7630006000011234567890189,EUR,21676.59,Customer Receipts,Gaia Renewables,Receipt AR-11238,Posted
TX-102328,2025-06-09,US64SVBKUS6S3300958879,USD,-283839.99,Supplier Payments,MicroChip US Inc.,Payment AP-50550,Posted
TX-101009,2025-06-09,FR7630006000011234567890189,EUR,94936.82,Customer Receipts,Gaia Renewables,Receipt AR-11235,Posted
TX-100545,2025-06-09,US64SVBKUS6S3300958879,USD,375289.47,Customer Receipts,Delphi Aerospace,Receipt AR-10658,Posted
TX-100394,2025-06-09,GB29NWBK60161331926819,GBP,112435.28,Customer Receipts,Caledonia Rail,Receipt AR-10474,Posted
TX-102819,2025-06-09,FR7630006000011234567890189,EUR,-12053.01,Supplier Payments,Atelier Maintenance,Payment AP-51143,Posted
TX-900018,2025-06-10,FR7630006000011234567890189,EUR,-12157.54,FX Hedging,HSBC FX Desk,FX forward premium,Posted
TX-101165,2025-06-10,FR7630006000011234567890189,EUR,156078.39,Customer Receipts,Helios Public Transit,Receipt AR-11429,Posted
TX-102330,2025-06-10,US64SVBKUS6S3300958879,USD,-123863.42,Supplier Payments,MicroChip US Inc.,Payment AP-50552,Posted
TX-102329,2025-06-10,US64SVBKUS6S3300958879,USD,-110722.22,Supplier Payments,MicroChip US Inc.,Payment AP-50551,Posted
TX-102452,2025-06-11,FR7630006000011234567890189,EUR,-9256.29,Supplier Payments,Logistica Express,Payment AP-50702,Posted
TX-100236,2025-06-11,FR7630006000011234567890189,EUR,49151.63,Customer Receipts,Borealis Mobility,Receipt AR-10276,Posted
TX-102068,2025-06-11,FR7630006000011234567890189,EUR,-92826.69,Supplier Payments,Polymer Industries,Payment AP-50239,Posted
TX-101483,2025-06-11,FR7630006000011234567890189,EUR,150262.0,Customer Receipts,Janus Defence,Receipt AR-11833,Posted
TX-100235,2025-06-11,FR7630006000011234567890189,EUR,205284.08,Customer Receipts,Borealis Mobility,Receipt AR-10275,Posted
TX-102706,2025-06-11,FR7630006000011234567890189,EUR,-11683.26,Supplier Payments,CloudOps SAS,Payment AP-51001,Posted
TX-102711,2025-06-11,FR7630006000011234567890189,EUR,-19444.78,Supplier Payments,CloudOps SAS,Payment AP-51006,Posted
TX-100395,2025-06-11,GB29NWBK60161331926819,GBP,38236.78,Customer Receipts,Caledonia Rail,Receipt AR-10475,Posted
TX-102198,2025-06-12,GB29NWBK60161331926819,GBP,-44411.71,Supplier Payments,Voltage Components Ltd,Payment AP-50397,Posted
TX-101016,2025-06-12,FR7630006000011234567890189,EUR,18516.62,Customer Receipts,Gaia Renewables,Receipt AR-11242,Posted
TX-102820,2025-06-12,FR7630006000011234567890189,EUR,-7521.71,Supplier Payments,Atelier Maintenance,Payment AP-51144,Posted
TX-103108,2025-06-12,FR7630006000011234567890189,EUR,-8193.16,Supplier Payments,Audit & Co,Payment AP-51510,Posted
TX-101778,2025-06-12,FR7630006000011234567890189,EUR,43266.8,Customer Receipts,Luma Construction,Receipt AR-12209,Posted
TX-100717,2025-06-12,FR7630006000011234567890189,EUR,132810.62,Customer Receipts,Eos Pharma,Receipt AR-10865,Posted
TX-102197,2025-06-13,GB29NWBK60161331926819,GBP,-12257.06,Supplier Payments,Voltage Components Ltd,Payment AP-50396,Posted
TX-100399,2025-06-13,GB29NWBK60161331926819,GBP,7912.56,Customer Receipts,Caledonia Rail,Receipt AR-10479,Posted
TX-102069,2025-06-13,FR7630006000011234567890189,EUR,-119267.03,Supplier Payments,Polymer Industries,Payment AP-50240,Posted
TX-102707,2025-06-13,FR7630006000011234567890189,EUR,-5407.08,Supplier Payments,CloudOps SAS,Payment AP-51002,Posted
TX-101020,2025-06-14,FR7630006000011234567890189,EUR,79597.67,Customer Receipts,Gaia Renewables,Receipt AR-11246,Posted
TX-102454,2025-06-14,FR7630006000011234567890189,EUR,-20834.99,Supplier Payments,Logistica Express,Payment AP-50704,Posted
TX-101921,2025-06-14,FR7630006000011234567890189,EUR,-151212.12,Supplier Payments,Steelworks Holding,Payment AP-50063,Posted
TX-700091,2025-06-15,FR7630006000011234567890366,EUR,-513026.97,Corporate Tax,DGFiP,IS quarterly instalment 2025-06,Posted
TX-700089,2025-06-15,FR7630006000011234567890189,EUR,-125000.0,Debt Service,Bond Trustee,Senior notes coupon + amortization,Posted
TX-100716,2025-06-15,FR7630006000011234567890189,EUR,79521.65,Customer Receipts,Eos Pharma,Receipt AR-10864,Posted
TX-100234,2025-06-15,FR7630006000011234567890189,EUR,110852.23,Customer Receipts,Borealis Mobility,Receipt AR-10274,Posted
TX-101780,2025-06-15,FR7630006000011234567890189,EUR,24568.68,Customer Receipts,Luma Construction,Receipt AR-12211,Posted
TX-101926,2025-06-16,FR7630006000011234567890189,EUR,-194056.0,Supplier Payments,Steelworks Holding,Payment AP-50068,Posted
TX-102971,2025-06-16,FR7630006000011234567890189,EUR,-3754.25,Supplier Payments,Global Insurance Co,Payment AP-51330,Posted
TX-101923,2025-06-16,FR7630006000011234567890189,EUR,-81599.59,Supplier Payments,Steelworks Holding,Payment AP-50065,Posted
TX-100397,2025-06-16,GB29NWBK60161331926819,GBP,56579.57,Customer Receipts,Caledonia Rail,Receipt AR-10477,Posted
TX-102453,2025-06-16,FR7630006000011234567890189,EUR,-29561.64,Supplier Payments,Logistica Express,Payment AP-50703,Posted
TX-100857,2025-06-17,FR7630006000011234567890189,EUR,225014.48,Customer Receipts,Forge Manufacturing,Receipt AR-11043,Posted
TX-101326,2025-06-17,FR7630006000011234567890189,EUR,42367.33,Customer Receipts,Indus Logistics,Receipt AR-11641,Posted
TX-100080,2025-06-17,FR7630006000011234567890189,EUR,151908.58,Customer Receipts,Atlas Energy Group,Receipt AR-10080,Posted
TX-101166,2025-06-17,FR7630006000011234567890189,EUR,19982.94,Customer Receipts,Helios Public Transit,Receipt AR-11430,Posted
TX-102075,2025-06-17,FR7630006000011234567890189,EUR,-71056.81,Supplier Payments,Polymer Industries,Payment AP-50246,Posted
TX-102192,2025-06-17,GB29NWBK60161331926819,GBP,-19298.07,Supplier Payments,Voltage Components Ltd,Payment AP-50391,Posted
TX-101327,2025-06-18,FR7630006000011234567890189,EUR,98213.6,Customer Receipts,Indus Logistics,Receipt AR-11642,Posted
TX-101324,2025-06-18,FR7630006000011234567890189,EUR,30942.79,Customer Receipts,Indus Logistics,Receipt AR-11639,Posted
TX-101322,2025-06-18,FR7630006000011234567890189,EUR,34649.65,Customer Receipts,Indus Logistics,Receipt AR-11637,Posted
TX-100083,2025-06-18,FR7630006000011234567890189,EUR,56092.65,Customer Receipts,Atlas Energy Group,Receipt AR-10083,Posted
TX-102968,2025-06-18,FR7630006000011234567890189,EUR,-8348.92,Supplier Payments,Global Insurance Co,Payment AP-51327,Posted
TX-100858,2025-06-19,FR7630006000011234567890189,EUR,62737.04,Customer Receipts,Forge Manufacturing,Receipt AR-11044,Posted
TX-100237,2025-06-19,FR7630006000011234567890189,EUR,295582.2,Customer Receipts,Borealis Mobility,Receipt AR-10277,Posted
TX-101008,2025-06-19,FR7630006000011234567890189,EUR,18262.09,Customer Receipts,Gaia Renewables,Receipt AR-11234,Posted
TX-100719,2025-06-19,FR7630006000011234567890189,EUR,21188.79,Customer Receipts,Eos Pharma,Receipt AR-10867,Posted
TX-100396,2025-06-19,GB29NWBK60161331926819,GBP,70905.81,Customer Receipts,Caledonia Rail,Receipt AR-10476,Posted
TX-102831,2025-06-19,FR7630006000011234567890189,EUR,-12442.23,Supplier Payments,Atelier Maintenance,Payment AP-51155,Posted
TX-101014,2025-06-19,FR7630006000011234567890189,EUR,62308.65,Customer Receipts,Gaia Renewables,Receipt AR-11240,Posted
TX-100554,2025-06-19,US64SVBKUS6S3300958879,USD,309868.12,Customer Receipts,Delphi Aerospace,Receipt AR-10667,Posted
TX-100555,2025-06-20,US64SVBKUS6S3300958879,USD,287368.83,Customer Receipts,Delphi Aerospace,Receipt AR-10668,Posted
TX-101785,2025-06-20,FR7630006000011234567890189,EUR,11311.53,Customer Receipts,Luma Construction,Receipt AR-12216,Posted
TX-102193,2025-06-20,GB29NWBK60161331926819,GBP,-29440.62,Supplier Payments,Voltage Components Ltd,Payment AP-50392,Posted
TX-700080,2025-06-20,FR7630006000011234567890366,EUR,-397747.29,VAT,DGFiP,VAT 2025-05,Posted
TX-103113,2025-06-21,FR7630006000011234567890189,EUR,-22007.46,Supplier Payments,Audit & Co,Payment AP-51515,Posted
TX-100398,2025-06-21,GB29NWBK60161331926819,GBP,60845.47,Customer Receipts,Caledonia Rail,Receipt AR-10478,Posted
TX-101019,2025-06-21,FR7630006000011234567890189,EUR,52953.36,Customer Receipts,Gaia Renewables,Receipt AR-11245,Posted
TX-102582,2025-06-21,FR7630006000011234567890189,EUR,-11517.03,Supplier Payments,EnerGrid,Payment AP-50861,Posted
TX-100550,2025-06-22,US64SVBKUS6S3300958879,USD,157986.17,Customer Receipts,Delphi Aerospace,Receipt AR-10663,Posted
TX-102194,2025-06-22,GB29NWBK60161331926819,GBP,-23659.9,Supplier Payments,Voltage Components Ltd,Payment AP-50393,Posted
TX-102973,2025-06-22,FR7630006000011234567890189,EUR,-1764.77,Supplier Payments,Global Insurance Co,Payment AP-51332,Posted
TX-101021,2025-06-22,FR7630006000011234567890189,EUR,19296.81,Customer Receipts,Gaia Renewables,Receipt AR-11247,Posted
TX-100084,2025-06-22,FR7630006000011234567890189,EUR,174977.92,Customer Receipts,Atlas Energy Group,Receipt AR-10084,Posted
TX-102074,2025-06-23,FR7630006000011234567890189,EUR,-90281.44,Supplier Payments,Polymer Industries,Payment AP-50245,Posted
TX-101929,2025-06-23,FR7630006000011234567890189,EUR,-300137.69,Supplier Payments,Steelworks Holding,Payment AP-50071,Posted
TX-102830,2025-06-23,FR7630006000011234567890189,EUR,-19569.74,Supplier Payments,Atelier Maintenance,Payment AP-51154,Posted
TX-101162,2025-06-23,FR7630006000011234567890189,EUR,171353.6,Customer Receipts,Helios Public Transit,Receipt AR-11426,Posted
TX-101164,2025-06-23,FR7630006000011234567890189,EUR,282468.41,Customer Receipts,Helios Public Transit,Receipt AR-11428,Posted
TX-101788,2025-06-23,FR7630006000011234567890189,EUR,53038.6,Customer Receipts,Luma Construction,Receipt AR-12219,Posted
TX-101325,2025-06-23,FR7630006000011234567890189,EUR,26799.09,Customer Receipts,Indus Logistics,Receipt AR-11640,Posted
TX-101482,2025-06-24,FR7630006000011234567890189,EUR,20307.46,Customer Receipts,Janus Defence,Receipt AR-11832,Posted
TX-100861,2025-06-25,FR7630006000011234567890189,EUR,101476.64,Customer Receipts,Forge Manufacturing,Receipt AR-11047,Posted
TX-102829,2025-06-25,FR7630006000011234567890189,EUR,-16844.17,Supplier Payments,Atelier Maintenance,Payment AP-51153,Posted
TX-101481,2025-06-25,FR7630006000011234567890189,EUR,208066.81,Customer Receipts,Janus Defence,Receipt AR-11831,Posted
TX-101484,2025-06-25,FR7630006000011234567890189,EUR,15139.51,Customer Receipts,Janus Defence,Receipt AR-11834,Posted
TX-100085,2025-06-25,FR7630006000011234567890189,EUR,79007.38,Customer Receipts,Atlas Energy Group,Receipt AR-10085,Posted
TX-101634,2025-06-26,FR7630006000011234567890189,EUR,19428.54,Customer Receipts,Kepler Robotics,Receipt AR-12023,Posted
TX-100079,2025-06-26,FR7630006000011234567890189,EUR,161520.31,Customer Receipts,Atlas Energy Group,Receipt AR-10079,Posted
TX-102969,2025-06-26,FR7630006000011234567890189,EUR,-9465.46,Supplier Payments,Global Insurance Co,Payment AP-51328,Posted
TX-100551,2025-06-26,US64SVBKUS6S3300958879,USD,107631.47,Customer Receipts,Delphi Aerospace,Receipt AR-10664,Posted
TX-100081,2025-06-26,FR7630006000011234567890189,EUR,92529.04,Customer Receipts,Atlas Energy Group,Receipt AR-10081,Posted
TX-101932,2025-06-27,FR7630006000011234567890189,EUR,-43752.36,Supplier Payments,Steelworks Holding,Payment AP-50074,Posted
TX-102589,2025-06-27,FR7630006000011234567890189,EUR,-38338.38,Supplier Payments,EnerGrid,Payment AP-50868,Posted
TX-102824,2025-06-27,FR7630006000011234567890189,EUR,-5917.6,Supplier Payments,Atelier Maintenance,Payment AP-51148,Posted
TX-102708,2025-06-28,FR7630006000011234567890189,EUR,-8281.65,Supplier Payments,CloudOps SAS,Payment AP-51003,Posted
TX-102828,2025-06-28,FR7630006000011234567890189,EUR,-6127.91,Supplier Payments,Atelier Maintenance,Payment AP-51152,Posted
TX-900017,2025-06-28,FR7630006000011234567899001,EUR,16250.0,Interest Income,BNP Paribas,Term deposit interest,Posted
TX-103109,2025-06-28,FR7630006000011234567890189,EUR,-5474.02,Supplier Payments,Audit & Co,Payment AP-51511,Posted
TX-102451,2025-06-29,FR7630006000011234567890189,EUR,-38122.64,Supplier Payments,Logistica Express,Payment AP-50701,Posted
TX-101323,2025-06-29,FR7630006000011234567890189,EUR,30084.27,Customer Receipts,Indus Logistics,Receipt AR-11638,Posted
TX-100233,2025-06-29,FR7630006000011234567890189,EUR,34860.85,Customer Receipts,Borealis Mobility,Receipt AR-10273,Posted
TX-101933,2025-06-29,FR7630006000011234567890189,EUR,-93343.86,Supplier Payments,Steelworks Holding,Payment AP-50075,Posted
TX-700090,2025-06-30,FR7630006000011234567890189,EUR,-6098.28,Bank Fees,BNP Paribas,Banking fees 2025-06,Posted
TX-102718,2025-06-30,FR7630006000011234567890189,EUR,-12335.53,Supplier Payments,CloudOps SAS,Payment AP-51013,Posted
TX-100078,2025-06-30,FR7630006000011234567890189,EUR,1215.94,Customer Receipts,Atlas Energy Group,Receipt AR-10078,Posted
TX-700085,2025-06-30,FR7630006000011234567890245,EUR,-1946200.0,Payroll,Employees,Monthly payroll 2025-06,Posted
TX-101331,2025-07-01,FR7630006000011234567890189,EUR,6580.8,Customer Receipts,Indus Logistics,Receipt AR-11646,Posted
TX-102716,2025-07-01,FR7630006000011234567890189,EUR,-3200.35,Supplier Payments,CloudOps SAS,Payment AP-51011,Posted
TX-102199,2025-07-01,GB29NWBK60161331926819,GBP,-18146.07,Supplier Payments,Voltage Components Ltd,Payment AP-50398,Posted
TX-700095,2025-07-01,FR7630006000011234567890189,EUR,-185000.0,Rent,SCI Helios Properties,Office & plant rent 2025-07,Posted
TX-102712,2025-07-01,FR7630006000011234567890189,EUR,-2981.36,Supplier Payments,CloudOps SAS,Payment AP-51007,Posted
TX-102332,2025-07-02,US64SVBKUS6S3300958879,USD,-24070.23,Supplier Payments,MicroChip US Inc.,Payment AP-50554,Posted
TX-102826,2025-07-02,FR7630006000011234567890189,EUR,-17395.27,Supplier Payments,Atelier Maintenance,Payment AP-51150,Posted
TX-101629,2025-07-02,FR7630006000011234567890189,EUR,77405.29,Customer Receipts,Kepler Robotics,Receipt AR-12018,Posted
TX-103110,2025-07-02,FR7630006000011234567890189,EUR,-6283.15,Supplier Payments,Audit & Co,Payment AP-51512,Posted
TX-101168,2025-07-02,FR7630006000011234567890189,EUR,203647.6,Customer Receipts,Helios Public Transit,Receipt AR-11432,Posted
TX-103114,2025-07-02,FR7630006000011234567890189,EUR,-4602.3,Supplier Payments,Audit & Co,Payment AP-51516,Posted
TX-102827,2025-07-03,FR7630006000011234567890189,EUR,-4386.27,Supplier Payments,Atelier Maintenance,Payment AP-51151,Posted
TX-101630,2025-07-03,FR7630006000011234567890189,EUR,27581.18,Customer Receipts,Kepler Robotics,Receipt AR-12019,Posted
TX-101175,2025-07-03,FR7630006000011234567890189,EUR,98097.75,Customer Receipts,Helios Public Transit,Receipt AR-11439,Posted
TX-101333,2025-07-03,FR7630006000011234567890189,EUR,61784.8,Customer Receipts,Indus Logistics,Receipt AR-11648,Posted
TX-102978,2025-07-04,FR7630006000011234567890189,EUR,-3667.43,Supplier Payments,Global Insurance Co,Payment AP-51337,Posted
TX-102980,2025-07-04,FR7630006000011234567890189,EUR,-8309.21,Supplier Payments,Global Insurance Co,Payment AP-51339,Posted
TX-101633,2025-07-04,FR7630006000011234567890189,EUR,81713.7,Customer Receipts,Kepler Robotics,Receipt AR-12022,Posted
TX-102590,2025-07-04,FR7630006000011234567890189,EUR,-29353.43,Supplier Payments,EnerGrid,Payment AP-50869,Posted
TX-100553,2025-07-04,US64SVBKUS6S3300958879,USD,11771.22,Customer Receipts,Delphi Aerospace,Receipt AR-10666,Posted
TX-102076,2025-07-04,FR7630006000011234567890189,EUR,-163910.05,Supplier Payments,Polymer Industries,Payment AP-50247,Posted
TX-101631,2025-07-04,FR7630006000011234567890189,EUR,19553.35,Customer Receipts,Kepler Robotics,Receipt AR-12020,Posted
TX-102713,2025-07-04,FR7630006000011234567890189,EUR,-13812.74,Supplier Payments,CloudOps SAS,Payment AP-51008,Posted
TX-101335,2025-07-04,FR7630006000011234567890189,EUR,30734.09,Customer Receipts,Indus Logistics,Receipt AR-11650,Posted
TX-101787,2025-07-05,FR7630006000011234567890189,EUR,4752.43,Customer Receipts,Luma Construction,Receipt AR-12218,Posted
TX-102335,2025-07-05,US64SVBKUS6S3300958879,USD,-256883.57,Supplier Payments,MicroChip US Inc.,Payment AP-50557,Posted
TX-101328,2025-07-05,FR7630006000011234567890189,EUR,25583.63,Customer Receipts,Indus Logistics,Receipt AR-11643,Posted
TX-700086,2025-07-05,FR7630006000011234567890366,EUR,-817404.0,Social Charges,URSSAF,Social charges 2025-06,Posted
TX-100859,2025-07-05,FR7630006000011234567890189,EUR,63231.29,Customer Receipts,Forge Manufacturing,Receipt AR-11045,Posted
TX-102077,2025-07-06,FR7630006000011234567890189,EUR,-77846.8,Supplier Payments,Polymer Industries,Payment AP-50248,Posted
TX-102457,2025-07-06,FR7630006000011234567890189,EUR,-50983.56,Supplier Payments,Logistica Express,Payment AP-50707,Posted
TX-102975,2025-07-06,FR7630006000011234567890189,EUR,-9291.72,Supplier Payments,Global Insurance Co,Payment AP-51334,Posted
TX-100082,2025-07-06,FR7630006000011234567890189,EUR,182101.39,Customer Receipts,Atlas Energy Group,Receipt AR-10082,Posted
TX-100552,2025-07-06,US64SVBKUS6S3300958879,USD,126974.13,Customer Receipts,Delphi Aerospace,Receipt AR-10665,Posted
TX-101789,2025-07-06,FR7630006000011234567890189,EUR,39022.35,Customer Receipts,Luma Construction,Receipt AR-12220,Posted
TX-101489,2025-07-06,FR7630006000011234567890189,EUR,84892.33,Customer Receipts,Janus Defence,Receipt AR-11839,Posted
TX-101635,2025-07-06,FR7630006000011234567890189,EUR,44493.43,Customer Receipts,Kepler Robotics,Receipt AR-12024,Posted
TX-102461,2025-07-07,FR7630006000011234567890189,EUR,-22296.7,Supplier Payments,Logistica Express,Payment AP-50711,Posted
TX-101491,2025-07-07,FR7630006000011234567890189,EUR,101703.09,Customer Receipts,Janus Defence,Receipt AR-11841,Posted
TX-100723,2025-07-07,FR7630006000011234567890189,EUR,42836.23,Customer Receipts,Eos Pharma,Receipt AR-10871,Posted
TX-101172,2025-07-07,FR7630006000011234567890189,EUR,41198.48,Customer Receipts,Helios Public Transit,Receipt AR-11436,Posted
TX-102714,2025-07-07,FR7630006000011234567890189,EUR,-22953.43,Supplier Payments,CloudOps SAS,Payment AP-51009,Posted
TX-103111,2025-07-07,FR7630006000011234567890189,EUR,-9029.75,Supplier Payments,Audit & Co,Payment AP-51513,Posted
TX-102073,2025-07-07,FR7630006000011234567890189,EUR,-11013.11,Supplier Payments,Polymer Industries,Payment AP-50244,Posted
TX-102974,2025-07-08,FR7630006000011234567890189,EUR,-4780.49,Supplier Payments,Global Insurance Co,Payment AP-51333,Posted
TX-101022,2025-07-08,FR7630006000011234567890189,EUR,13658.69,Customer Receipts,Gaia Renewables,Receipt AR-11248,Posted
TX-102825,2025-07-08,FR7630006000011234567890189,EUR,-20843.87,Supplier Payments,Atelier Maintenance,Payment AP-51149,Posted
TX-101930,2025-07-08,FR7630006000011234567890189,EUR,-26375.8,Supplier Payments,Steelworks Holding,Payment AP-50072,Posted
TX-101786,2025-07-08,FR7630006000011234567890189,EUR,43646.95,Customer Receipts,Luma Construction,Receipt AR-12217,Posted
TX-102591,2025-07-08,FR7630006000011234567890189,EUR,-36999.07,Supplier Payments,EnerGrid,Payment AP-50870,Posted
TX-101018,2025-07-09,FR7630006000011234567890189,EUR,18896.31,Customer Receipts,Gaia Renewables,Receipt AR-11244,Posted
TX-101632,2025-07-09,FR7630006000011234567890189,EUR,58645.42,Customer Receipts,Kepler Robotics,Receipt AR-12021,Posted
TX-102205,2025-07-09,GB29NWBK60161331926819,GBP,-23480.57,Supplier Payments,Voltage Components Ltd,Payment AP-50404,Posted
TX-100400,2025-07-09,GB29NWBK60161331926819,GBP,38192.51,Customer Receipts,Caledonia Rail,Receipt AR-10480,Posted
TX-100727,2025-07-09,FR7630006000011234567890189,EUR,7505.78,Customer Receipts,Eos Pharma,Receipt AR-10875,Posted
TX-101928,2025-07-09,FR7630006000011234567890189,EUR,-214744.71,Supplier Payments,Steelworks Holding,Payment AP-50070,Posted
TX-102593,2025-07-09,FR7630006000011234567890189,EUR,-23476.13,Supplier Payments,EnerGrid,Payment AP-50872,Posted
TX-101334,2025-07-09,FR7630006000011234567890189,EUR,29436.27,Customer Receipts,Indus Logistics,Receipt AR-11649,Posted
TX-100549,2025-07-09,US64SVBKUS6S3300958879,USD,111130.09,Customer Receipts,Delphi Aerospace,Receipt AR-10662,Posted
TX-100242,2025-07-10,FR7630006000011234567890189,EUR,97313.95,Customer Receipts,Borealis Mobility,Receipt AR-10282,Posted
TX-100557,2025-07-10,US64SVBKUS6S3300958879,USD,134860.5,Customer Receipts,Delphi Aerospace,Receipt AR-10670,Posted
TX-103112,2025-07-10,FR7630006000011234567890189,EUR,-4911.72,Supplier Payments,Audit & Co,Payment AP-51514,Posted
TX-102456,2025-07-10,FR7630006000011234567890189,EUR,-13814.01,Supplier Payments,Logistica Express,Payment AP-50706,Posted
TX-900019,2025-07-10,FR7630006000011234567890189,EUR,-12494.37,FX Hedging,HSBC FX Desk,FX forward premium,Posted
TX-102459,2025-07-10,FR7630006000011234567890189,EUR,-8994.68,Supplier Payments,Logistica Express,Payment AP-50709,Posted
TX-100869,2025-07-10,FR7630006000011234567890189,EUR,30526.04,Customer Receipts,Forge Manufacturing,Receipt AR-11055,Posted
TX-102336,2025-07-10,US64SVBKUS6S3300958879,USD,-34726.35,Supplier Payments,MicroChip US Inc.,Payment AP-50558,Posted
TX-101015,2025-07-10,FR7630006000011234567890189,EUR,21508.84,Customer Receipts,Gaia Renewables,Receipt AR-11241,Posted
TX-101017,2025-07-11,FR7630006000011234567890189,EUR,29139.37,Customer Receipts,Gaia Renewables,Receipt AR-11243,Posted
TX-101490,2025-07-11,FR7630006000011234567890189,EUR,43054.15,Customer Receipts,Janus Defence,Receipt AR-11840,Posted
TX-101494,2025-07-12,FR7630006000011234567890189,EUR,84160.97,Customer Receipts,Janus Defence,Receipt AR-11844,Posted
TX-100403,2025-07-12,GB29NWBK60161331926819,GBP,78191.16,Customer Receipts,Caledonia Rail,Receipt AR-10483,Posted
TX-102594,2025-07-12,FR7630006000011234567890189,EUR,-28369.26,Supplier Payments,EnerGrid,Payment AP-50873,Posted
TX-101784,2025-07-12,FR7630006000011234567890189,EUR,32702.26,Customer Receipts,Luma Construction,Receipt AR-12215,Posted
TX-102458,2025-07-12,FR7630006000011234567890189,EUR,-14908.49,Supplier Payments,Logistica Express,Payment AP-50708,Posted
TX-102201,2025-07-13,GB29NWBK60161331926819,GBP,-97791.58,Supplier Payments,Voltage Components Ltd,Payment AP-50400,Posted
TX-102203,2025-07-13,GB29NWBK60161331926819,GBP,-7468.53,Supplier Payments,Voltage Components Ltd,Payment AP-50402,Posted
TX-101931,2025-07-13,FR7630006000011234567890189,EUR,-106271.65,Supplier Payments,Steelworks Holding,Payment AP-50073,Posted
TX-102331,2025-07-13,US64SVBKUS6S3300958879,USD,-44490.29,Supplier Payments,MicroChip US Inc.,Payment AP-50553,Posted
TX-101332,2025-07-13,FR7630006000011234567890189,EUR,16596.79,Customer Receipts,Indus Logistics,Receipt AR-11647,Posted
TX-100867,2025-07-13,FR7630006000011234567890189,EUR,144341.3,Customer Receipts,Forge Manufacturing,Receipt AR-11053,Posted
TX-100241,2025-07-14,FR7630006000011234567890189,EUR,94387.03,Customer Receipts,Borealis Mobility,Receipt AR-10281,Posted
TX-100868,2025-07-14,FR7630006000011234567890189,EUR,48693.99,Customer Receipts,Forge Manufacturing,Receipt AR-11054,Posted
TX-102977,2025-07-14,FR7630006000011234567890189,EUR,-1608.37,Supplier Payments,Global Insurance Co,Payment AP-51336,Posted
TX-700096,2025-07-15,FR7630006000011234567890189,EUR,-125000.0,Debt Service,Bond Trustee,Senior notes coupon + amortization,Posted
TX-100863,2025-07-15,FR7630006000011234567890189,EUR,47126.06,Customer Receipts,Forge Manufacturing,Receipt AR-11049,Posted
TX-102337,2025-07-15,US64SVBKUS6S3300958879,USD,-51867.52,Supplier Payments,MicroChip US Inc.,Payment AP-50559,Posted
TX-102334,2025-07-15,US64SVBKUS6S3300958879,USD,-10976.39,Supplier Payments,MicroChip US Inc.,Payment AP-50556,Posted
TX-101023,2025-07-15,FR7630006000011234567890189,EUR,34865.99,Customer Receipts,Gaia Renewables,Receipt AR-11249,Posted
TX-100402,2025-07-15,GB29NWBK60161331926819,GBP,42840.67,Customer Receipts,Caledonia Rail,Receipt AR-10482,Posted
TX-101492,2025-07-15,FR7630006000011234567890189,EUR,120456.39,Customer Receipts,Janus Defence,Receipt AR-11842,Posted
TX-101798,2025-07-15,FR7630006000011234567890189,EUR,8090.02,Customer Receipts,Luma Construction,Receipt AR-12229,Posted
TX-100561,2025-07-16,US64SVBKUS6S3300958879,USD,36581.41,Customer Receipts,Delphi Aerospace,Receipt AR-10674,Posted
TX-100243,2025-07-16,FR7630006000011234567890189,EUR,24459.98,Customer Receipts,Borealis Mobility,Receipt AR-10283,Posted
TX-102717,2025-07-16,FR7630006000011234567890189,EUR,-13347.37,Supplier Payments,CloudOps SAS,Payment AP-51012,Posted
TX-101938,2025-07-17,FR7630006000011234567890189,EUR,-125533.01,Supplier Payments,Steelworks Holding,Payment AP-50080,Posted
TX-103116,2025-07-17,FR7630006000011234567890189,EUR,-11222.16,Supplier Payments,Audit & Co,Payment AP-51518,Posted
TX-102080,2025-07-17,FR7630006000011234567890189,EUR,-187484.22,Supplier Payments,Polymer Industries,Payment AP-50251,Posted
TX-101336,2025-07-18,FR7630006000011234567890189,EUR,23856.89,Customer Receipts,Indus Logistics,Receipt AR-11651,Posted
TX-100559,2025-07-18,US64SVBKUS6S3300958879,USD,78092.83,Customer Receipts,Delphi Aerospace,Receipt AR-10672,Posted
TX-100245,2025-07-18,FR7630006000011234567890189,EUR,43436.78,Customer Receipts,Borealis Mobility,Receipt AR-10285,Posted
TX-101167,2025-07-18,FR7630006000011234567890189,EUR,140212.94,Customer Receipts,Helios Public Transit,Receipt AR-11431,Posted
TX-100086,2025-07-18,FR7630006000011234567890189,EUR,65188.19,Customer Receipts,Atlas Energy Group,Receipt AR-10086,Posted
TX-101170,2025-07-19,FR7630006000011234567890189,EUR,8561.23,Customer Receipts,Helios Public Transit,Receipt AR-11434,Posted
TX-102979,2025-07-19,FR7630006000011234567890189,EUR,-6380.95,Supplier Payments,Global Insurance Co,Payment AP-51338,Posted
TX-100094,2025-07-19,FR7630006000011234567890189,EUR,197902.88,Customer Receipts,Atlas Energy Group,Receipt AR-10094,Posted
TX-100560,2025-07-19,US64SVBKUS6S3300958879,USD,57627.47,Customer Receipts,Delphi Aerospace,Receipt AR-10673,Posted
TX-100721,2025-07-19,FR7630006000011234567890189,EUR,45870.09,Customer Receipts,Eos Pharma,Receipt AR-10869,Posted
TX-100725,2025-07-20,FR7630006000011234567890189,EUR,30094.16,Customer Receipts,Eos Pharma,Receipt AR-10873,Posted
TX-700087,2025-07-20,FR7630006000011234567890366,EUR,-417700.46,VAT,DGFiP,VAT 2025-06,Posted
TX-100726,2025-07-21,FR7630006000011234567890189,EUR,39812.05,Customer Receipts,Eos Pharma,Receipt AR-10874,Posted
TX-101495,2025-07-21,FR7630006000011234567890189,EUR,208695.23,Customer Receipts,Janus Defence,Receipt AR-11845,Posted
TX-102592,2025-07-21,FR7630006000011234567890189,EUR,-5036.43,Supplier Payments,EnerGrid,Payment AP-50871,Posted
TX-102715,2025-07-21,FR7630006000011234567890189,EUR,-11836.27,Supplier Payments,CloudOps SAS,Payment AP-51010,Posted
TX-102333,2025-07-21,US64SVBKUS6S3300958879,USD,-135561.24,Supplier Payments,MicroChip US Inc.,Payment AP-50555,Posted
TX-100865,2025-07-21,FR7630006000011234567890189,EUR,34322.11,Customer Receipts,Forge Manufacturing,Receipt AR-11051,Posted
TX-100244,2025-07-21,FR7630006000011234567890189,EUR,146367.29,Customer Receipts,Borealis Mobility,Receipt AR-10284,Posted
TX-102595,2025-07-21,FR7630006000011234567890189,EUR,-5289.45,Supplier Payments,EnerGrid,Payment AP-50874,Posted
TX-100238,2025-07-22,FR7630006000011234567890189,EUR,134746.56,Customer Receipts,Borealis Mobility,Receipt AR-10278,Posted
TX-101493,2025-07-23,FR7630006000011234567890189,EUR,67886.6,Customer Receipts,Janus Defence,Receipt AR-11843,Posted
TX-101488,2025-07-23,FR7630006000011234567890189,EUR,38405.73,Customer Receipts,Janus Defence,Receipt AR-11838,Posted
TX-100720,2025-07-23,FR7630006000011234567890189,EUR,28910.16,Customer Receipts,Eos Pharma,Receipt AR-10868,Posted
TX-101171,2025-07-23,FR7630006000011234567890189,EUR,47914.66,Customer Receipts,Helios Public Transit,Receipt AR-11435,Posted
TX-101934,2025-07-24,FR7630006000011234567890189,EUR,-47969.6,Supplier Payments,Steelworks Holding,Payment AP-50076,Posted
TX-100405,2025-07-24,GB29NWBK60161331926819,GBP,21679.64,Customer Receipts,Caledonia Rail,Receipt AR-10485,Posted
TX-102078,2025-07-24,FR7630006000011234567890189,EUR,-34390.05,Supplier Payments,Polymer Industries,Payment AP-50249,Posted
TX-102460,2025-07-24,FR7630006000011234567890189,EUR,-30291.72,Supplier Payments,Logistica Express,Payment AP-50710,Posted
TX-100724,2025-07-24,FR7630006000011234567890189,EUR,17029.66,Customer Receipts,Eos Pharma,Receipt AR-10872,Posted
TX-100556,2025-07-24,US64SVBKUS6S3300958879,USD,126147.62,Customer Receipts,Delphi Aerospace,Receipt AR-10669,Posted
TX-100088,2025-07-24,FR7630006000011234567890189,EUR,14759.02,Customer Receipts,Atlas Energy Group,Receipt AR-10088,Posted
TX-100404,2025-07-24,GB29NWBK60161331926819,GBP,52045.74,Customer Receipts,Caledonia Rail,Receipt AR-10484,Posted
TX-101329,2025-07-24,FR7630006000011234567890189,EUR,34721.22,Customer Receipts,Indus Logistics,Receipt AR-11644,Posted
TX-101793,2025-07-24,FR7630006000011234567890189,EUR,8669.58,Customer Receipts,Luma Construction,Receipt AR-12224,Posted
TX-101487,2025-07-24,FR7630006000011234567890189,EUR,17994.35,Customer Receipts,Janus Defence,Receipt AR-11837,Posted
TX-100870,2025-07-25,FR7630006000011234567890189,EUR,85454.73,Customer Receipts,Forge Manufacturing,Receipt AR-11056,Posted
TX-100866,2025-07-25,FR7630006000011234567890189,EUR,33797.99,Customer Receipts,Forge Manufacturing,Receipt AR-11052,Posted
TX-100562,2025-07-25,US64SVBKUS6S3300958879,USD,136153.14,Customer Receipts,Delphi Aerospace,Receipt AR-10675,Posted
TX-101174,2025-07-25,FR7630006000011234567890189,EUR,197574.38,Customer Receipts,Helios Public Transit,Receipt AR-11438,Posted
TX-100090,2025-07-25,FR7630006000011234567890189,EUR,177179.24,Customer Receipts,Atlas Energy Group,Receipt AR-10090,Posted
TX-102834,2025-07-25,FR7630006000011234567890189,EUR,-10709.53,Supplier Payments,Atelier Maintenance,Payment AP-51158,Posted
TX-101936,2025-07-25,FR7630006000011234567890189,EUR,-344831.42,Supplier Payments,Steelworks Holding,Payment AP-50078,Posted
TX-100563,2025-07-25,US64SVBKUS6S3300958879,USD,111683.24,Customer Receipts,Delphi Aerospace,Receipt AR-10676,Posted
TX-102976,2025-07-25,FR7630006000011234567890189,EUR,-7372.64,Supplier Payments,Global Insurance Co,Payment AP-51335,Posted
TX-100864,2025-07-26,FR7630006000011234567890189,EUR,7701.65,Customer Receipts,Forge Manufacturing,Receipt AR-11050,Posted
TX-100565,2025-07-26,US64SVBKUS6S3300958879,USD,225065.17,Customer Receipts,Delphi Aerospace,Receipt AR-10678,Posted
TX-101639,2025-07-26,FR7630006000011234567890189,EUR,88500.87,Customer Receipts,Kepler Robotics,Receipt AR-12028,Posted
TX-102204,2025-07-26,GB29NWBK60161331926819,GBP,-11702.37,Supplier Payments,Voltage Components Ltd,Payment AP-50403,Posted
TX-102338,2025-07-26,US64SVBKUS6S3300958879,USD,-20787.19,Supplier Payments,MicroChip US Inc.,Payment AP-50560,Posted
TX-100862,2025-07-26,FR7630006000011234567890189,EUR,32178.96,Customer Receipts,Forge Manufacturing,Receipt AR-11048,Posted
TX-100093,2025-07-26,FR7630006000011234567890189,EUR,57262.04,Customer Receipts,Atlas Energy Group,Receipt AR-10093,Posted
TX-102202,2025-07-27,GB29NWBK60161331926819,GBP,-21468.74,Supplier Payments,Voltage Components Ltd,Payment AP-50401,Posted
TX-101797,2025-07-27,FR7630006000011234567890189,EUR,26818.26,Customer Receipts,Luma Construction,Receipt AR-12228,Posted
TX-101636,2025-07-27,FR7630006000011234567890189,EUR,22264.11,Customer Receipts,Kepler Robotics,Receipt AR-12025,Posted
TX-102079,2025-07-27,FR7630006000011234567890189,EUR,-129963.46,Supplier Payments,Polymer Industries,Payment AP-50250,Posted
TX-100728,2025-07-28,FR7630006000011234567890189,EUR,22885.93,Customer Receipts,Eos Pharma,Receipt AR-10876,Posted
TX-101330,2025-07-28,FR7630006000011234567890189,EUR,40607.03,Customer Receipts,Indus Logistics,Receipt AR-11645,Posted
TX-102455,2025-07-28,FR7630006000011234567890189,EUR,-43114.49,Supplier Payments,Logistica Express,Payment AP-50705,Posted
TX-100722,2025-07-28,FR7630006000011234567890189,EUR,68695.15,Customer Receipts,Eos Pharma,Receipt AR-10870,Posted
TX-101939,2025-07-29,FR7630006000011234567890189,EUR,-10988.42,Supplier Payments,Steelworks Holding,Payment AP-50081,Posted
TX-101791,2025-07-29,FR7630006000011234567890189,EUR,21500.44,Customer Receipts,Luma Construction,Receipt AR-12222,Posted
TX-100401,2025-07-29,GB29NWBK60161331926819,GBP,149410.77,Customer Receipts,Caledonia Rail,Receipt AR-10481,Posted
TX-103122,2025-07-29,FR7630006000011234567890189,EUR,-1053.53,Supplier Payments,Audit & Co,Payment AP-51524,Posted
TX-100239,2025-07-29,FR7630006000011234567890189,EUR,12655.8,Customer Receipts,Borealis Mobility,Receipt AR-10279,Posted
TX-102839,2025-07-29,FR7630006000011234567890189,EUR,-18019.08,Supplier Payments,Atelier Maintenance,Payment AP-51163,Posted
TX-102468,2025-07-29,FR7630006000011234567890189,EUR,-32020.35,Supplier Payments,Logistica Express,Payment AP-50718,Posted
TX-102836,2025-07-30,FR7630006000011234567890189,EUR,-11715.3,Supplier Payments,Atelier Maintenance,Payment AP-51160,Posted
TX-101795,2025-07-31,FR7630006000011234567890189,EUR,8513.79,Customer Receipts,Luma Construction,Receipt AR-12226,Posted
TX-102200,2025-07-31,GB29NWBK60161331926819,GBP,-47932.13,Supplier Payments,Voltage Components Ltd,Payment AP-50399,Posted
TX-101024,2025-07-31,FR7630006000011234567890189,EUR,58993.75,Customer Receipts,Gaia Renewables,Receipt AR-11250,Posted
TX-700092,2025-07-31,FR7630006000011234567890245,EUR,-1953600.0,Payroll,Employees,Monthly payroll 2025-07,Posted
TX-700097,2025-07-31,FR7630006000011234567890189,EUR,-5530.3,Bank Fees,BNP Paribas,Banking fees 2025-07,Posted
TX-101937,2025-08-01,FR7630006000011234567890189,EUR,-50815.99,Supplier Payments,Steelworks Holding,Payment AP-50079,Posted
TX-101029,2025-08-01,FR7630006000011234567890189,EUR,49875.78,Customer Receipts,Gaia Renewables,Receipt AR-11255,Posted
TX-101032,2025-08-01,FR7630006000011234567890189,EUR,35975.82,Customer Receipts,Gaia Renewables,Receipt AR-11258,Posted
TX-101638,2025-08-01,FR7630006000011234567890189,EUR,131853.02,Customer Receipts,Kepler Robotics,Receipt AR-12027,Posted
TX-100732,2025-08-01,FR7630006000011234567890189,EUR,15238.68,Customer Receipts,Eos Pharma,Receipt AR-10880,Posted
TX-102206,2025-08-01,GB29NWBK60161331926819,GBP,-7776.81,Supplier Payments,Voltage Components Ltd,Payment AP-50405,Posted
TX-700101,2025-08-01,FR7630006000011234567890189,EUR,-185000.0,Rent,SCI Helios Properties,Office & plant rent 2025-08,Posted
TX-102081,2025-08-02,FR7630006000011234567890189,EUR,-72849.5,Supplier Payments,Polymer Industries,Payment AP-50252,Posted
TX-101799,2025-08-02,FR7630006000011234567890189,EUR,19200.92,Customer Receipts,Luma Construction,Receipt AR-12230,Posted
TX-100564,2025-08-02,US64SVBKUS6S3300958879,USD,115725.35,Customer Receipts,Delphi Aerospace,Receipt AR-10677,Posted
TX-101173,2025-08-02,FR7630006000011234567890189,EUR,25226.4,Customer Receipts,Helios Public Transit,Receipt AR-11437,Posted
TX-102346,2025-08-02,US64SVBKUS6S3300958879,USD,-49795.54,Supplier Payments,MicroChip US Inc.,Payment AP-50568,Posted
TX-101025,2025-08-02,FR7630006000011234567890189,EUR,41233.18,Customer Receipts,Gaia Renewables,Receipt AR-11251,Posted
TX-101185,2025-08-03,FR7630006000011234567890189,EUR,140252.82,Customer Receipts,Helios Public Transit,Receipt AR-11449,Posted
TX-101031,2025-08-03,FR7630006000011234567890189,EUR,14135.33,Customer Receipts,Gaia Renewables,Receipt AR-11257,Posted
TX-100089,2025-08-03,FR7630006000011234567890189,EUR,129855.61,Customer Receipts,Atlas Energy Group,Receipt AR-10089,Posted
TX-100558,2025-08-03,US64SVBKUS6S3300958879,USD,119746.71,Customer Receipts,Delphi Aerospace,Receipt AR-10671,Posted
TX-101796,2025-08-03,FR7630006000011234567890189,EUR,10867.84,Customer Receipts,Luma Construction,Receipt AR-12227,Posted
TX-102838,2025-08-03,FR7630006000011234567890189,EUR,-14401.59,Supplier Payments,Atelier Maintenance,Payment AP-51162,Posted
TX-101030,2025-08-03,FR7630006000011234567890189,EUR,6493.04,Customer Receipts,Gaia Renewables,Receipt AR-11256,Posted
TX-103120,2025-08-03,FR7630006000011234567890189,EUR,-5491.74,Supplier Payments,Audit & Co,Payment AP-51522,Posted
TX-101169,2025-08-03,FR7630006000011234567890189,EUR,49252.73,Customer Receipts,Helios Public Transit,Receipt AR-11433,Posted
TX-102837,2025-08-03,FR7630006000011234567890189,EUR,-1951.52,Supplier Payments,Atelier Maintenance,Payment AP-51161,Posted
TX-101500,2025-08-04,FR7630006000011234567890189,EUR,60738.86,Customer Receipts,Janus Defence,Receipt AR-11850,Posted
TX-100087,2025-08-05,FR7630006000011234567890189,EUR,178686.41,Customer Receipts,Atlas Energy Group,Receipt AR-10087,Posted
TX-700093,2025-08-05,FR7630006000011234567890366,EUR,-820512.0,Social Charges,URSSAF,Social charges 2025-07,Posted
TX-102344,2025-08-05,US64SVBKUS6S3300958879,USD,-85954.69,Supplier Payments,MicroChip US Inc.,Payment AP-50566,Posted
TX-102835,2025-08-05,FR7630006000011234567890189,EUR,-8232.82,Supplier Payments,Atelier Maintenance,Payment AP-51159,Posted
TX-102597,2025-08-05,FR7630006000011234567890189,EUR,-7146.46,Supplier Payments,EnerGrid,Payment AP-50876,Posted
TX-101178,2025-08-06,FR7630006000011234567890189,EUR,57228.25,Customer Receipts,Helios Public Transit,Receipt AR-11442,Posted
TX-100092,2025-08-06,FR7630006000011234567890189,EUR,22127.15,Customer Receipts,Atlas Energy Group,Receipt AR-10092,Posted
TX-100246,2025-08-06,FR7630006000011234567890189,EUR,81382.6,Customer Receipts,Borealis Mobility,Receipt AR-10286,Posted
TX-101182,2025-08-06,FR7630006000011234567890189,EUR,54124.3,Customer Receipts,Helios Public Transit,Receipt AR-11446,Posted
TX-102832,2025-08-06,FR7630006000011234567890189,EUR,-11255.28,Supplier Payments,Atelier Maintenance,Payment AP-51156,Posted
TX-100733,2025-08-06,FR7630006000011234567890189,EUR,39130.62,Customer Receipts,Eos Pharma,Receipt AR-10881,Posted
TX-102462,2025-08-06,FR7630006000011234567890189,EUR,-2133.16,Supplier Payments,Logistica Express,Payment AP-50712,Posted
TX-102343,2025-08-07,US64SVBKUS6S3300958879,USD,-20277.92,Supplier Payments,MicroChip US Inc.,Payment AP-50565,Posted
TX-101028,2025-08-07,FR7630006000011234567890189,EUR,43184.37,Customer Receipts,Gaia Renewables,Receipt AR-11254,Posted
TX-101502,2025-08-08,FR7630006000011234567890189,EUR,282560.89,Customer Receipts,Janus Defence,Receipt AR-11852,Posted
TX-100872,2025-08-08,FR7630006000011234567890189,EUR,125380.13,Customer Receipts,Forge Manufacturing,Receipt AR-11058,Posted
TX-102720,2025-08-08,FR7630006000011234567890189,EUR,-18608.31,Supplier Payments,CloudOps SAS,Payment AP-51015,Posted
TX-103115,2025-08-08,FR7630006000011234567890189,EUR,-7598.05,Supplier Payments,Audit & Co,Payment AP-51517,Posted
TX-101792,2025-08-08,FR7630006000011234567890189,EUR,24688.82,Customer Receipts,Luma Construction,Receipt AR-12223,Posted
TX-101027,2025-08-08,FR7630006000011234567890189,EUR,18965.15,Customer Receipts,Gaia Renewables,Receipt AR-11253,Posted
TX-101935,2025-08-08,FR7630006000011234567890189,EUR,-224532.09,Supplier Payments,Steelworks Holding,Payment AP-50077,Posted
TX-103119,2025-08-09,FR7630006000011234567890189,EUR,-433.63,Supplier Payments,Audit & Co,Payment AP-51521,Posted
TX-101794,2025-08-09,FR7630006000011234567890189,EUR,34909.94,Customer Receipts,Luma Construction,Receipt AR-12225,Posted
TX-101790,2025-08-09,FR7630006000011234567890189,EUR,28552.6,Customer Receipts,Luma Construction,Receipt AR-12221,Posted
TX-900020,2025-08-10,FR7630006000011234567890189,EUR,-16951.47,FX Hedging,HSBC FX Desk,FX forward premium,Posted
TX-101641,2025-08-10,FR7630006000011234567890189,EUR,21822.02,Customer Receipts,Kepler Robotics,Receipt AR-12030,Posted
TX-100871,2025-08-10,FR7630006000011234567890189,EUR,127734.82,Customer Receipts,Forge Manufacturing,Receipt AR-11057,Posted
TX-100254,2025-08-10,FR7630006000011234567890189,EUR,211094.26,Customer Receipts,Borealis Mobility,Receipt AR-10294,Posted
TX-102469,2025-08-10,FR7630006000011234567890189,EUR,-28018.72,Supplier Payments,Logistica Express,Payment AP-50719,Posted
TX-100874,2025-08-11,FR7630006000011234567890189,EUR,59515.87,Customer Receipts,Forge Manufacturing,Receipt AR-11060,Posted
TX-102210,2025-08-11,GB29NWBK60161331926819,GBP,-2434.46,Supplier Payments,Voltage Components Ltd,Payment AP-50409,Posted
TX-102467,2025-08-11,FR7630006000011234567890189,EUR,-30528.22,Supplier Payments,Logistica Express,Payment AP-50717,Posted
TX-102982,2025-08-11,FR7630006000011234567890189,EUR,-6942.12,Supplier Payments,Global Insurance Co,Payment AP-51341,Posted
TX-100407,2025-08-11,GB29NWBK60161331926819,GBP,121040.39,Customer Receipts,Caledonia Rail,Receipt AR-10487,Posted
TX-103118,2025-08-11,FR7630006000011234567890189,EUR,-5061.11,Supplier Payments,Audit & Co,Payment AP-51520,Posted
TX-100409,2025-08-12,GB29NWBK60161331926819,GBP,55701.86,Customer Receipts,Caledonia Rail,Receipt AR-10489,Posted
TX-102833,2025-08-12,FR7630006000011234567890189,EUR,-29886.69,Supplier Payments,Atelier Maintenance,Payment AP-51157,Posted
TX-103121,2025-08-12,FR7630006000011234567890189,EUR,-4492.85,Supplier Payments,Audit & Co,Payment AP-51523,Posted
TX-101640,2025-08-12,FR7630006000011234567890189,EUR,52348.4,Customer Receipts,Kepler Robotics,Receipt AR-12029,Posted
TX-101637,2025-08-13,FR7630006000011234567890189,EUR,20588.49,Customer Receipts,Kepler Robotics,Receipt AR-12026,Posted
TX-100240,2025-08-13,FR7630006000011234567890189,EUR,88656.07,Customer Receipts,Borealis Mobility,Receipt AR-10280,Posted
TX-102345,2025-08-13,US64SVBKUS6S3300958879,USD,-147229.14,Supplier Payments,MicroChip US Inc.,Payment AP-50567,Posted
TX-100091,2025-08-13,FR7630006000011234567890189,EUR,211866.57,Customer Receipts,Atlas Energy Group,Receipt AR-10091,Posted
TX-101342,2025-08-13,FR7630006000011234567890189,EUR,61534.29,Customer Receipts,Indus Logistics,Receipt AR-11657,Posted
TX-100408,2025-08-13,GB29NWBK60161331926819,GBP,29075.34,Customer Receipts,Caledonia Rail,Receipt AR-10488,Posted
TX-102207,2025-08-13,GB29NWBK60161331926819,GBP,-52106.8,Supplier Payments,Voltage Components Ltd,Payment AP-50406,Posted
TX-101026,2025-08-14,FR7630006000011234567890189,EUR,91012.28,Customer Receipts,Gaia Renewables,Receipt AR-11252,Posted
TX-102211,2025-08-14,GB29NWBK60161331926819,GBP,-5520.58,Supplier Payments,Voltage Components Ltd,Payment AP-50410,Posted
TX-102599,2025-08-14,FR7630006000011234567890189,EUR,-48599.32,Supplier Payments,EnerGrid,Payment AP-50878,Posted
TX-100575,2025-08-14,US64SVBKUS6S3300958879,USD,75239.79,Customer Receipts,Delphi Aerospace,Receipt AR-10688,Posted
TX-102722,2025-08-14,FR7630006000011234567890189,EUR,-2972.9,Supplier Payments,CloudOps SAS,Payment AP-51017,Posted
TX-102465,2025-08-14,FR7630006000011234567890189,EUR,-11530.56,Supplier Payments,Logistica Express,Payment AP-50715,Posted
TX-100251,2025-08-15,FR7630006000011234567890189,EUR,184098.24,Customer Receipts,Borealis Mobility,Receipt AR-10291,Posted
TX-100873,2025-08-15,FR7630006000011234567890189,EUR,13901.65,Customer Receipts,Forge Manufacturing,Receipt AR-11059,Posted
TX-700102,2025-08-15,FR7630006000011234567890189,EUR,-125000.0,Debt Service,Bond Trustee,Senior notes coupon + amortization,Posted
TX-101497,2025-08-15,FR7630006000011234567890189,EUR,128143.35,Customer Receipts,Janus Defence,Receipt AR-11847,Posted
TX-102466,2025-08-15,FR7630006000011234567890189,EUR,-15323.9,Supplier Payments,Logistica Express,Payment AP-50716,Posted
TX-100250,2025-08-16,FR7630006000011234567890189,EUR,34058.91,Customer Receipts,Borealis Mobility,Receipt AR-10290,Posted
TX-100729,2025-08-16,FR7630006000011234567890189,EUR,96134.83,Customer Receipts,Eos Pharma,Receipt AR-10877,Posted
TX-102208,2025-08-17,GB29NWBK60161331926819,GBP,-43377.44,Supplier Payments,Voltage Components Ltd,Payment AP-50407,Posted
TX-102984,2025-08-17,FR7630006000011234567890189,EUR,-8900.49,Supplier Payments,Global Insurance Co,Payment AP-51343,Posted
TX-100876,2025-08-17,FR7630006000011234567890189,EUR,122369.4,Customer Receipts,Forge Manufacturing,Receipt AR-11062,Posted
TX-101499,2025-08-17,FR7630006000011234567890189,EUR,56481.58,Customer Receipts,Janus Defence,Receipt AR-11849,Posted
TX-101337,2025-08-17,FR7630006000011234567890189,EUR,25226.16,Customer Receipts,Indus Logistics,Receipt AR-11652,Posted
TX-100253,2025-08-17,FR7630006000011234567890189,EUR,19158.47,Customer Receipts,Borealis Mobility,Receipt AR-10293,Posted
TX-101498,2025-08-17,FR7630006000011234567890189,EUR,128522.44,Customer Receipts,Janus Defence,Receipt AR-11848,Posted
TX-103117,2025-08-18,FR7630006000011234567890189,EUR,-18291.62,Supplier Payments,Audit & Co,Payment AP-51519,Posted
TX-101496,2025-08-18,FR7630006000011234567890189,EUR,98814.55,Customer Receipts,Janus Defence,Receipt AR-11846,Posted
TX-100731,2025-08-18,FR7630006000011234567890189,EUR,49126.45,Customer Receipts,Eos Pharma,Receipt AR-10879,Posted
TX-101184,2025-08-19,FR7630006000011234567890189,EUR,69663.75,Customer Receipts,Helios Public Transit,Receipt AR-11448,Posted
TX-102212,2025-08-19,GB29NWBK60161331926819,GBP,-87632.41,Supplier Payments,Voltage Components Ltd,Payment AP-50411,Posted
TX-102339,2025-08-19,US64SVBKUS6S3300958879,USD,-30347.43,Supplier Payments,MicroChip US Inc.,Payment AP-50561,Posted
TX-101040,2025-08-19,FR7630006000011234567890189,EUR,52730.44,Customer Receipts,Gaia Renewables,Receipt AR-11266,Posted
TX-101036,2025-08-20,FR7630006000011234567890189,EUR,44961.11,Customer Receipts,Gaia Renewables,Receipt AR-11262,Posted
TX-102840,2025-08-20,FR7630006000011234567890189,EUR,-35798.81,Supplier Payments,Atelier Maintenance,Payment AP-51164,Posted
TX-700094,2025-08-20,FR7630006000011234567890366,EUR,-407324.92,VAT,DGFiP,VAT 2025-07,Posted
TX-101179,2025-08-21,FR7630006000011234567890189,EUR,124534.1,Customer Receipts,Helios Public Transit,Receipt AR-11443,Posted
TX-101181,2025-08-21,FR7630006000011234567890189,EUR,189173.67,Customer Receipts,Helios Public Transit,Receipt AR-11445,Posted
TX-103126,2025-08-21,FR7630006000011234567890189,EUR,-5357.24,Supplier Payments,Audit & Co,Payment AP-51528,Posted
TX-101183,2025-08-21,FR7630006000011234567890189,EUR,2058.75,Customer Receipts,Helios Public Transit,Receipt AR-11447,Posted
TX-102084,2025-08-21,FR7630006000011234567890189,EUR,-73866.2,Supplier Payments,Polymer Industries,Payment AP-50255,Posted
TX-101501,2025-08-21,FR7630006000011234567890189,EUR,31951.12,Customer Receipts,Janus Defence,Receipt AR-11851,Posted
TX-102209,2025-08-21,GB29NWBK60161331926819,GBP,-30434.61,Supplier Payments,Voltage Components Ltd,Payment AP-50408,Posted
TX-100570,2025-08-22,US64SVBKUS6S3300958879,USD,69056.63,Customer Receipts,Delphi Aerospace,Receipt AR-10683,Posted
TX-100247,2025-08-22,FR7630006000011234567890189,EUR,29119.99,Customer Receipts,Borealis Mobility,Receipt AR-10287,Posted
TX-102985,2025-08-22,FR7630006000011234567890189,EUR,-9066.48,Supplier Payments,Global Insurance Co,Payment AP-51344,Posted
TX-100571,2025-08-22,US64SVBKUS6S3300958879,USD,76488.83,Customer Receipts,Delphi Aerospace,Receipt AR-10684,Posted
TX-102596,2025-08-23,FR7630006000011234567890189,EUR,-20018.27,Supplier Payments,EnerGrid,Payment AP-50875,Posted
TX-100249,2025-08-23,FR7630006000011234567890189,EUR,182553.79,Customer Receipts,Borealis Mobility,Receipt AR-10289,Posted
TX-102341,2025-08-23,US64SVBKUS6S3300958879,USD,-73801.84,Supplier Payments,MicroChip US Inc.,Payment AP-50563,Posted
TX-102981,2025-08-23,FR7630006000011234567890189,EUR,-4083.49,Supplier Payments,Global Insurance Co,Payment AP-51340,Posted
TX-102600,2025-08-24,FR7630006000011234567890189,EUR,-18703.17,Supplier Payments,EnerGrid,Payment AP-50879,Posted
TX-101177,2025-08-24,FR7630006000011234567890189,EUR,95024.78,Customer Receipts,Helios Public Transit,Receipt AR-11441,Posted
TX-101042,2025-08-24,FR7630006000011234567890189,EUR,28950.77,Customer Receipts,Gaia Renewables,Receipt AR-11268,Posted
TX-103123,2025-08-24,FR7630006000011234567890189,EUR,-6320.6,Supplier Payments,Audit & Co,Payment AP-51525,Posted
TX-100097,2025-08-25,FR7630006000011234567890189,EUR,254899.5,Customer Receipts,Atlas Energy Group,Receipt AR-10097,Posted
TX-100574,2025-08-25,US64SVBKUS6S3300958879,USD,43153.26,Customer Receipts,Delphi Aerospace,Receipt AR-10687,Posted
TX-100406,2025-08-25,GB29NWBK60161331926819,GBP,86861.8,Customer Receipts,Caledonia Rail,Receipt AR-10486,Posted
TX-100410,2025-08-25,GB29NWBK60161331926819,GBP,19721.97,Customer Receipts,Caledonia Rail,Receipt AR-10490,Posted
TX-100411,2025-08-25,GB29NWBK60161331926819,GBP,40928.11,Customer Receipts,Caledonia Rail,Receipt AR-10491,Posted
TX-102842,2025-08-25,FR7630006000011234567890189,EUR,-13627.19,Supplier Payments,Atelier Maintenance,Payment AP-51166,Posted
TX-102983,2025-08-25,FR7630006000011234567890189,EUR,-13476.15,Supplier Payments,Global Insurance Co,Payment AP-51342,Posted
TX-102463,2025-08-25,FR7630006000011234567890189,EUR,-21727.64,Supplier Payments,Logistica Express,Payment AP-50713,Posted
TX-101341,2025-08-26,FR7630006000011234567890189,EUR,19887.69,Customer Receipts,Indus Logistics,Receipt AR-11656,Posted
TX-102721,2025-08-26,FR7630006000011234567890189,EUR,-25478.06,Supplier Payments,CloudOps SAS,Payment AP-51016,Posted
TX-101034,2025-08-26,FR7630006000011234567890189,EUR,14662.1,Customer Receipts,Gaia Renewables,Receipt AR-11260,Posted
TX-100730,2025-08-26,FR7630006000011234567890189,EUR,26504.65,Customer Receipts,Eos Pharma,Receipt AR-10878,Posted
TX-101804,2025-08-26,FR7630006000011234567890189,EUR,37326.27,Customer Receipts,Luma Construction,Receipt AR-12235,Posted
TX-100096,2025-08-26,FR7630006000011234567890189,EUR,307087.65,Customer Receipts,Atlas Energy Group,Receipt AR-10096,Posted
TX-101340,2025-08-26,FR7630006000011234567890189,EUR,31835.36,Customer Receipts,Indus Logistics,Receipt AR-11655,Posted
TX-100412,2025-08-26,GB29NWBK60161331926819,GBP,31376.18,Customer Receipts,Caledonia Rail,Receipt AR-10492,Posted
TX-102841,2025-08-26,FR7630006000011234567890189,EUR,-16876.44,Supplier Payments,Atelier Maintenance,Payment AP-51165,Posted
TX-100252,2025-08-26,FR7630006000011234567890189,EUR,14180.83,Customer Receipts,Borealis Mobility,Receipt AR-10292,Posted
TX-101338,2025-08-26,FR7630006000011234567890189,EUR,84970.54,Customer Receipts,Indus Logistics,Receipt AR-11653,Posted
TX-100875,2025-08-27,FR7630006000011234567890189,EUR,286111.37,Customer Receipts,Forge Manufacturing,Receipt AR-11061,Posted
TX-100566,2025-08-27,US64SVBKUS6S3300958879,USD,71220.01,Customer Receipts,Delphi Aerospace,Receipt AR-10679,Posted
TX-103124,2025-08-27,FR7630006000011234567890189,EUR,-3521.29,Supplier Payments,Audit & Co,Payment AP-51526,Posted
TX-100734,2025-08-27,FR7630006000011234567890189,EUR,79366.31,Customer Receipts,Eos Pharma,Receipt AR-10882,Posted
TX-102216,2025-08-28,GB29NWBK60161331926819,GBP,-23002.74,Supplier Payments,Voltage Components Ltd,Payment AP-50415,Posted
TX-101038,2025-08-28,FR7630006000011234567890189,EUR,12039.14,Customer Receipts,Gaia Renewables,Receipt AR-11264,Posted
TX-100573,2025-08-29,US64SVBKUS6S3300958879,USD,109862.17,Customer Receipts,Delphi Aerospace,Receipt AR-10686,Posted
TX-102340,2025-08-29,US64SVBKUS6S3300958879,USD,-18510.04,Supplier Payments,MicroChip US Inc.,Payment AP-50562,Posted
TX-101180,2025-08-29,FR7630006000011234567890189,EUR,49234.03,Customer Receipts,Helios Public Transit,Receipt AR-11444,Posted
TX-101339,2025-08-29,FR7630006000011234567890189,EUR,48102.88,Customer Receipts,Indus Logistics,Receipt AR-11654,Posted
TX-101039,2025-08-30,FR7630006000011234567890189,EUR,29063.6,Customer Receipts,Gaia Renewables,Receipt AR-11265,Posted
TX-102598,2025-08-30,FR7630006000011234567890189,EUR,-34785.51,Supplier Payments,EnerGrid,Payment AP-50877,Posted
TX-102843,2025-08-30,FR7630006000011234567890189,EUR,-40471.55,Supplier Payments,Atelier Maintenance,Payment AP-51167,Posted
TX-102342,2025-08-30,US64SVBKUS6S3300958879,USD,-156732.2,Supplier Payments,MicroChip US Inc.,Payment AP-50564,Posted
TX-102723,2025-08-30,FR7630006000011234567890189,EUR,-12791.7,Supplier Payments,CloudOps SAS,Payment AP-51018,Posted
TX-102085,2025-08-31,FR7630006000011234567890189,EUR,-39968.85,Supplier Payments,Polymer Industries,Payment AP-50256,Posted
TX-100098,2025-08-31,FR7630006000011234567890189,EUR,58733.13,Customer Receipts,Atlas Energy Group,Receipt AR-10098,Posted
TX-700098,2025-08-31,FR7630006000011234567890245,EUR,-1961000.0,Payroll,Employees,Monthly payroll 2025-08,Posted
TX-700103,2025-08-31,FR7630006000011234567890189,EUR,-4228.47,Bank Fees,BNP Paribas,Banking fees 2025-08,Posted
TX-101037,2025-08-31,FR7630006000011234567890189,EUR,54205.4,Customer Receipts,Gaia Renewables,Receipt AR-11263,Posted
TX-102719,2025-08-31,FR7630006000011234567890189,EUR,-21072.48,Supplier Payments,CloudOps SAS,Payment AP-51014,Posted
TX-100568,2025-09-01,US64SVBKUS6S3300958879,USD,39188.78,Customer Receipts,Delphi Aerospace,Receipt AR-10681,Posted
TX-700107,2025-09-01,FR7630006000011234567890189,EUR,-185000.0,Rent,SCI Helios Properties,Office & plant rent 2025-09,Posted
TX-100417,2025-09-02,GB29NWBK60161331926819,GBP,99663.89,Customer Receipts,Caledonia Rail,Receipt AR-10497,Posted
TX-100413,2025-09-02,GB29NWBK60161331926819,GBP,86076.2,Customer Receipts,Caledonia Rail,Receipt AR-10493,Posted
TX-101033,2025-09-02,FR7630006000011234567890189,EUR,9035.35,Customer Receipts,Gaia Renewables,Receipt AR-11259,Posted
TX-101506,2025-09-02,FR7630006000011234567890189,EUR,240193.8,Customer Receipts,Janus Defence,Receipt AR-11856,Posted
TX-100248,2025-09-03,FR7630006000011234567890189,EUR,67964.7,Customer Receipts,Borealis Mobility,Receipt AR-10288,Posted
TX-102464,2025-09-03,FR7630006000011234567890189,EUR,-44167.02,Supplier Payments,Logistica Express,Payment AP-50714,Posted
TX-100880,2025-09-03,FR7630006000011234567890189,EUR,48268.11,Customer Receipts,Forge Manufacturing,Receipt AR-11066,Posted
TX-102987,2025-09-04,FR7630006000011234567890189,EUR,-9992.32,Supplier Payments,Global Insurance Co,Payment AP-51346,Posted
TX-100567,2025-09-04,US64SVBKUS6S3300958879,USD,184983.79,Customer Receipts,Delphi Aerospace,Receipt AR-10680,Posted
TX-101035,2025-09-04,FR7630006000011234567890189,EUR,21074.82,Customer Receipts,Gaia Renewables,Receipt AR-11261,Posted
TX-101188,2025-09-05,FR7630006000011234567890189,EUR,229524.23,Customer Receipts,Helios Public Transit,Receipt AR-11452,Posted
TX-101348,2025-09-05,FR7630006000011234567890189,EUR,6588.74,Customer Receipts,Indus Logistics,Receipt AR-11663,Posted
TX-101504,2025-09-05,FR7630006000011234567890189,EUR,92687.9,Customer Receipts,Janus Defence,Receipt AR-11854,Posted
TX-101643,2025-09-05,FR7630006000011234567890189,EUR,73981.2,Customer Receipts,Kepler Robotics,Receipt AR-12032,Posted
TX-700099,2025-09-05,FR7630006000011234567890366,EUR,-823620.0,Social Charges,URSSAF,Social charges 2025-08,Posted
TX-100569,2025-09-05,US64SVBKUS6S3300958879,USD,127801.45,Customer Receipts,Delphi Aerospace,Receipt AR-10682,Posted
TX-100572,2025-09-06,US64SVBKUS6S3300958879,USD,351691.1,Customer Receipts,Delphi Aerospace,Receipt AR-10685,Posted
TX-101802,2025-09-06,FR7630006000011234567890189,EUR,17452.15,Customer Receipts,Luma Construction,Receipt AR-12233,Posted
TX-102472,2025-09-06,FR7630006000011234567890189,EUR,-22244.41,Supplier Payments,Logistica Express,Payment AP-50722,Posted
TX-101644,2025-09-06,FR7630006000011234567890189,EUR,103197.37,Customer Receipts,Kepler Robotics,Receipt AR-12033,Posted
TX-101041,2025-09-06,FR7630006000011234567890189,EUR,95353.16,Customer Receipts,Gaia Renewables,Receipt AR-11267,Posted
TX-102605,2025-09-07,FR7630006000011234567890189,EUR,-31263.3,Supplier Payments,EnerGrid,Payment AP-50884,Posted
TX-102606,2025-09-07,FR7630006000011234567890189,EUR,-36420.96,Supplier Payments,EnerGrid,Payment AP-50885,Posted
TX-102986,2025-09-07,FR7630006000011234567890189,EUR,-21205.67,Supplier Payments,Global Insurance Co,Payment AP-51345,Posted
TX-103125,2025-09-08,FR7630006000011234567890189,EUR,-38749.83,Supplier Payments,Audit & Co,Payment AP-51527,Posted
TX-102082,2025-09-08,FR7630006000011234567890189,EUR,-139366.88,Supplier Payments,Polymer Industries,Payment AP-50253,Posted
TX-102083,2025-09-08,FR7630006000011234567890189,EUR,-173894.04,Supplier Payments,Polymer Industries,Payment AP-50254,Posted
TX-102350,2025-09-08,US64SVBKUS6S3300958879,USD,-12328.38,Supplier Payments,MicroChip US Inc.,Payment AP-50572,Posted
TX-100095,2025-09-08,FR7630006000011234567890189,EUR,196194.44,Customer Receipts,Atlas Energy Group,Receipt AR-10095,Posted
TX-101645,2025-09-09,FR7630006000011234567890189,EUR,18501.8,Customer Receipts,Kepler Robotics,Receipt AR-12034,Posted
TX-100881,2025-09-09,FR7630006000011234567890189,EUR,138259.17,Customer Receipts,Forge Manufacturing,Receipt AR-11067,Posted
TX-101941,2025-09-09,FR7630006000011234567890189,EUR,-89886.34,Supplier Payments,Steelworks Holding,Payment AP-50083,Posted
TX-102475,2025-09-09,FR7630006000011234567890189,EUR,-40337.8,Supplier Payments,Logistica Express,Payment AP-50725,Posted
TX-101803,2025-09-09,FR7630006000011234567890189,EUR,54955.42,Customer Receipts,Luma Construction,Receipt AR-12234,Posted
TX-102214,2025-09-09,GB29NWBK60161331926819,GBP,-11017.66,Supplier Payments,Voltage Components Ltd,Payment AP-50413,Posted
TX-100415,2025-09-10,GB29NWBK60161331926819,GBP,30637.49,Customer Receipts,Caledonia Rail,Receipt AR-10495,Posted
TX-900022,2025-09-10,FR7630006000011234567890189,EUR,-15881.44,FX Hedging,HSBC FX Desk,FX forward premium,Posted
TX-102351,2025-09-10,US64SVBKUS6S3300958879,USD,-186394.6,Supplier Payments,MicroChip US Inc.,Payment AP-50573,Posted
TX-100877,2025-09-10,FR7630006000011234567890189,EUR,65726.15,Customer Receipts,Forge Manufacturing,Receipt AR-11063,Posted
TX-102217,2025-09-10,GB29NWBK60161331926819,GBP,-24151.63,Supplier Payments,Voltage Components Ltd,Payment AP-50416,Posted
TX-101187,2025-09-10,FR7630006000011234567890189,EUR,195103.98,Customer Receipts,Helios Public Transit,Receipt AR-11451,Posted
TX-102352,2025-09-10,US64SVBKUS6S3300958879,USD,-23813.0,Supplier Payments,MicroChip US Inc.,Payment AP-50574,Posted
TX-101942,2025-09-10,FR7630006000011234567890189,EUR,-295807.12,Supplier Payments,Steelworks Holding,Payment AP-50084,Posted
TX-102727,2025-09-11,FR7630006000011234567890189,EUR,-8960.7,Supplier Payments,CloudOps SAS,Payment AP-51022,Posted
TX-101940,2025-09-11,FR7630006000011234567890189,EUR,-423541.01,Supplier Payments,Steelworks Holding,Payment AP-50082,Posted
TX-101800,2025-09-11,FR7630006000011234567890189,EUR,53696.21,Customer Receipts,Luma Construction,Receipt AR-12231,Posted
TX-100261,2025-09-11,FR7630006000011234567890189,EUR,129766.04,Customer Receipts,Borealis Mobility,Receipt AR-10301,Posted
TX-101176,2025-09-11,FR7630006000011234567890189,EUR,62679.26,Customer Receipts,Helios Public Transit,Receipt AR-11440,Posted
TX-101343,2025-09-11,FR7630006000011234567890189,EUR,59354.93,Customer Receipts,Indus Logistics,Receipt AR-11658,Posted
TX-100099,2025-09-12,FR7630006000011234567890189,EUR,178794.01,Customer Receipts,Atlas Energy Group,Receipt AR-10099,Posted
TX-102988,2025-09-12,FR7630006000011234567890189,EUR,-11511.6,Supplier Payments,Global Insurance Co,Payment AP-51347,Posted
TX-102726,2025-09-12,FR7630006000011234567890189,EUR,-16440.08,Supplier Payments,CloudOps SAS,Payment AP-51021,Posted
TX-100416,2025-09-12,GB29NWBK60161331926819,GBP,42724.73,Customer Receipts,Caledonia Rail,Receipt AR-10496,Posted
TX-102730,2025-09-12,FR7630006000011234567890189,EUR,-5463.93,Supplier Payments,CloudOps SAS,Payment AP-51025,Posted
TX-102474,2025-09-13,FR7630006000011234567890189,EUR,-25461.91,Supplier Payments,Logistica Express,Payment AP-50724,Posted
TX-101505,2025-09-13,FR7630006000011234567890189,EUR,401447.07,Customer Receipts,Janus Defence,Receipt AR-11855,Posted
TX-101801,2025-09-13,FR7630006000011234567890189,EUR,33373.13,Customer Receipts,Luma Construction,Receipt AR-12232,Posted
TX-102729,2025-09-13,FR7630006000011234567890189,EUR,-1990.96,Supplier Payments,CloudOps SAS,Payment AP-51024,Posted
TX-102724,2025-09-13,FR7630006000011234567890189,EUR,-10861.38,Supplier Payments,CloudOps SAS,Payment AP-51019,Posted
TX-100260,2025-09-14,FR7630006000011234567890189,EUR,132561.35,Customer Receipts,Borealis Mobility,Receipt AR-10300,Posted
TX-102601,2025-09-14,FR7630006000011234567890189,EUR,-12076.6,Supplier Payments,EnerGrid,Payment AP-50880,Posted
TX-102348,2025-09-14,US64SVBKUS6S3300958879,USD,-23203.57,Supplier Payments,MicroChip US Inc.,Payment AP-50570,Posted
TX-102215,2025-09-14,GB29NWBK60161331926819,GBP,-46567.24,Supplier Payments,Voltage Components Ltd,Payment AP-50414,Posted
TX-700110,2025-09-15,FR7630006000011234567890366,EUR,-532286.3,Corporate Tax,DGFiP,IS quarterly instalment 2025-09,Posted
TX-700108,2025-09-15,FR7630006000011234567890189,EUR,-125000.0,Debt Service,Bond Trustee,Senior notes coupon + amortization,Posted
TX-100736,2025-09-16,FR7630006000011234567890189,EUR,64465.05,Customer Receipts,Eos Pharma,Receipt AR-10884,Posted
TX-100882,2025-09-16,FR7630006000011234567890189,EUR,23100.52,Customer Receipts,Forge Manufacturing,Receipt AR-11068,Posted
TX-100885,2025-09-16,FR7630006000011234567890189,EUR,23563.73,Customer Receipts,Forge Manufacturing,Receipt AR-11071,Posted
TX-101346,2025-09-16,FR7630006000011234567890189,EUR,8888.45,Customer Receipts,Indus Logistics,Receipt AR-11661,Posted
TX-102218,2025-09-16,GB29NWBK60161331926819,GBP,-58311.75,Supplier Payments,Voltage Components Ltd,Payment AP-50417,Posted
TX-101642,2025-09-16,FR7630006000011234567890189,EUR,106896.81,Customer Receipts,Kepler Robotics,Receipt AR-12031,Posted
TX-103127,2025-09-17,FR7630006000011234567890189,EUR,-4333.11,Supplier Payments,Audit & Co,Payment AP-51529,Posted
TX-102604,2025-09-17,FR7630006000011234567890189,EUR,-6671.9,Supplier Payments,EnerGrid,Payment AP-50883,Posted
TX-103132,2025-09-17,FR7630006000011234567890189,EUR,-23440.35,Supplier Payments,Audit & Co,Payment AP-51534,Posted
TX-900033,2025-09-17,FR7630006000011234567890189,EUR,480000.0,Asset Disposal,Industrial Buyers Ltd,Sale of legacy press line,Posted
TX-101503,2025-09-17,FR7630006000011234567890189,EUR,57712.26,Customer Receipts,Janus Defence,Receipt AR-11853,Posted
TX-101045,2025-09-17,FR7630006000011234567890189,EUR,89116.64,Customer Receipts,Gaia Renewables,Receipt AR-11271,Posted
TX-101046,2025-09-18,FR7630006000011234567890189,EUR,88950.05,Customer Receipts,Gaia Renewables,Receipt AR-11272,Posted
TX-102849,2025-09-18,FR7630006000011234567890189,EUR,-12088.44,Supplier Payments,Atelier Maintenance,Payment AP-51173,Posted
TX-100255,2025-09-18,FR7630006000011234567890189,EUR,133495.07,Customer Receipts,Borealis Mobility,Receipt AR-10295,Posted
TX-102603,2025-09-18,FR7630006000011234567890189,EUR,-7451.95,Supplier Payments,EnerGrid,Payment AP-50882,Posted
TX-102089,2025-09-18,FR7630006000011234567890189,EUR,-60299.37,Supplier Payments,Polymer Industries,Payment AP-50260,Posted
TX-100108,2025-09-19,FR7630006000011234567890189,EUR,187853.22,Customer Receipts,Atlas Energy Group,Receipt AR-10108,Posted
TX-102473,2025-09-19,FR7630006000011234567890189,EUR,-6828.52,Supplier Payments,Logistica Express,Payment AP-50723,Posted
TX-100256,2025-09-19,FR7630006000011234567890189,EUR,59002.76,Customer Receipts,Borealis Mobility,Receipt AR-10296,Posted
TX-102725,2025-09-19,FR7630006000011234567890189,EUR,-8895.48,Supplier Payments,CloudOps SAS,Payment AP-51020,Posted
TX-100262,2025-09-19,FR7630006000011234567890189,EUR,83680.08,Customer Receipts,Borealis Mobility,Receipt AR-10302,Posted
TX-102213,2025-09-19,GB29NWBK60161331926819,GBP,-13241.67,Supplier Payments,Voltage Components Ltd,Payment AP-50412,Posted
TX-700100,2025-09-20,FR7630006000011234567890366,EUR,-310435.65,VAT,DGFiP,VAT 2025-08,Posted
TX-102349,2025-09-20,US64SVBKUS6S3300958879,USD,-95095.01,Supplier Payments,MicroChip US Inc.,Payment AP-50571,Posted
TX-101808,2025-09-20,FR7630006000011234567890189,EUR,2057.06,Customer Receipts,Luma Construction,Receipt AR-12239,Posted
TX-101805,2025-09-20,FR7630006000011234567890189,EUR,33788.41,Customer Receipts,Luma Construction,Receipt AR-12236,Posted
TX-102846,2025-09-21,FR7630006000011234567890189,EUR,-22479.82,Supplier Payments,Atelier Maintenance,Payment AP-51170,Posted
TX-101646,2025-09-21,FR7630006000011234567890189,EUR,36868.97,Customer Receipts,Kepler Robotics,Receipt AR-12035,Posted
TX-101809,2025-09-21,FR7630006000011234567890189,EUR,9864.45,Customer Receipts,Luma Construction,Receipt AR-12240,Posted
TX-100738,2025-09-21,FR7630006000011234567890189,EUR,38825.26,Customer Receipts,Eos Pharma,Receipt AR-10886,Posted
TX-101190,2025-09-21,FR7630006000011234567890189,EUR,93715.63,Customer Receipts,Helios Public Transit,Receipt AR-11454,Posted
TX-102471,2025-09-21,FR7630006000011234567890189,EUR,-5757.64,Supplier Payments,Logistica Express,Payment AP-50721,Posted
TX-100579,2025-09-22,US64SVBKUS6S3300958879,USD,40574.93,Customer Receipts,Delphi Aerospace,Receipt AR-10692,Posted
TX-102728,2025-09-22,FR7630006000011234567890189,EUR,-9608.41,Supplier Payments,CloudOps SAS,Payment AP-51023,Posted
TX-102470,2025-09-22,FR7630006000011234567890189,EUR,-41959.41,Supplier Payments,Logistica Express,Payment AP-50720,Posted
TX-101943,2025-09-22,FR7630006000011234567890189,EUR,-15905.45,Supplier Payments,Steelworks Holding,Payment AP-50085,Posted
TX-103129,2025-09-22,FR7630006000011234567890189,EUR,-1643.37,Supplier Payments,Audit & Co,Payment AP-51531,Posted
TX-102087,2025-09-22,FR7630006000011234567890189,EUR,-53467.16,Supplier Payments,Polymer Industries,Payment AP-50258,Posted
TX-100257,2025-09-23,FR7630006000011234567890189,EUR,35702.8,Customer Receipts,Borealis Mobility,Receipt AR-10297,Posted
TX-101043,2025-09-23,FR7630006000011234567890189,EUR,91548.69,Customer Receipts,Gaia Renewables,Receipt AR-11269,Posted
TX-100259,2025-09-23,FR7630006000011234567890189,EUR,54728.97,Customer Receipts,Borealis Mobility,Receipt AR-10299,Posted
TX-100106,2025-09-24,FR7630006000011234567890189,EUR,104688.37,Customer Receipts,Atlas Energy Group,Receipt AR-10106,Posted
TX-101347,2025-09-24,FR7630006000011234567890189,EUR,8222.93,Customer Receipts,Indus Logistics,Receipt AR-11662,Posted
TX-100258,2025-09-24,FR7630006000011234567890189,EUR,93060.32,Customer Receipts,Borealis Mobility,Receipt AR-10298,Posted
TX-101806,2025-09-24,FR7630006000011234567890189,EUR,36316.14,Customer Receipts,Luma Construction,Receipt AR-12237,Posted
TX-101189,2025-09-24,FR7630006000011234567890189,EUR,148545.13,Customer Receipts,Helios Public Transit,Receipt AR-11453,Posted
TX-102086,2025-09-25,FR7630006000011234567890189,EUR,-76572.5,Supplier Payments,Polymer Industries,Payment AP-50257,Posted
TX-100735,2025-09-25,FR7630006000011234567890189,EUR,86689.91,Customer Receipts,Eos Pharma,Receipt AR-10883,Posted
TX-101344,2025-09-25,FR7630006000011234567890189,EUR,46968.99,Customer Receipts,Indus Logistics,Receipt AR-11659,Posted
TX-101345,2025-09-26,FR7630006000011234567890189,EUR,56110.94,Customer Receipts,Indus Logistics,Receipt AR-11660,Posted
TX-100107,2025-09-26,FR7630006000011234567890189,EUR,51666.37,Customer Receipts,Atlas Energy Group,Receipt AR-10107,Posted
TX-100263,2025-09-26,FR7630006000011234567890189,EUR,24784.17,Customer Receipts,Borealis Mobility,Receipt AR-10303,Posted
TX-100883,2025-09-27,FR7630006000011234567890189,EUR,38399.25,Customer Receipts,Forge Manufacturing,Receipt AR-11069,Posted
TX-100879,2025-09-27,FR7630006000011234567890189,EUR,13870.78,Customer Receipts,Forge Manufacturing,Receipt AR-11065,Posted
TX-101653,2025-09-27,FR7630006000011234567890189,EUR,22424.23,Customer Receipts,Kepler Robotics,Receipt AR-12042,Posted
TX-101652,2025-09-27,FR7630006000011234567890189,EUR,49414.67,Customer Receipts,Kepler Robotics,Receipt AR-12041,Posted
TX-100104,2025-09-28,FR7630006000011234567890189,EUR,36299.78,Customer Receipts,Atlas Energy Group,Receipt AR-10104,Posted
TX-101947,2025-09-28,FR7630006000011234567890189,EUR,-80549.27,Supplier Payments,Steelworks Holding,Payment AP-50089,Posted
TX-900021,2025-09-28,FR7630006000011234567899001,EUR,16250.0,Interest Income,BNP Paribas,Term deposit interest,Posted
TX-101353,2025-09-28,FR7630006000011234567890189,EUR,11253.31,Customer Receipts,Indus Logistics,Receipt AR-11668,Posted
TX-102848,2025-09-28,FR7630006000011234567890189,EUR,-6269.77,Supplier Payments,Atelier Maintenance,Payment AP-51172,Posted
TX-101349,2025-09-28,FR7630006000011234567890189,EUR,22756.74,Customer Receipts,Indus Logistics,Receipt AR-11664,Posted
TX-103131,2025-09-28,FR7630006000011234567890189,EUR,-993.02,Supplier Payments,Audit & Co,Payment AP-51533,Posted
TX-100414,2025-09-28,GB29NWBK60161331926819,GBP,36827.63,Customer Receipts,Caledonia Rail,Receipt AR-10494,Posted
TX-102347,2025-09-28,US64SVBKUS6S3300958879,USD,-107156.3,Supplier Payments,MicroChip US Inc.,Payment AP-50569,Posted
TX-100576,2025-09-28,US64SVBKUS6S3300958879,USD,243807.99,Customer Receipts,Delphi Aerospace,Receipt AR-10689,Posted
TX-100581,2025-09-29,US64SVBKUS6S3300958879,USD,165987.48,Customer Receipts,Delphi Aerospace,Receipt AR-10694,Posted
TX-101948,2025-09-29,FR7630006000011234567890189,EUR,-26625.94,Supplier Payments,Steelworks Holding,Payment AP-50090,Posted
TX-100737,2025-09-29,FR7630006000011234567890189,EUR,45022.96,Customer Receipts,Eos Pharma,Receipt AR-10885,Posted
TX-101812,2025-09-30,FR7630006000011234567890189,EUR,14955.54,Customer Receipts,Luma Construction,Receipt AR-12243,Posted
TX-101946,2025-09-30,FR7630006000011234567890189,EUR,-170490.24,Supplier Payments,Steelworks Holding,Payment AP-50088,Posted
TX-100422,2025-09-30,GB29NWBK60161331926819,GBP,49989.93,Customer Receipts,Caledonia Rail,Receipt AR-10502,Posted
TX-700109,2025-09-30,FR7630006000011234567890189,EUR,-3901.31,Bank Fees,BNP Paribas,Banking fees 2025-09,Posted
TX-700104,2025-09-30,FR7630006000011234567890245,EUR,-1968400.0,Payroll,Employees,Monthly payroll 2025-09,Posted
TX-700114,2025-10-01,FR7630006000011234567890189,EUR,-185000.0,Rent,SCI Helios Properties,Office & plant rent 2025-10,Posted
TX-101186,2025-10-01,FR7630006000011234567890189,EUR,292760.71,Customer Receipts,Helios Public Transit,Receipt AR-11450,Posted
TX-102602,2025-10-01,FR7630006000011234567890189,EUR,-5495.98,Supplier Payments,EnerGrid,Payment AP-50881,Posted
TX-100886,2025-10-02,FR7630006000011234567890189,EUR,11115.06,Customer Receipts,Forge Manufacturing,Receipt AR-11072,Posted
TX-102731,2025-10-03,FR7630006000011234567890189,EUR,-1184.09,Supplier Payments,CloudOps SAS,Payment AP-51026,Posted
TX-101949,2025-10-03,FR7630006000011234567890189,EUR,-168777.17,Supplier Payments,Steelworks Holding,Payment AP-50091,Posted
TX-100578,2025-10-03,US64SVBKUS6S3300958879,USD,66083.68,Customer Receipts,Delphi Aerospace,Receipt AR-10691,Posted
TX-102090,2025-10-03,FR7630006000011234567890189,EUR,-2359.81,Supplier Payments,Polymer Industries,Payment AP-50261,Posted
TX-100741,2025-10-03,FR7630006000011234567890189,EUR,39093.34,Customer Receipts,Eos Pharma,Receipt AR-10889,Posted
TX-101651,2025-10-03,FR7630006000011234567890189,EUR,55064.3,Customer Receipts,Kepler Robotics,Receipt AR-12040,Posted
TX-100580,2025-10-04,US64SVBKUS6S3300958879,USD,101775.28,Customer Receipts,Delphi Aerospace,Receipt AR-10693,Posted
TX-102845,2025-10-04,FR7630006000011234567890189,EUR,-15114.27,Supplier Payments,Atelier Maintenance,Payment AP-51169,Posted
TX-100418,2025-10-04,GB29NWBK60161331926819,GBP,46832.19,Customer Receipts,Caledonia Rail,Receipt AR-10498,Posted
TX-100884,2025-10-04,FR7630006000011234567890189,EUR,63586.44,Customer Receipts,Forge Manufacturing,Receipt AR-11070,Posted
TX-101807,2025-10-05,FR7630006000011234567890189,EUR,851.19,Customer Receipts,Luma Construction,Receipt AR-12238,Posted
TX-102353,2025-10-05,US64SVBKUS6S3300958879,USD,-99748.02,Supplier Payments,MicroChip US Inc.,Payment AP-50575,Posted
TX-100421,2025-10-05,GB29NWBK60161331926819,GBP,36898.52,Customer Receipts,Caledonia Rail,Receipt AR-10501,Posted
TX-101813,2025-10-05,FR7630006000011234567890189,EUR,61537.11,Customer Receipts,Luma Construction,Receipt AR-12244,Posted
TX-101944,2025-10-05,FR7630006000011234567890189,EUR,-86578.11,Supplier Payments,Steelworks Holding,Payment AP-50086,Posted
TX-102847,2025-10-05,FR7630006000011234567890189,EUR,-8878.34,Supplier Payments,Atelier Maintenance,Payment AP-51171,Posted
TX-102844,2025-10-05,FR7630006000011234567890189,EUR,-17266.45,Supplier Payments,Atelier Maintenance,Payment AP-51168,Posted
TX-101510,2025-10-05,FR7630006000011234567890189,EUR,42648.2,Customer Receipts,Janus Defence,Receipt AR-11860,Posted
TX-100102,2025-10-05,FR7630006000011234567890189,EUR,116908.98,Customer Receipts,Atlas Energy Group,Receipt AR-10102,Posted
TX-102991,2025-10-05,FR7630006000011234567890189,EUR,-7649.43,Supplier Payments,Global Insurance Co,Payment AP-51350,Posted
TX-102993,2025-10-05,FR7630006000011234567890189,EUR,-2189.69,Supplier Payments,Global Insurance Co,Payment AP-51352,Posted
TX-103130,2025-10-05,FR7630006000011234567890189,EUR,-3987.27,Supplier Payments,Audit & Co,Payment AP-51532,Posted
TX-700105,2025-10-05,FR7630006000011234567890366,EUR,-826728.0,Social Charges,URSSAF,Social charges 2025-09,Posted
TX-102480,2025-10-06,FR7630006000011234567890189,EUR,-24051.54,Supplier Payments,Logistica Express,Payment AP-50730,Posted
TX-100878,2025-10-06,FR7630006000011234567890189,EUR,185113.87,Customer Receipts,Forge Manufacturing,Receipt AR-11064,Posted
TX-102476,2025-10-07,FR7630006000011234567890189,EUR,-29101.1,Supplier Payments,Logistica Express,Payment AP-50726,Posted
TX-102994,2025-10-07,FR7630006000011234567890189,EUR,-1466.37,Supplier Payments,Global Insurance Co,Payment AP-51353,Posted
TX-100101,2025-10-07,FR7630006000011234567890189,EUR,25643.1,Customer Receipts,Atlas Energy Group,Receipt AR-10101,Posted
TX-102738,2025-10-07,FR7630006000011234567890189,EUR,-4619.17,Supplier Payments,CloudOps SAS,Payment AP-51033,Posted
TX-100100,2025-10-07,FR7630006000011234567890189,EUR,103732.05,Customer Receipts,Atlas Energy Group,Receipt AR-10100,Posted
TX-100892,2025-10-07,FR7630006000011234567890189,EUR,114722.1,Customer Receipts,Forge Manufacturing,Receipt AR-11078,Posted
TX-100424,2025-10-08,GB29NWBK60161331926819,GBP,81829.05,Customer Receipts,Caledonia Rail,Receipt AR-10504,Posted
TX-101814,2025-10-08,FR7630006000011234567890189,EUR,8752.66,Customer Receipts,Luma Construction,Receipt AR-12245,Posted
TX-102222,2025-10-08,GB29NWBK60161331926819,GBP,-21630.85,Supplier Payments,Voltage Components Ltd,Payment AP-50421,Posted
TX-102992,2025-10-08,FR7630006000011234567890189,EUR,-6023.81,Supplier Payments,Global Insurance Co,Payment AP-51351,Posted
TX-100420,2025-10-08,GB29NWBK60161331926819,GBP,36155.22,Customer Receipts,Caledonia Rail,Receipt AR-10500,Posted
TX-100105,2025-10-08,FR7630006000011234567890189,EUR,47931.55,Customer Receipts,Atlas Energy Group,Receipt AR-10105,Posted
TX-100743,2025-10-08,FR7630006000011234567890189,EUR,66809.14,Customer Receipts,Eos Pharma,Receipt AR-10891,Posted
TX-102221,2025-10-09,GB29NWBK60161331926819,GBP,-10916.94,Supplier Payments,Voltage Components Ltd,Payment AP-50420,Posted
TX-101044,2025-10-09,FR7630006000011234567890189,EUR,8906.9,Customer Receipts,Gaia Renewables,Receipt AR-11270,Posted
TX-100103,2025-10-09,FR7630006000011234567890189,EUR,91212.87,Customer Receipts,Atlas Energy Group,Receipt AR-10103,Posted
TX-101945,2025-10-09,FR7630006000011234567890189,EUR,-73283.34,Supplier Payments,Steelworks Holding,Payment AP-50087,Posted
TX-100423,2025-10-09,GB29NWBK60161331926819,GBP,37415.22,Customer Receipts,Caledonia Rail,Receipt AR-10503,Posted
TX-101355,2025-10-09,FR7630006000011234567890189,EUR,66089.6,Customer Receipts,Indus Logistics,Receipt AR-11670,Posted
TX-100577,2025-10-10,US64SVBKUS6S3300958879,USD,265382.59,Customer Receipts,Delphi Aerospace,Receipt AR-10690,Posted
TX-102734,2025-10-10,FR7630006000011234567890189,EUR,-20913.29,Supplier Payments,CloudOps SAS,Payment AP-51029,Posted
TX-102610,2025-10-10,FR7630006000011234567890189,EUR,-32764.6,Supplier Payments,EnerGrid,Payment AP-50889,Posted
TX-900023,2025-10-10,FR7630006000011234567890189,EUR,-9265.26,FX Hedging,HSBC FX Desk,FX forward premium,Posted
TX-102990,2025-10-10,FR7630006000011234567890189,EUR,-1635.58,Supplier Payments,Global Insurance Co,Payment AP-51349,Posted
TX-101354,2025-10-11,FR7630006000011234567890189,EUR,23606.29,Customer Receipts,Indus Logistics,Receipt AR-11669,Posted
TX-101649,2025-10-11,FR7630006000011234567890189,EUR,28023.39,Customer Receipts,Kepler Robotics,Receipt AR-12038,Posted
TX-100583,2025-10-11,US64SVBKUS6S3300958879,USD,456547.0,Customer Receipts,Delphi Aerospace,Receipt AR-10696,Posted
TX-100265,2025-10-11,FR7630006000011234567890189,EUR,201884.47,Customer Receipts,Borealis Mobility,Receipt AR-10305,Posted
TX-102737,2025-10-12,FR7630006000011234567890189,EUR,-8676.14,Supplier Payments,CloudOps SAS,Payment AP-51032,Posted
TX-102088,2025-10-12,FR7630006000011234567890189,EUR,-63639.23,Supplier Payments,Polymer Industries,Payment AP-50259,Posted
TX-102732,2025-10-12,FR7630006000011234567890189,EUR,-4947.38,Supplier Payments,CloudOps SAS,Payment AP-51027,Posted
TX-101647,2025-10-12,FR7630006000011234567890189,EUR,9240.6,Customer Receipts,Kepler Robotics,Receipt AR-12036,Posted
TX-103128,2025-10-12,FR7630006000011234567890189,EUR,-7083.51,Supplier Payments,Audit & Co,Payment AP-51530,Posted
TX-101514,2025-10-13,FR7630006000011234567890189,EUR,122716.59,Customer Receipts,Janus Defence,Receipt AR-11864,Posted
TX-102354,2025-10-13,US64SVBKUS6S3300958879,USD,-281955.93,Supplier Payments,MicroChip US Inc.,Payment AP-50576,Posted
TX-102091,2025-10-14,FR7630006000011234567890189,EUR,-72050.29,Supplier Payments,Polymer Industries,Payment AP-50262,Posted
TX-102481,2025-10-15,FR7630006000011234567890189,EUR,-18361.88,Supplier Payments,Logistica Express,Payment AP-50731,Posted
TX-101509,2025-10-15,FR7630006000011234567890189,EUR,103846.29,Customer Receipts,Janus Defence,Receipt AR-11859,Posted
TX-101650,2025-10-15,FR7630006000011234567890189,EUR,51071.77,Customer Receipts,Kepler Robotics,Receipt AR-12039,Posted
TX-102995,2025-10-15,FR7630006000011234567890189,EUR,-5379.39,Supplier Payments,Global Insurance Co,Payment AP-51354,Posted
TX-101811,2025-10-15,FR7630006000011234567890189,EUR,17445.84,Customer Receipts,Luma Construction,Receipt AR-12242,Posted
TX-101810,2025-10-15,FR7630006000011234567890189,EUR,12441.86,Customer Receipts,Luma Construction,Receipt AR-12241,Posted
TX-700115,2025-10-15,FR7630006000011234567890189,EUR,-125000.0,Debt Service,Bond Trustee,Senior notes coupon + amortization,Posted
TX-100114,2025-10-16,FR7630006000011234567890189,EUR,146796.59,Customer Receipts,Atlas Energy Group,Receipt AR-10114,Posted
TX-100266,2025-10-16,FR7630006000011234567890189,EUR,182880.76,Customer Receipts,Borealis Mobility,Receipt AR-10306,Posted
TX-100582,2025-10-17,US64SVBKUS6S3300958879,USD,126291.09,Customer Receipts,Delphi Aerospace,Receipt AR-10695,Posted
TX-102479,2025-10-17,FR7630006000011234567890189,EUR,-14342.74,Supplier Payments,Logistica Express,Payment AP-50729,Posted
TX-102093,2025-10-18,FR7630006000011234567890189,EUR,-23478.02,Supplier Payments,Polymer Industries,Payment AP-50264,Posted
TX-102989,2025-10-18,FR7630006000011234567890189,EUR,-8494.56,Supplier Payments,Global Insurance Co,Payment AP-51348,Posted
TX-101511,2025-10-18,FR7630006000011234567890189,EUR,124268.01,Customer Receipts,Janus Defence,Receipt AR-11861,Posted
TX-101512,2025-10-18,FR7630006000011234567890189,EUR,50706.22,Customer Receipts,Janus Defence,Receipt AR-11862,Posted
TX-100110,2025-10-18,FR7630006000011234567890189,EUR,28405.6,Customer Receipts,Atlas Energy Group,Receipt AR-10110,Posted
TX-100887,2025-10-19,FR7630006000011234567890189,EUR,10555.16,Customer Receipts,Forge Manufacturing,Receipt AR-11073,Posted
TX-101648,2025-10-19,FR7630006000011234567890189,EUR,45875.68,Customer Receipts,Kepler Robotics,Receipt AR-12037,Posted
TX-101951,2025-10-19,FR7630006000011234567890189,EUR,-118082.06,Supplier Payments,Steelworks Holding,Payment AP-50093,Posted
TX-101194,2025-10-19,FR7630006000011234567890189,EUR,98886.72,Customer Receipts,Helios Public Transit,Receipt AR-11458,Posted
TX-102094,2025-10-19,FR7630006000011234567890189,EUR,-44530.92,Supplier Payments,Polymer Industries,Payment AP-50265,Posted
TX-100584,2025-10-20,US64SVBKUS6S3300958879,USD,426379.42,Customer Receipts,Delphi Aerospace,Receipt AR-10697,Posted
TX-101351,2025-10-20,FR7630006000011234567890189,EUR,35801.35,Customer Receipts,Indus Logistics,Receipt AR-11666,Posted
TX-102219,2025-10-20,GB29NWBK60161331926819,GBP,-85867.1,Supplier Payments,Voltage Components Ltd,Payment AP-50418,Posted
TX-700106,2025-10-20,FR7630006000011234567890366,EUR,-380944.52,VAT,DGFiP,VAT 2025-09,Posted
TX-101820,2025-10-20,FR7630006000011234567890189,EUR,27885.92,Customer Receipts,Luma Construction,Receipt AR-12251,Posted
TX-102609,2025-10-20,FR7630006000011234567890189,EUR,-28236.04,Supplier Payments,EnerGrid,Payment AP-50888,Posted
TX-100115,2025-10-20,FR7630006000011234567890189,EUR,144059.03,Customer Receipts,Atlas Energy Group,Receipt AR-10115,Posted
TX-101048,2025-10-21,FR7630006000011234567890189,EUR,145070.14,Customer Receipts,Gaia Renewables,Receipt AR-11274,Posted
TX-101196,2025-10-21,FR7630006000011234567890189,EUR,106217.06,Customer Receipts,Helios Public Transit,Receipt AR-11460,Posted
TX-101047,2025-10-21,FR7630006000011234567890189,EUR,51576.41,Customer Receipts,Gaia Renewables,Receipt AR-11273,Posted
TX-101954,2025-10-21,FR7630006000011234567890189,EUR,-107389.23,Supplier Payments,Steelworks Holding,Payment AP-50096,Posted
TX-102220,2025-10-21,GB29NWBK60161331926819,GBP,-100732.29,Supplier Payments,Voltage Components Ltd,Payment AP-50419,Posted
TX-101656,2025-10-21,FR7630006000011234567890189,EUR,86955.51,Customer Receipts,Kepler Robotics,Receipt AR-12045,Posted
TX-101197,2025-10-22,FR7630006000011234567890189,EUR,42505.93,Customer Receipts,Helios Public Transit,Receipt AR-11461,Posted
TX-102735,2025-10-22,FR7630006000011234567890189,EUR,-16260.65,Supplier Payments,CloudOps SAS,Payment AP-51030,Posted
TX-101050,2025-10-22,FR7630006000011234567890189,EUR,83784.51,Customer Receipts,Gaia Renewables,Receipt AR-11276,Posted
TX-101352,2025-10-22,FR7630006000011234567890189,EUR,86963.14,Customer Receipts,Indus Logistics,Receipt AR-11667,Posted
TX-102852,2025-10-22,FR7630006000011234567890189,EUR,-3136.55,Supplier Payments,Atelier Maintenance,Payment AP-51176,Posted
TX-102607,2025-10-22,FR7630006000011234567890189,EUR,-10247.67,Supplier Payments,EnerGrid,Payment AP-50886,Posted
TX-100891,2025-10-22,FR7630006000011234567890189,EUR,72070.2,Customer Receipts,Forge Manufacturing,Receipt AR-11077,Posted
TX-100888,2025-10-22,FR7630006000011234567890189,EUR,60046.65,Customer Receipts,Forge Manufacturing,Receipt AR-11074,Posted
TX-101507,2025-10-23,FR7630006000011234567890189,EUR,65143.73,Customer Receipts,Janus Defence,Receipt AR-11857,Posted
TX-100419,2025-10-23,GB29NWBK60161331926819,GBP,78913.3,Customer Receipts,Caledonia Rail,Receipt AR-10499,Posted
TX-101819,2025-10-23,FR7630006000011234567890189,EUR,4541.83,Customer Receipts,Luma Construction,Receipt AR-12250,Posted
TX-103136,2025-10-23,FR7630006000011234567890189,EUR,-7245.48,Supplier Payments,Audit & Co,Payment AP-51538,Posted
TX-103135,2025-10-23,FR7630006000011234567890189,EUR,-3382.07,Supplier Payments,Audit & Co,Payment AP-51537,Posted
TX-100585,2025-10-24,US64SVBKUS6S3300958879,USD,89687.03,Customer Receipts,Delphi Aerospace,Receipt AR-10698,Posted
TX-102355,2025-10-24,US64SVBKUS6S3300958879,USD,-175187.72,Supplier Payments,MicroChip US Inc.,Payment AP-50577,Posted
TX-102096,2025-10-24,FR7630006000011234567890189,EUR,-32175.72,Supplier Payments,Polymer Industries,Payment AP-50267,Posted
TX-101508,2025-10-24,FR7630006000011234567890189,EUR,64067.8,Customer Receipts,Janus Defence,Receipt AR-11858,Posted
TX-101193,2025-10-25,FR7630006000011234567890189,EUR,41260.41,Customer Receipts,Helios Public Transit,Receipt AR-11457,Posted
TX-100109,2025-10-25,FR7630006000011234567890189,EUR,79468.45,Customer Receipts,Atlas Energy Group,Receipt AR-10109,Posted
TX-101952,2025-10-25,FR7630006000011234567890189,EUR,-31918.54,Supplier Payments,Steelworks Holding,Payment AP-50094,Posted
TX-100116,2025-10-25,FR7630006000011234567890189,EUR,234883.63,Customer Receipts,Atlas Energy Group,Receipt AR-10116,Posted
TX-100118,2025-10-25,FR7630006000011234567890189,EUR,24721.84,Customer Receipts,Atlas Energy Group,Receipt AR-10118,Posted
TX-101956,2025-10-25,FR7630006000011234567890189,EUR,-28805.86,Supplier Payments,Steelworks Holding,Payment AP-50098,Posted
TX-102477,2025-10-26,FR7630006000011234567890189,EUR,-80034.08,Supplier Payments,Logistica Express,Payment AP-50727,Posted
TX-100893,2025-10-26,FR7630006000011234567890189,EUR,99224.07,Customer Receipts,Forge Manufacturing,Receipt AR-11079,Posted
TX-100890,2025-10-26,FR7630006000011234567890189,EUR,89340.83,Customer Receipts,Forge Manufacturing,Receipt AR-11076,Posted
TX-102736,2025-10-26,FR7630006000011234567890189,EUR,-4478.73,Supplier Payments,CloudOps SAS,Payment AP-51031,Posted
TX-101655,2025-10-26,FR7630006000011234567890189,EUR,108260.93,Customer Receipts,Kepler Robotics,Receipt AR-12044,Posted
TX-100742,2025-10-26,FR7630006000011234567890189,EUR,126794.45,Customer Receipts,Eos Pharma,Receipt AR-10890,Posted
TX-101513,2025-10-26,FR7630006000011234567890189,EUR,35870.65,Customer Receipts,Janus Defence,Receipt AR-11863,Posted
TX-101350,2025-10-27,FR7630006000011234567890189,EUR,36074.62,Customer Receipts,Indus Logistics,Receipt AR-11665,Posted
TX-101195,2025-10-27,FR7630006000011234567890189,EUR,108032.26,Customer Receipts,Helios Public Transit,Receipt AR-11459,Posted
TX-102851,2025-10-27,FR7630006000011234567890189,EUR,-7395.8,Supplier Payments,Atelier Maintenance,Payment AP-51175,Posted
TX-102733,2025-10-27,FR7630006000011234567890189,EUR,-16266.61,Supplier Payments,CloudOps SAS,Payment AP-51028,Posted
TX-102478,2025-10-28,FR7630006000011234567890189,EUR,-11360.06,Supplier Payments,Logistica Express,Payment AP-50728,Posted
TX-103137,2025-10-28,FR7630006000011234567890189,EUR,-4863.04,Supplier Payments,Audit & Co,Payment AP-51539,Posted
TX-101049,2025-10-29,FR7630006000011234567890189,EUR,65953.35,Customer Receipts,Gaia Renewables,Receipt AR-11275,Posted
TX-101192,2025-10-29,FR7630006000011234567890189,EUR,110583.03,Customer Receipts,Helios Public Transit,Receipt AR-11456,Posted
TX-102092,2025-10-29,FR7630006000011234567890189,EUR,-80722.06,Supplier Payments,Polymer Industries,Payment AP-50263,Posted
TX-100739,2025-10-29,FR7630006000011234567890189,EUR,18993.18,Customer Receipts,Eos Pharma,Receipt AR-10887,Posted
TX-101822,2025-10-30,FR7630006000011234567890189,EUR,13266.5,Customer Receipts,Luma Construction,Receipt AR-12253,Posted
TX-102608,2025-10-30,FR7630006000011234567890189,EUR,-28962.12,Supplier Payments,EnerGrid,Payment AP-50887,Posted
TX-101654,2025-10-30,FR7630006000011234567890189,EUR,56831.35,Customer Receipts,Kepler Robotics,Receipt AR-12043,Posted
TX-102996,2025-10-30,FR7630006000011234567890189,EUR,-6329.68,Supplier Payments,Global Insurance Co,Payment AP-51355,Posted
TX-100268,2025-10-30,FR7630006000011234567890189,EUR,45343.7,Customer Receipts,Borealis Mobility,Receipt AR-10308,Posted
TX-700116,2025-10-31,FR7630006000011234567890189,EUR,-3522.2,Bank Fees,BNP Paribas,Banking fees 2025-10,Posted
TX-700111,2025-10-31,FR7630006000011234567890245,EUR,-1975800.0,Payroll,Employees,Monthly payroll 2025-10,Posted
TX-101191,2025-10-31,FR7630006000011234567890189,EUR,270044.1,Customer Receipts,Helios Public Transit,Receipt AR-11455,Posted
TX-100267,2025-10-31,FR7630006000011234567890189,EUR,62080.4,Customer Receipts,Borealis Mobility,Receipt AR-10307,Posted
TX-100264,2025-10-31,FR7630006000011234567890189,EUR,82262.89,Customer Receipts,Borealis Mobility,Receipt AR-10304,Posted
TX-100111,2025-10-31,FR7630006000011234567890189,EUR,7769.34,Customer Receipts,Atlas Energy Group,Receipt AR-10111,Posted
TX-101206,2025-10-31,FR7630006000011234567890189,EUR,40470.76,Customer Receipts,Helios Public Transit,Receipt AR-11470,Posted
TX-102611,2025-11-01,FR7630006000011234567890189,EUR,-23328.41,Supplier Payments,EnerGrid,Payment AP-50890,Posted
TX-101517,2025-11-01,FR7630006000011234567890189,EUR,173646.89,Customer Receipts,Janus Defence,Receipt AR-11867,Posted
TX-100112,2025-11-01,FR7630006000011234567890189,EUR,75500.0,Customer Receipts,Atlas Energy Group,Receipt AR-10112,Posted
TX-102224,2025-11-01,GB29NWBK60161331926819,GBP,-95694.95,Supplier Payments,Voltage Components Ltd,Payment AP-50423,Posted
TX-700120,2025-11-01,FR7630006000011234567890189,EUR,-185000.0,Rent,SCI Helios Properties,Office & plant rent 2025-11,Posted
TX-102487,2025-11-02,FR7630006000011234567890189,EUR,-46197.05,Supplier Payments,Logistica Express,Payment AP-50737,Posted
TX-102095,2025-11-02,FR7630006000011234567890189,EUR,-71017.81,Supplier Payments,Polymer Industries,Payment AP-50266,Posted
TX-102854,2025-11-02,FR7630006000011234567890189,EUR,-9080.35,Supplier Payments,Atelier Maintenance,Payment AP-51178,Posted
TX-102855,2025-11-02,FR7630006000011234567890189,EUR,-7775.92,Supplier Payments,Atelier Maintenance,Payment AP-51179,Posted
TX-101955,2025-11-02,FR7630006000011234567890189,EUR,-55988.67,Supplier Payments,Steelworks Holding,Payment AP-50097,Posted
TX-101950,2025-11-02,FR7630006000011234567890189,EUR,-114941.94,Supplier Payments,Steelworks Holding,Payment AP-50092,Posted
TX-102740,2025-11-03,FR7630006000011234567890189,EUR,-19583.35,Supplier Payments,CloudOps SAS,Payment AP-51035,Posted
TX-102741,2025-11-03,FR7630006000011234567890189,EUR,-12810.17,Supplier Payments,CloudOps SAS,Payment AP-51036,Posted
TX-102097,2025-11-03,FR7630006000011234567890189,EUR,-29005.15,Supplier Payments,Polymer Industries,Payment AP-50268,Posted
TX-101359,2025-11-03,FR7630006000011234567890189,EUR,36065.74,Customer Receipts,Indus Logistics,Receipt AR-11674,Posted
TX-100901,2025-11-03,FR7630006000011234567890189,EUR,71740.69,Customer Receipts,Forge Manufacturing,Receipt AR-11087,Posted
TX-100271,2025-11-04,FR7630006000011234567890189,EUR,53399.94,Customer Receipts,Borealis Mobility,Receipt AR-10311,Posted
TX-101519,2025-11-04,FR7630006000011234567890189,EUR,82735.97,Customer Receipts,Janus Defence,Receipt AR-11869,Posted
TX-101657,2025-11-04,FR7630006000011234567890189,EUR,72687.6,Customer Receipts,Kepler Robotics,Receipt AR-12046,Posted
TX-100740,2025-11-04,FR7630006000011234567890189,EUR,40571.74,Customer Receipts,Eos Pharma,Receipt AR-10888,Posted
TX-101205,2025-11-04,FR7630006000011234567890189,EUR,133669.84,Customer Receipts,Helios Public Transit,Receipt AR-11469,Posted
TX-101815,2025-11-05,FR7630006000011234567890189,EUR,43479.71,Customer Receipts,Luma Construction,Receipt AR-12246,Posted
TX-100113,2025-11-05,FR7630006000011234567890189,EUR,102447.72,Customer Receipts,Atlas Energy Group,Receipt AR-10113,Posted
TX-700112,2025-11-05,FR7630006000011234567890366,EUR,-829836.0,Social Charges,URSSAF,Social charges 2025-10,Posted
TX-100117,2025-11-06,FR7630006000011234567890189,EUR,108504.91,Customer Receipts,Atlas Energy Group,Receipt AR-10117,Posted
TX-100747,2025-11-07,FR7630006000011234567890189,EUR,12623.38,Customer Receipts,Eos Pharma,Receipt AR-10895,Posted
TX-101518,2025-11-07,FR7630006000011234567890189,EUR,210820.79,Customer Receipts,Janus Defence,Receipt AR-11868,Posted
TX-101204,2025-11-08,FR7630006000011234567890189,EUR,17516.66,Customer Receipts,Helios Public Transit,Receipt AR-11468,Posted
TX-101207,2025-11-08,FR7630006000011234567890189,EUR,131580.41,Customer Receipts,Helios Public Transit,Receipt AR-11471,Posted
TX-101953,2025-11-08,FR7630006000011234567890189,EUR,-227007.23,Supplier Payments,Steelworks Holding,Payment AP-50095,Posted
TX-102614,2025-11-08,FR7630006000011234567890189,EUR,-10643.23,Supplier Payments,EnerGrid,Payment AP-50893,Posted
TX-102613,2025-11-08,FR7630006000011234567890189,EUR,-29867.67,Supplier Payments,EnerGrid,Payment AP-50892,Posted
TX-102227,2025-11-08,GB29NWBK60161331926819,GBP,-19382.44,Supplier Payments,Voltage Components Ltd,Payment AP-50426,Posted
TX-100278,2025-11-08,FR7630006000011234567890189,EUR,30295.74,Customer Receipts,Borealis Mobility,Receipt AR-10318,Posted
TX-101818,2025-11-08,FR7630006000011234567890189,EUR,25984.18,Customer Receipts,Luma Construction,Receipt AR-12249,Posted
TX-100746,2025-11-09,FR7630006000011234567890189,EUR,32952.61,Customer Receipts,Eos Pharma,Receipt AR-10894,Posted
TX-100897,2025-11-09,FR7630006000011234567890189,EUR,34097.25,Customer Receipts,Forge Manufacturing,Receipt AR-11083,Posted
TX-102099,2025-11-09,FR7630006000011234567890189,EUR,-25454.98,Supplier Payments,Polymer Industries,Payment AP-50270,Posted
TX-102739,2025-11-09,FR7630006000011234567890189,EUR,-16453.55,Supplier Payments,CloudOps SAS,Payment AP-51034,Posted
TX-103134,2025-11-09,FR7630006000011234567890189,EUR,-6760.05,Supplier Payments,Audit & Co,Payment AP-51536,Posted
TX-100889,2025-11-09,FR7630006000011234567890189,EUR,24047.36,Customer Receipts,Forge Manufacturing,Receipt AR-11075,Posted
TX-101957,2025-11-10,FR7630006000011234567890189,EUR,-89327.12,Supplier Payments,Steelworks Holding,Payment AP-50099,Posted
TX-900024,2025-11-10,FR7630006000011234567890189,EUR,-14103.08,FX Hedging,HSBC FX Desk,FX forward premium,Posted
TX-102850,2025-11-10,FR7630006000011234567890189,EUR,-11402.17,Supplier Payments,Atelier Maintenance,Payment AP-51174,Posted
TX-101821,2025-11-11,FR7630006000011234567890189,EUR,8892.7,Customer Receipts,Luma Construction,Receipt AR-12252,Posted
TX-102853,2025-11-11,FR7630006000011234567890189,EUR,-11032.2,Supplier Payments,Atelier Maintenance,Payment AP-51177,Posted
TX-102098,2025-11-11,FR7630006000011234567890189,EUR,-101830.67,Supplier Payments,Polymer Industries,Payment AP-50269,Posted
TX-102997,2025-11-11,FR7630006000011234567890189,EUR,-12535.38,Supplier Payments,Global Insurance Co,Payment AP-51356,Posted
TX-102616,2025-11-12,FR7630006000011234567890189,EUR,-6689.6,Supplier Payments,EnerGrid,Payment AP-50895,Posted
TX-100428,2025-11-12,GB29NWBK60161331926819,GBP,28740.69,Customer Receipts,Caledonia Rail,Receipt AR-10508,Posted
TX-101515,2025-11-12,FR7630006000011234567890189,EUR,220766.62,Customer Receipts,Janus Defence,Receipt AR-11865,Posted
TX-102856,2025-11-13,FR7630006000011234567890189,EUR,-52230.85,Supplier Payments,Atelier Maintenance,Payment AP-51180,Posted
TX-100427,2025-11-13,GB29NWBK60161331926819,GBP,66652.78,Customer Receipts,Caledonia Rail,Receipt AR-10507,Posted
TX-102485,2025-11-13,FR7630006000011234567890189,EUR,-14141.72,Supplier Payments,Logistica Express,Payment AP-50735,Posted
TX-102483,2025-11-13,FR7630006000011234567890189,EUR,-14399.55,Supplier Payments,Logistica Express,Payment AP-50733,Posted
TX-101817,2025-11-13,FR7630006000011234567890189,EUR,8788.12,Customer Receipts,Luma Construction,Receipt AR-12248,Posted
TX-102617,2025-11-14,FR7630006000011234567890189,EUR,-3336.47,Supplier Payments,EnerGrid,Payment AP-50896,Posted
TX-100595,2025-11-14,US64SVBKUS6S3300958879,USD,82566.61,Customer Receipts,Delphi Aerospace,Receipt AR-10708,Posted
TX-101203,2025-11-14,FR7630006000011234567890189,EUR,41879.14,Customer Receipts,Helios Public Transit,Receipt AR-11467,Posted
TX-103133,2025-11-14,FR7630006000011234567890189,EUR,-29313.41,Supplier Payments,Audit & Co,Payment AP-51535,Posted
TX-100900,2025-11-15,FR7630006000011234567890189,EUR,70937.9,Customer Receipts,Forge Manufacturing,Receipt AR-11086,Posted
TX-102226,2025-11-15,GB29NWBK60161331926819,GBP,-48856.32,Supplier Payments,Voltage Components Ltd,Payment AP-50425,Posted
TX-103000,2025-11-15,FR7630006000011234567890189,EUR,-4379.57,Supplier Payments,Global Insurance Co,Payment AP-51359,Posted
TX-100744,2025-11-15,FR7630006000011234567890189,EUR,49177.78,Customer Receipts,Eos Pharma,Receipt AR-10892,Posted
TX-102486,2025-11-15,FR7630006000011234567890189,EUR,-32472.81,Supplier Payments,Logistica Express,Payment AP-50736,Posted
TX-700121,2025-11-15,FR7630006000011234567890189,EUR,-125000.0,Debt Service,Bond Trustee,Senior notes coupon + amortization,Posted
TX-101358,2025-11-16,FR7630006000011234567890189,EUR,19492.41,Customer Receipts,Indus Logistics,Receipt AR-11673,Posted
TX-102484,2025-11-16,FR7630006000011234567890189,EUR,-24170.7,Supplier Payments,Logistica Express,Payment AP-50734,Posted
TX-102223,2025-11-16,GB29NWBK60161331926819,GBP,-33547.14,Supplier Payments,Voltage Components Ltd,Payment AP-50422,Posted
TX-102612,2025-11-16,FR7630006000011234567890189,EUR,-22545.99,Supplier Payments,EnerGrid,Payment AP-50891,Posted
TX-101356,2025-11-16,FR7630006000011234567890189,EUR,9363.96,Customer Receipts,Indus Logistics,Receipt AR-11671,Posted
TX-100590,2025-11-16,US64SVBKUS6S3300958879,USD,38116.11,Customer Receipts,Delphi Aerospace,Receipt AR-10703,Posted
TX-102861,2025-11-17,FR7630006000011234567890189,EUR,-5797.94,Supplier Payments,Atelier Maintenance,Payment AP-51185,Posted
TX-100894,2025-11-17,FR7630006000011234567890189,EUR,58090.32,Customer Receipts,Forge Manufacturing,Receipt AR-11080,Posted
TX-102357,2025-11-17,US64SVBKUS6S3300958879,USD,-117924.21,Supplier Payments,MicroChip US Inc.,Payment AP-50579,Posted
TX-100426,2025-11-17,GB29NWBK60161331926819,GBP,54343.99,Customer Receipts,Caledonia Rail,Receipt AR-10506,Posted
TX-100588,2025-11-18,US64SVBKUS6S3300958879,USD,157430.21,Customer Receipts,Delphi Aerospace,Receipt AR-10701,Posted
TX-102999,2025-11-18,FR7630006000011234567890189,EUR,-7221.6,Supplier Payments,Global Insurance Co,Payment AP-51358,Posted
TX-100745,2025-11-18,FR7630006000011234567890189,EUR,91240.56,Customer Receipts,Eos Pharma,Receipt AR-10893,Posted
TX-101055,2025-11-18,FR7630006000011234567890189,EUR,136162.56,Customer Receipts,Gaia Renewables,Receipt AR-11281,Posted
TX-102488,2025-11-18,FR7630006000011234567890189,EUR,-22336.7,Supplier Payments,Logistica Express,Payment AP-50738,Posted
TX-102615,2025-11-18,FR7630006000011234567890189,EUR,-45880.36,Supplier Payments,EnerGrid,Payment AP-50894,Posted
TX-102104,2025-11-19,FR7630006000011234567890189,EUR,-6637.74,Supplier Payments,Polymer Industries,Payment AP-50275,Posted
TX-101360,2025-11-19,FR7630006000011234567890189,EUR,35156.28,Customer Receipts,Indus Logistics,Receipt AR-11675,Posted
TX-101658,2025-11-19,FR7630006000011234567890189,EUR,65776.2,Customer Receipts,Kepler Robotics,Receipt AR-12047,Posted
TX-100902,2025-11-19,FR7630006000011234567890189,EUR,23394.22,Customer Receipts,Forge Manufacturing,Receipt AR-11088,Posted
TX-101202,2025-11-19,FR7630006000011234567890189,EUR,45535.07,Customer Receipts,Helios Public Transit,Receipt AR-11466,Posted
TX-101823,2025-11-19,FR7630006000011234567890189,EUR,2623.7,Customer Receipts,Luma Construction,Receipt AR-12254,Posted
TX-100425,2025-11-19,GB29NWBK60161331926819,GBP,119568.47,Customer Receipts,Caledonia Rail,Receipt AR-10505,Posted
TX-700113,2025-11-20,FR7630006000011234567890366,EUR,-395789.63,VAT,DGFiP,VAT 2025-10,Posted
TX-100899,2025-11-20,FR7630006000011234567890189,EUR,27208.42,Customer Receipts,Forge Manufacturing,Receipt AR-11085,Posted
TX-100270,2025-11-20,FR7630006000011234567890189,EUR,55066.16,Customer Receipts,Borealis Mobility,Receipt AR-10310,Posted
TX-101198,2025-11-20,FR7630006000011234567890189,EUR,102115.21,Customer Receipts,Helios Public Transit,Receipt AR-11462,Posted
TX-102356,2025-11-20,US64SVBKUS6S3300958879,USD,-246925.79,Supplier Payments,MicroChip US Inc.,Payment AP-50578,Posted
TX-100277,2025-11-20,FR7630006000011234567890189,EUR,146364.59,Customer Receipts,Borealis Mobility,Receipt AR-10317,Posted
TX-102858,2025-11-20,FR7630006000011234567890189,EUR,-5949.59,Supplier Payments,Atelier Maintenance,Payment AP-51182,Posted
TX-100275,2025-11-21,FR7630006000011234567890189,EUR,11451.61,Customer Receipts,Borealis Mobility,Receipt AR-10315,Posted
TX-100591,2025-11-22,US64SVBKUS6S3300958879,USD,54203.29,Customer Receipts,Delphi Aerospace,Receipt AR-10704,Posted
TX-101827,2025-11-22,FR7630006000011234567890189,EUR,28986.81,Customer Receipts,Luma Construction,Receipt AR-12258,Posted
TX-101054,2025-11-22,FR7630006000011234567890189,EUR,10357.62,Customer Receipts,Gaia Renewables,Receipt AR-11280,Posted
TX-101361,2025-11-22,FR7630006000011234567890189,EUR,81598.33,Customer Receipts,Indus Logistics,Receipt AR-11676,Posted
TX-103001,2025-11-22,FR7630006000011234567890189,EUR,-3925.09,Supplier Payments,Global Insurance Co,Payment AP-51360,Posted
TX-101516,2025-11-23,FR7630006000011234567890189,EUR,69745.62,Customer Receipts,Janus Defence,Receipt AR-11866,Posted
TX-102106,2025-11-23,FR7630006000011234567890189,EUR,-116689.36,Supplier Payments,Polymer Industries,Payment AP-50277,Posted
TX-100269,2025-11-23,FR7630006000011234567890189,EUR,60262.32,Customer Receipts,Borealis Mobility,Receipt AR-10309,Posted
TX-100750,2025-11-23,FR7630006000011234567890189,EUR,33326.45,Customer Receipts,Eos Pharma,Receipt AR-10898,Posted
TX-101053,2025-11-23,FR7630006000011234567890189,EUR,69023.43,Customer Receipts,Gaia Renewables,Receipt AR-11279,Posted
TX-100749,2025-11-24,FR7630006000011234567890189,EUR,16360.72,Customer Receipts,Eos Pharma,Receipt AR-10897,Posted
TX-101961,2025-11-24,FR7630006000011234567890189,EUR,-337284.3,Supplier Payments,Steelworks Holding,Payment AP-50103,Posted
TX-102482,2025-11-24,FR7630006000011234567890189,EUR,-16968.0,Supplier Payments,Logistica Express,Payment AP-50732,Posted
TX-101052,2025-11-24,FR7630006000011234567890189,EUR,96206.53,Customer Receipts,Gaia Renewables,Receipt AR-11278,Posted
TX-100903,2025-11-24,FR7630006000011234567890189,EUR,82833.98,Customer Receipts,Forge Manufacturing,Receipt AR-11089,Posted
TX-103138,2025-11-24,FR7630006000011234567890189,EUR,-10119.98,Supplier Payments,Audit & Co,Payment AP-51540,Posted
TX-101662,2025-11-24,FR7630006000011234567890189,EUR,5363.79,Customer Receipts,Kepler Robotics,Receipt AR-12051,Posted
TX-100896,2025-11-25,FR7630006000011234567890189,EUR,54148.42,Customer Receipts,Forge Manufacturing,Receipt AR-11082,Posted
TX-100898,2025-11-25,FR7630006000011234567890189,EUR,50088.75,Customer Receipts,Forge Manufacturing,Receipt AR-11084,Posted
TX-102359,2025-11-25,US64SVBKUS6S3300958879,USD,-31628.24,Supplier Payments,MicroChip US Inc.,Payment AP-50581,Posted
TX-102864,2025-11-25,FR7630006000011234567890189,EUR,-29207.41,Supplier Payments,Atelier Maintenance,Payment AP-51188,Posted
TX-102998,2025-11-26,FR7630006000011234567890189,EUR,-6430.21,Supplier Payments,Global Insurance Co,Payment AP-51357,Posted
TX-700123,2025-11-26,FR7630006000011234567890189,EUR,-383326.65,Capex,Various Equipment Vendors,Plant capex,Posted
TX-102105,2025-11-26,FR7630006000011234567890189,EUR,-48797.31,Supplier Payments,Polymer Industries,Payment AP-50276,Posted
TX-102225,2025-11-26,GB29NWBK60161331926819,GBP,-13549.76,Supplier Payments,Voltage Components Ltd,Payment AP-50424,Posted
TX-102860,2025-11-26,FR7630006000011234567890189,EUR,-13386.96,Supplier Payments,Atelier Maintenance,Payment AP-51184,Posted
TX-100274,2025-11-26,FR7630006000011234567890189,EUR,44817.99,Customer Receipts,Borealis Mobility,Receipt AR-10314,Posted
TX-100121,2025-11-26,FR7630006000011234567890189,EUR,137337.29,Customer Receipts,Atlas Energy Group,Receipt AR-10121,Posted
TX-101200,2025-11-26,FR7630006000011234567890189,EUR,24952.09,Customer Receipts,Helios Public Transit,Receipt AR-11464,Posted
TX-100429,2025-11-26,GB29NWBK60161331926819,GBP,85256.28,Customer Receipts,Caledonia Rail,Receipt AR-10509,Posted
TX-102857,2025-11-27,FR7630006000011234567890189,EUR,-7844.55,Supplier Payments,Atelier Maintenance,Payment AP-51181,Posted
TX-100589,2025-11-27,US64SVBKUS6S3300958879,USD,114077.52,Customer Receipts,Delphi Aerospace,Receipt AR-10702,Posted
TX-102100,2025-11-27,FR7630006000011234567890189,EUR,-61857.08,Supplier Payments,Polymer Industries,Payment AP-50271,Posted
TX-102742,2025-11-28,FR7630006000011234567890189,EUR,-25634.32,Supplier Payments,CloudOps SAS,Payment AP-51037,Posted
TX-101816,2025-11-28,FR7630006000011234567890189,EUR,16854.21,Customer Receipts,Luma Construction,Receipt AR-12247,Posted
TX-100276,2025-11-28,FR7630006000011234567890189,EUR,70361.86,Customer Receipts,Borealis Mobility,Receipt AR-10316,Posted
TX-101825,2025-11-28,FR7630006000011234567890189,EUR,24847.63,Customer Receipts,Luma Construction,Receipt AR-12256,Posted
TX-100120,2025-11-29,FR7630006000011234567890189,EUR,274580.53,Customer Receipts,Atlas Energy Group,Receipt AR-10120,Posted
TX-101211,2025-11-29,FR7630006000011234567890189,EUR,269775.03,Customer Receipts,Helios Public Transit,Receipt AR-11475,Posted
TX-102101,2025-11-29,FR7630006000011234567890189,EUR,-92536.58,Supplier Payments,Polymer Industries,Payment AP-50272,Posted
TX-101362,2025-11-29,FR7630006000011234567890189,EUR,97670.18,Customer Receipts,Indus Logistics,Receipt AR-11677,Posted
TX-100748,2025-11-29,FR7630006000011234567890189,EUR,45882.6,Customer Receipts,Eos Pharma,Receipt AR-10896,Posted
TX-102231,2025-11-29,GB29NWBK60161331926819,GBP,-14507.17,Supplier Payments,Voltage Components Ltd,Payment AP-50430,Posted
TX-100119,2025-11-30,FR7630006000011234567890189,EUR,70364.75,Customer Receipts,Atlas Energy Group,Receipt AR-10119,Posted
TX-700117,2025-11-30,FR7630006000011234567890245,EUR,-1983200.0,Payroll,Employees,Monthly payroll 2025-11,Posted
TX-100586,2025-11-30,US64SVBKUS6S3300958879,USD,241989.35,Customer Receipts,Delphi Aerospace,Receipt AR-10699,Posted
TX-700122,2025-11-30,FR7630006000011234567890189,EUR,-4725.65,Bank Fees,BNP Paribas,Banking fees 2025-11,Posted
TX-100592,2025-12-01,US64SVBKUS6S3300958879,USD,30801.78,Customer Receipts,Delphi Aerospace,Receipt AR-10705,Posted
TX-700127,2025-12-01,FR7630006000011234567890189,EUR,-185000.0,Rent,SCI Helios Properties,Office & plant rent 2025-12,Posted
TX-102859,2025-12-01,FR7630006000011234567890189,EUR,-9441.19,Supplier Payments,Atelier Maintenance,Payment AP-51183,Posted
TX-101664,2025-12-01,FR7630006000011234567890189,EUR,59611.18,Customer Receipts,Kepler Robotics,Receipt AR-12053,Posted
TX-100272,2025-12-01,FR7630006000011234567890189,EUR,139289.42,Customer Receipts,Borealis Mobility,Receipt AR-10312,Posted
TX-102622,2025-12-01,FR7630006000011234567890189,EUR,-8535.63,Supplier Payments,EnerGrid,Payment AP-50901,Posted
TX-101357,2025-12-01,FR7630006000011234567890189,EUR,68602.48,Customer Receipts,Indus Logistics,Receipt AR-11672,Posted
TX-100594,2025-12-02,US64SVBKUS6S3300958879,USD,20297.02,Customer Receipts,Delphi Aerospace,Receipt AR-10707,Posted
TX-100593,2025-12-02,US64SVBKUS6S3300958879,USD,190585.0,Customer Receipts,Delphi Aerospace,Receipt AR-10706,Posted
TX-102358,2025-12-02,US64SVBKUS6S3300958879,USD,-139787.77,Supplier Payments,MicroChip US Inc.,Payment AP-50580,Posted
TX-103140,2025-12-03,FR7630006000011234567890189,EUR,-22022.44,Supplier Payments,Audit & Co,Payment AP-51542,Posted
TX-101051,2025-12-03,FR7630006000011234567890189,EUR,21955.47,Customer Receipts,Gaia Renewables,Receipt AR-11277,Posted
TX-101659,2025-12-03,FR7630006000011234567890189,EUR,60052.27,Customer Receipts,Kepler Robotics,Receipt AR-12048,Posted
TX-102618,2025-12-03,FR7630006000011234567890189,EUR,-49054.74,Supplier Payments,EnerGrid,Payment AP-50897,Posted
TX-101958,2025-12-03,FR7630006000011234567890189,EUR,-220471.16,Supplier Payments,Steelworks Holding,Payment AP-50100,Posted
TX-100273,2025-12-03,FR7630006000011234567890189,EUR,103108.21,Customer Receipts,Borealis Mobility,Receipt AR-10313,Posted
TX-101201,2025-12-03,FR7630006000011234567890189,EUR,114306.83,Customer Receipts,Helios Public Transit,Receipt AR-11465,Posted
TX-100895,2025-12-03,FR7630006000011234567890189,EUR,111983.74,Customer Receipts,Forge Manufacturing,Receipt AR-11081,Posted
TX-101661,2025-12-03,FR7630006000011234567890189,EUR,60166.91,Customer Receipts,Kepler Robotics,Receipt AR-12050,Posted
TX-102748,2025-12-04,FR7630006000011234567890189,EUR,-15606.61,Supplier Payments,CloudOps SAS,Payment AP-51043,Posted
TX-101520,2025-12-04,FR7630006000011234567890189,EUR,294812.48,Customer Receipts,Janus Defence,Receipt AR-11870,Posted
TX-101522,2025-12-04,FR7630006000011234567890189,EUR,84460.13,Customer Receipts,Janus Defence,Receipt AR-11872,Posted
TX-101210,2025-12-04,FR7630006000011234567890189,EUR,39444.28,Customer Receipts,Helios Public Transit,Receipt AR-11474,Posted
TX-103002,2025-12-05,FR7630006000011234567890189,EUR,-15695.52,Supplier Payments,Global Insurance Co,Payment AP-51361,Posted
TX-100907,2025-12-05,FR7630006000011234567890189,EUR,57230.14,Customer Receipts,Forge Manufacturing,Receipt AR-11093,Posted
TX-102233,2025-12-05,GB29NWBK60161331926819,GBP,-17671.3,Supplier Payments,Voltage Components Ltd,Payment AP-50432,Posted
TX-700118,2025-12-05,FR7630006000011234567890366,EUR,-832944.0,Social Charges,URSSAF,Social charges 2025-11,Posted
TX-700131,2025-12-06,FR7630006000011234567890189,EUR,-514316.59,Capex,Various Equipment Vendors,Plant capex,Posted
TX-101365,2025-12-06,FR7630006000011234567890189,EUR,52613.7,Customer Receipts,Indus Logistics,Receipt AR-11680,Posted
TX-102745,2025-12-06,FR7630006000011234567890189,EUR,-14501.13,Supplier Payments,CloudOps SAS,Payment AP-51040,Posted
TX-101660,2025-12-07,FR7630006000011234567890189,EUR,31898.73,Customer Receipts,Kepler Robotics,Receipt AR-12049,Posted
TX-101523,2025-12-07,FR7630006000011234567890189,EUR,198538.65,Customer Receipts,Janus Defence,Receipt AR-11873,Posted
TX-100587,2025-12-08,US64SVBKUS6S3300958879,USD,128614.12,Customer Receipts,Delphi Aerospace,Receipt AR-10700,Posted
TX-102862,2025-12-08,FR7630006000011234567890189,EUR,-12720.74,Supplier Payments,Atelier Maintenance,Payment AP-51186,Posted
TX-101960,2025-12-08,FR7630006000011234567890189,EUR,-148324.28,Supplier Payments,Steelworks Holding,Payment AP-50102,Posted
TX-103139,2025-12-08,FR7630006000011234567890189,EUR,-17511.85,Supplier Payments,Audit & Co,Payment AP-51541,Posted
TX-102863,2025-12-09,FR7630006000011234567890189,EUR,-13925.67,Supplier Payments,Atelier Maintenance,Payment AP-51187,Posted
TX-102103,2025-12-09,FR7630006000011234567890189,EUR,-35492.63,Supplier Payments,Polymer Industries,Payment AP-50274,Posted
TX-102362,2025-12-09,US64SVBKUS6S3300958879,USD,-276042.52,Supplier Payments,MicroChip US Inc.,Payment AP-50584,Posted
TX-100434,2025-12-10,GB29NWBK60161331926819,GBP,73168.99,Customer Receipts,Caledonia Rail,Receipt AR-10514,Posted
TX-100122,2025-12-10,FR7630006000011234567890189,EUR,435407.84,Customer Receipts,Atlas Energy Group,Receipt AR-10122,Posted
TX-900026,2025-12-10,FR7630006000011234567890189,EUR,-17959.07,FX Hedging,HSBC FX Desk,FX forward premium,Posted
TX-101959,2025-12-11,FR7630006000011234567890189,EUR,-38734.15,Supplier Payments,Steelworks Holding,Payment AP-50101,Posted
TX-102360,2025-12-11,US64SVBKUS6S3300958879,USD,-76509.11,Supplier Payments,MicroChip US Inc.,Payment AP-50582,Posted
TX-101199,2025-12-11,FR7630006000011234567890189,EUR,18168.24,Customer Receipts,Helios Public Transit,Receipt AR-11463,Posted
TX-102232,2025-12-11,GB29NWBK60161331926819,GBP,-27624.33,Supplier Payments,Voltage Components Ltd,Payment AP-50431,Posted
TX-102102,2025-12-12,FR7630006000011234567890189,EUR,-31085.52,Supplier Payments,Polymer Industries,Payment AP-50273,Posted
TX-103005,2025-12-12,FR7630006000011234567890189,EUR,-9372.02,Supplier Payments,Global Insurance Co,Payment AP-51364,Posted
TX-100284,2025-12-12,FR7630006000011234567890189,EUR,36885.47,Customer Receipts,Borealis Mobility,Receipt AR-10324,Posted
TX-100281,2025-12-12,FR7630006000011234567890189,EUR,120454.27,Customer Receipts,Borealis Mobility,Receipt AR-10321,Posted
TX-101216,2025-12-12,FR7630006000011234567890189,EUR,58166.76,Customer Receipts,Helios Public Transit,Receipt AR-11480,Posted
TX-102235,2025-12-12,GB29NWBK60161331926819,GBP,-31497.92,Supplier Payments,Voltage Components Ltd,Payment AP-50434,Posted
TX-101824,2025-12-13,FR7630006000011234567890189,EUR,94875.55,Customer Receipts,Luma Construction,Receipt AR-12255,Posted
TX-101826,2025-12-13,FR7630006000011234567890189,EUR,40718.99,Customer Receipts,Luma Construction,Receipt AR-12257,Posted
TX-100906,2025-12-13,FR7630006000011234567890189,EUR,121661.92,Customer Receipts,Forge Manufacturing,Receipt AR-11092,Posted
TX-102744,2025-12-14,FR7630006000011234567890189,EUR,-17393.0,Supplier Payments,CloudOps SAS,Payment AP-51039,Posted
TX-102492,2025-12-14,FR7630006000011234567890189,EUR,-28438.2,Supplier Payments,Logistica Express,Payment AP-50742,Posted
TX-100283,2025-12-14,FR7630006000011234567890189,EUR,77725.91,Customer Receipts,Borealis Mobility,Receipt AR-10323,Posted
TX-101663,2025-12-14,FR7630006000011234567890189,EUR,29979.92,Customer Receipts,Kepler Robotics,Receipt AR-12052,Posted
TX-100596,2025-12-14,US64SVBKUS6S3300958879,USD,145474.35,Customer Receipts,Delphi Aerospace,Receipt AR-10709,Posted
TX-100904,2025-12-14,FR7630006000011234567890189,EUR,68147.98,Customer Receipts,Forge Manufacturing,Receipt AR-11090,Posted
TX-100760,2025-12-15,FR7630006000011234567890189,EUR,20343.34,Customer Receipts,Eos Pharma,Receipt AR-10908,Posted
TX-700128,2025-12-15,FR7630006000011234567890189,EUR,-125000.0,Debt Service,Bond Trustee,Senior notes coupon + amortization,Posted
TX-700130,2025-12-15,FR7630006000011234567890366,EUR,-679281.12,Corporate Tax,DGFiP,IS quarterly instalment 2025-12,Posted
TX-102491,2025-12-15,FR7630006000011234567890189,EUR,-65502.61,Supplier Payments,Logistica Express,Payment AP-50741,Posted
TX-101212,2025-12-15,FR7630006000011234567890189,EUR,48603.35,Customer Receipts,Helios Public Transit,Receipt AR-11476,Posted
TX-102620,2025-12-16,FR7630006000011234567890189,EUR,-24731.52,Supplier Payments,EnerGrid,Payment AP-50899,Posted
TX-101213,2025-12-16,FR7630006000011234567890189,EUR,164941.48,Customer Receipts,Helios Public Transit,Receipt AR-11477,Posted
TX-101208,2025-12-16,FR7630006000011234567890189,EUR,10137.14,Customer Receipts,Helios Public Transit,Receipt AR-11472,Posted
TX-101521,2025-12-16,FR7630006000011234567890189,EUR,152169.74,Customer Receipts,Janus Defence,Receipt AR-11871,Posted
TX-103007,2025-12-16,FR7630006000011234567890189,EUR,-1023.69,Supplier Payments,Global Insurance Co,Payment AP-51366,Posted
TX-101209,2025-12-16,FR7630006000011234567890189,EUR,157326.5,Customer Receipts,Helios Public Transit,Receipt AR-11473,Posted
TX-100905,2025-12-16,FR7630006000011234567890189,EUR,134565.99,Customer Receipts,Forge Manufacturing,Receipt AR-11091,Posted
TX-100600,2025-12-16,US64SVBKUS6S3300958879,USD,282523.58,Customer Receipts,Delphi Aerospace,Receipt AR-10713,Posted
TX-102229,2025-12-17,GB29NWBK60161331926819,GBP,-5916.72,Supplier Payments,Voltage Components Ltd,Payment AP-50428,Posted
TX-100124,2025-12-17,FR7630006000011234567890189,EUR,67509.03,Customer Receipts,Atlas Energy Group,Receipt AR-10124,Posted
TX-100597,2025-12-17,US64SVBKUS6S3300958879,USD,49778.88,Customer Receipts,Delphi Aerospace,Receipt AR-10710,Posted
TX-101214,2025-12-17,FR7630006000011234567890189,EUR,34653.69,Customer Receipts,Helios Public Transit,Receipt AR-11478,Posted
TX-100435,2025-12-18,GB29NWBK60161331926819,GBP,50311.12,Customer Receipts,Caledonia Rail,Receipt AR-10515,Posted
TX-100758,2025-12-18,FR7630006000011234567890189,EUR,19351.2,Customer Receipts,Eos Pharma,Receipt AR-10906,Posted
TX-103145,2025-12-18,FR7630006000011234567890189,EUR,-4895.89,Supplier Payments,Audit & Co,Payment AP-51547,Posted
TX-100599,2025-12-18,US64SVBKUS6S3300958879,USD,79757.81,Customer Receipts,Delphi Aerospace,Receipt AR-10712,Posted
TX-101667,2025-12-18,FR7630006000011234567890189,EUR,39463.06,Customer Receipts,Kepler Robotics,Receipt AR-12056,Posted
TX-100285,2025-12-18,FR7630006000011234567890189,EUR,127321.15,Customer Receipts,Borealis Mobility,Receipt AR-10325,Posted
TX-100432,2025-12-19,GB29NWBK60161331926819,GBP,30279.14,Customer Receipts,Caledonia Rail,Receipt AR-10512,Posted
TX-102230,2025-12-19,GB29NWBK60161331926819,GBP,-31850.12,Supplier Payments,Voltage Components Ltd,Payment AP-50429,Posted
TX-102489,2025-12-19,FR7630006000011234567890189,EUR,-18882.41,Supplier Payments,Logistica Express,Payment AP-50739,Posted
TX-100751,2025-12-20,FR7630006000011234567890189,EUR,23214.04,Customer Receipts,Eos Pharma,Receipt AR-10899,Posted
TX-102109,2025-12-20,FR7630006000011234567890189,EUR,-211132.27,Supplier Payments,Polymer Industries,Payment AP-50280,Posted
TX-102493,2025-12-20,FR7630006000011234567890189,EUR,-50361.67,Supplier Payments,Logistica Express,Payment AP-50743,Posted
TX-100755,2025-12-20,FR7630006000011234567890189,EUR,31009.29,Customer Receipts,Eos Pharma,Receipt AR-10903,Posted
TX-700119,2025-12-20,FR7630006000011234567890366,EUR,-413488.82,VAT,DGFiP,VAT 2025-11,Posted
TX-101364,2025-12-20,FR7630006000011234567890189,EUR,71854.25,Customer Receipts,Indus Logistics,Receipt AR-11679,Posted
TX-102228,2025-12-21,GB29NWBK60161331926819,GBP,-78751.14,Supplier Payments,Voltage Components Ltd,Payment AP-50427,Posted
TX-100601,2025-12-21,US64SVBKUS6S3300958879,USD,203844.9,Customer Receipts,Delphi Aerospace,Receipt AR-10714,Posted
TX-100909,2025-12-21,FR7630006000011234567890189,EUR,35870.32,Customer Receipts,Forge Manufacturing,Receipt AR-11095,Posted
TX-102743,2025-12-22,FR7630006000011234567890189,EUR,-21865.3,Supplier Payments,CloudOps SAS,Payment AP-51038,Posted
TX-102234,2025-12-22,GB29NWBK60161331926819,GBP,-20128.67,Supplier Payments,Voltage Components Ltd,Payment AP-50433,Posted
TX-100754,2025-12-22,FR7630006000011234567890189,EUR,39285.05,Customer Receipts,Eos Pharma,Receipt AR-10902,Posted
TX-102867,2025-12-22,FR7630006000011234567890189,EUR,-12346.43,Supplier Payments,Atelier Maintenance,Payment AP-51191,Posted
TX-100759,2025-12-22,FR7630006000011234567890189,EUR,65368.55,Customer Receipts,Eos Pharma,Receipt AR-10907,Posted
TX-100757,2025-12-22,FR7630006000011234567890189,EUR,19019.1,Customer Receipts,Eos Pharma,Receipt AR-10905,Posted
TX-100752,2025-12-22,FR7630006000011234567890189,EUR,31111.66,Customer Receipts,Eos Pharma,Receipt AR-10900,Posted
TX-102619,2025-12-22,FR7630006000011234567890189,EUR,-31970.05,Supplier Payments,EnerGrid,Payment AP-50898,Posted
TX-100431,2025-12-23,GB29NWBK60161331926819,GBP,104928.04,Customer Receipts,Caledonia Rail,Receipt AR-10511,Posted
TX-100756,2025-12-23,FR7630006000011234567890189,EUR,22881.19,Customer Receipts,Eos Pharma,Receipt AR-10904,Posted
TX-103003,2025-12-23,FR7630006000011234567890189,EUR,-2840.84,Supplier Payments,Global Insurance Co,Payment AP-51362,Posted
TX-103004,2025-12-23,FR7630006000011234567890189,EUR,-2967.16,Supplier Payments,Global Insurance Co,Payment AP-51363,Posted
TX-100433,2025-12-23,GB29NWBK60161331926819,GBP,111310.91,Customer Receipts,Caledonia Rail,Receipt AR-10513,Posted
TX-100123,2025-12-23,FR7630006000011234567890189,EUR,99804.03,Customer Receipts,Atlas Energy Group,Receipt AR-10123,Posted
TX-100598,2025-12-24,US64SVBKUS6S3300958879,USD,154382.71,Customer Receipts,Delphi Aerospace,Receipt AR-10711,Posted
TX-100753,2025-12-24,FR7630006000011234567890189,EUR,32687.79,Customer Receipts,Eos Pharma,Receipt AR-10901,Posted
TX-100908,2025-12-24,FR7630006000011234567890189,EUR,145651.86,Customer Receipts,Forge Manufacturing,Receipt AR-11094,Posted
TX-101834,2025-12-25,FR7630006000011234567890189,EUR,40247.6,Customer Receipts,Luma Construction,Receipt AR-12265,Posted
TX-100128,2025-12-25,FR7630006000011234567890189,EUR,101986.27,Customer Receipts,Atlas Energy Group,Receipt AR-10128,Posted
TX-101832,2025-12-25,FR7630006000011234567890189,EUR,61577.04,Customer Receipts,Luma Construction,Receipt AR-12263,Posted
TX-101668,2025-12-26,FR7630006000011234567890189,EUR,30419.96,Customer Receipts,Kepler Robotics,Receipt AR-12057,Posted
TX-102746,2025-12-26,FR7630006000011234567890189,EUR,-7573.11,Supplier Payments,CloudOps SAS,Payment AP-51041,Posted
TX-100282,2025-12-26,FR7630006000011234567890189,EUR,64859.64,Customer Receipts,Borealis Mobility,Receipt AR-10322,Posted
TX-102621,2025-12-26,FR7630006000011234567890189,EUR,-14207.8,Supplier Payments,EnerGrid,Payment AP-50900,Posted
TX-103008,2025-12-26,FR7630006000011234567890189,EUR,-2655.51,Supplier Payments,Global Insurance Co,Payment AP-51367,Posted
TX-101828,2025-12-26,FR7630006000011234567890189,EUR,9407.22,Customer Receipts,Luma Construction,Receipt AR-12259,Posted
TX-100604,2025-12-26,US64SVBKUS6S3300958879,USD,71024.83,Customer Receipts,Delphi Aerospace,Receipt AR-10717,Posted
TX-100132,2025-12-26,FR7630006000011234567890189,EUR,18171.71,Customer Receipts,Atlas Energy Group,Receipt AR-10132,Posted
TX-100286,2025-12-27,FR7630006000011234567890189,EUR,36468.01,Customer Receipts,Borealis Mobility,Receipt AR-10326,Posted
TX-102490,2025-12-27,FR7630006000011234567890189,EUR,-21184.32,Supplier Payments,Logistica Express,Payment AP-50740,Posted
TX-102865,2025-12-27,FR7630006000011234567890189,EUR,-16619.39,Supplier Payments,Atelier Maintenance,Payment AP-51189,Posted
TX-900025,2025-12-28,FR7630006000011234567899001,EUR,16250.0,Interest Income,BNP Paribas,Term deposit interest,Posted
TX-101665,2025-12-28,FR7630006000011234567890189,EUR,10661.91,Customer Receipts,Kepler Robotics,Receipt AR-12054,Posted
TX-100279,2025-12-28,FR7630006000011234567890189,EUR,111535.99,Customer Receipts,Borealis Mobility,Receipt AR-10319,Posted
TX-100602,2025-12-28,US64SVBKUS6S3300958879,USD,90553.27,Customer Receipts,Delphi Aerospace,Receipt AR-10715,Posted
TX-103006,2025-12-28,FR7630006000011234567890189,EUR,-4754.88,Supplier Payments,Global Insurance Co,Payment AP-51365,Posted
TX-100127,2025-12-29,FR7630006000011234567890189,EUR,246947.53,Customer Receipts,Atlas Energy Group,Receipt AR-10127,Posted
TX-100603,2025-12-29,US64SVBKUS6S3300958879,USD,66719.42,Customer Receipts,Delphi Aerospace,Receipt AR-10716,Posted
TX-102361,2025-12-29,US64SVBKUS6S3300958879,USD,-226702.89,Supplier Payments,MicroChip US Inc.,Payment AP-50583,Posted
TX-102110,2025-12-29,FR7630006000011234567890189,EUR,-74199.86,Supplier Payments,Polymer Industries,Payment AP-50281,Posted
TX-100280,2025-12-29,FR7630006000011234567890189,EUR,113017.36,Customer Receipts,Borealis Mobility,Receipt AR-10320,Posted
TX-101218,2025-12-29,FR7630006000011234567890189,EUR,122929.91,Customer Receipts,Helios Public Transit,Receipt AR-11482,Posted
TX-102747,2025-12-29,FR7630006000011234567890189,EUR,-3512.87,Supplier Payments,CloudOps SAS,Payment AP-51042,Posted
TX-101363,2025-12-30,FR7630006000011234567890189,EUR,48325.17,Customer Receipts,Indus Logistics,Receipt AR-11678,Posted
TX-100430,2025-12-30,GB29NWBK60161331926819,GBP,13158.13,Customer Receipts,Caledonia Rail,Receipt AR-10510,Posted
TX-102107,2025-12-30,FR7630006000011234567890189,EUR,-101670.95,Supplier Payments,Polymer Industries,Payment AP-50278,Posted
TX-101060,2025-12-30,FR7630006000011234567890189,EUR,38345.66,Customer Receipts,Gaia Renewables,Receipt AR-11286,Posted
TX-103143,2025-12-31,FR7630006000011234567890189,EUR,-4393.57,Supplier Payments,Audit & Co,Payment AP-51545,Posted
TX-700129,2025-12-31,FR7630006000011234567890189,EUR,-5532.3,Bank Fees,BNP Paribas,Banking fees 2025-12,Posted
TX-700124,2025-12-31,FR7630006000011234567890245,EUR,-1990600.0,Payroll,Employees,Monthly payroll 2025-12,Posted
TX-102236,2025-12-31,GB29NWBK60161331926819,GBP,-38763.14,Supplier Payments,Voltage Components Ltd,Payment AP-50435,Posted
TX-101215,2025-12-31,FR7630006000011234567890189,EUR,50439.26,Customer Receipts,Helios Public Transit,Receipt AR-11479,Posted
TX-101962,2026-01-01,FR7630006000011234567890189,EUR,-473623.08,Supplier Payments,Steelworks Holding,Payment AP-50104,Posted
TX-100129,2026-01-01,FR7630006000011234567890189,EUR,93598.63,Customer Receipts,Atlas Energy Group,Receipt AR-10129,Posted
TX-700135,2026-01-01,FR7630006000011234567890189,EUR,-185000.0,Rent,SCI Helios Properties,Office & plant rent 2026-01,Posted
TX-101833,2026-01-01,FR7630006000011234567890189,EUR,5723.28,Customer Receipts,Luma Construction,Receipt AR-12264,Posted
TX-101056,2026-01-01,FR7630006000011234567890189,EUR,90046.52,Customer Receipts,Gaia Renewables,Receipt AR-11282,Posted
TX-101369,2026-01-01,FR7630006000011234567890189,EUR,63309.89,Customer Receipts,Indus Logistics,Receipt AR-11684,Posted
TX-102753,2026-01-01,FR7630006000011234567890189,EUR,-11275.37,Supplier Payments,CloudOps SAS,Payment AP-51048,Posted
TX-103146,2026-01-01,FR7630006000011234567890189,EUR,-9206.8,Supplier Payments,Audit & Co,Payment AP-51548,Posted
TX-103010,2026-01-01,FR7630006000011234567890189,EUR,-6225.19,Supplier Payments,Global Insurance Co,Payment AP-51369,Posted
TX-100912,2026-01-02,FR7630006000011234567890189,EUR,120005.93,Customer Receipts,Forge Manufacturing,Receipt AR-11098,Posted
TX-102868,2026-01-02,FR7630006000011234567890189,EUR,-15351.92,Supplier Payments,Atelier Maintenance,Payment AP-51192,Posted
TX-103142,2026-01-02,FR7630006000011234567890189,EUR,-4899.29,Supplier Payments,Audit & Co,Payment AP-51544,Posted
TX-101064,2026-01-03,FR7630006000011234567890189,EUR,42311.15,Customer Receipts,Gaia Renewables,Receipt AR-11290,Posted
TX-102496,2026-01-03,FR7630006000011234567890189,EUR,-100807.37,Supplier Payments,Logistica Express,Payment AP-50746,Posted
TX-102108,2026-01-03,FR7630006000011234567890189,EUR,-37604.78,Supplier Payments,Polymer Industries,Payment AP-50279,Posted
TX-103011,2026-01-03,FR7630006000011234567890189,EUR,-5718.41,Supplier Payments,Global Insurance Co,Payment AP-51370,Posted
TX-101963,2026-01-04,FR7630006000011234567890189,EUR,-65281.83,Supplier Payments,Steelworks Holding,Payment AP-50105,Posted
TX-101370,2026-01-05,FR7630006000011234567890189,EUR,24235.8,Customer Receipts,Indus Logistics,Receipt AR-11685,Posted
TX-100436,2026-01-05,GB29NWBK60161331926819,GBP,44873.04,Customer Receipts,Caledonia Rail,Receipt AR-10516,Posted
TX-100130,2026-01-05,FR7630006000011234567890189,EUR,102637.86,Customer Receipts,Atlas Energy Group,Receipt AR-10130,Posted
TX-700125,2026-01-05,FR7630006000011234567890366,EUR,-836052.0,Social Charges,URSSAF,Social charges 2025-12,Posted
TX-101219,2026-01-05,FR7630006000011234567890189,EUR,193940.56,Customer Receipts,Helios Public Transit,Receipt AR-11483,Posted
TX-101829,2026-01-06,FR7630006000011234567890189,EUR,13439.17,Customer Receipts,Luma Construction,Receipt AR-12260,Posted
TX-101217,2026-01-06,FR7630006000011234567890189,EUR,392771.23,Customer Receipts,Helios Public Transit,Receipt AR-11481,Posted
TX-101964,2026-01-06,FR7630006000011234567890189,EUR,-265615.26,Supplier Payments,Steelworks Holding,Payment AP-50106,Posted
TX-102870,2026-01-06,FR7630006000011234567890189,EUR,-37350.09,Supplier Payments,Atelier Maintenance,Payment AP-51194,Posted
TX-102750,2026-01-06,FR7630006000011234567890189,EUR,-16751.68,Supplier Payments,CloudOps SAS,Payment AP-51045,Posted
TX-102871,2026-01-06,FR7630006000011234567890189,EUR,-9735.66,Supplier Payments,Atelier Maintenance,Payment AP-51195,Posted
TX-101669,2026-01-06,FR7630006000011234567890189,EUR,46605.14,Customer Receipts,Kepler Robotics,Receipt AR-12058,Posted
TX-101666,2026-01-07,FR7630006000011234567890189,EUR,50694.78,Customer Receipts,Kepler Robotics,Receipt AR-12055,Posted
TX-103014,2026-01-07,FR7630006000011234567890189,EUR,-8436.7,Supplier Payments,Global Insurance Co,Payment AP-51373,Posted
TX-101672,2026-01-07,FR7630006000011234567890189,EUR,27258.61,Customer Receipts,Kepler Robotics,Receipt AR-12061,Posted
TX-102625,2026-01-08,FR7630006000011234567890189,EUR,-20075.07,Supplier Payments,EnerGrid,Payment AP-50904,Posted
TX-100441,2026-01-08,GB29NWBK60161331926819,GBP,19699.37,Customer Receipts,Caledonia Rail,Receipt AR-10521,Posted
TX-101063,2026-01-08,FR7630006000011234567890189,EUR,13852.79,Customer Receipts,Gaia Renewables,Receipt AR-11289,Posted
TX-100288,2026-01-08,FR7630006000011234567890189,EUR,140287.22,Customer Receipts,Borealis Mobility,Receipt AR-10328,Posted
TX-102624,2026-01-09,FR7630006000011234567890189,EUR,-7018.94,Supplier Payments,EnerGrid,Payment AP-50903,Posted
TX-101368,2026-01-09,FR7630006000011234567890189,EUR,14527.41,Customer Receipts,Indus Logistics,Receipt AR-11683,Posted
TX-100761,2026-01-09,FR7630006000011234567890189,EUR,26357.1,Customer Receipts,Eos Pharma,Receipt AR-10909,Posted
TX-101830,2026-01-09,FR7630006000011234567890189,EUR,41177.38,Customer Receipts,Luma Construction,Receipt AR-12261,Posted
TX-102628,2026-01-09,FR7630006000011234567890189,EUR,-8128.27,Supplier Payments,EnerGrid,Payment AP-50907,Posted
TX-102751,2026-01-10,FR7630006000011234567890189,EUR,-15075.19,Supplier Payments,CloudOps SAS,Payment AP-51046,Posted
TX-101061,2026-01-10,FR7630006000011234567890189,EUR,34788.75,Customer Receipts,Gaia Renewables,Receipt AR-11287,Posted
TX-102627,2026-01-10,FR7630006000011234567890189,EUR,-44391.32,Supplier Payments,EnerGrid,Payment AP-50906,Posted
TX-102869,2026-01-10,FR7630006000011234567890189,EUR,-8443.05,Supplier Payments,Atelier Maintenance,Payment AP-51193,Posted
TX-101670,2026-01-10,FR7630006000011234567890189,EUR,92341.07,Customer Receipts,Kepler Robotics,Receipt AR-12059,Posted
TX-100126,2026-01-10,FR7630006000011234567890189,EUR,97293.57,Customer Receipts,Atlas Energy Group,Receipt AR-10126,Posted
TX-900027,2026-01-10,FR7630006000011234567890189,EUR,-13955.51,FX Hedging,HSBC FX Desk,FX forward premium,Posted
TX-102237,2026-01-11,GB29NWBK60161331926819,GBP,-27843.25,Supplier Payments,Voltage Components Ltd,Payment AP-50436,Posted
TX-103012,2026-01-11,FR7630006000011234567890189,EUR,-7939.59,Supplier Payments,Global Insurance Co,Payment AP-51371,Posted
TX-101062,2026-01-11,FR7630006000011234567890189,EUR,18422.98,Customer Receipts,Gaia Renewables,Receipt AR-11288,Posted
TX-101367,2026-01-11,FR7630006000011234567890189,EUR,102943.32,Customer Receipts,Indus Logistics,Receipt AR-11682,Posted
TX-700138,2026-01-11,FR7630006000011234567890189,EUR,-546376.69,Capex,Various Equipment Vendors,Plant capex,Posted
TX-101671,2026-01-11,FR7630006000011234567890189,EUR,40634.58,Customer Receipts,Kepler Robotics,Receipt AR-12060,Posted
TX-103009,2026-01-11,FR7630006000011234567890189,EUR,-5796.63,Supplier Payments,Global Insurance Co,Payment AP-51368,Posted
TX-100445,2026-01-12,GB29NWBK60161331926819,GBP,23434.17,Customer Receipts,Caledonia Rail,Receipt AR-10525,Posted
TX-100131,2026-01-12,FR7630006000011234567890189,EUR,108105.51,Customer Receipts,Atlas Energy Group,Receipt AR-10131,Posted
TX-101059,2026-01-13,FR7630006000011234567890189,EUR,48233.69,Customer Receipts,Gaia Renewables,Receipt AR-11285,Posted
TX-101831,2026-01-13,FR7630006000011234567890189,EUR,10923.56,Customer Receipts,Luma Construction,Receipt AR-12262,Posted
TX-103144,2026-01-13,FR7630006000011234567890189,EUR,-18589.49,Supplier Payments,Audit & Co,Payment AP-51546,Posted
TX-100290,2026-01-13,FR7630006000011234567890189,EUR,445163.14,Customer Receipts,Borealis Mobility,Receipt AR-10330,Posted
TX-101058,2026-01-13,FR7630006000011234567890189,EUR,30797.63,Customer Receipts,Gaia Renewables,Receipt AR-11284,Posted
TX-102241,2026-01-13,GB29NWBK60161331926819,GBP,-22355.17,Supplier Payments,Voltage Components Ltd,Payment AP-50440,Posted
TX-101057,2026-01-14,FR7630006000011234567890189,EUR,43818.55,Customer Receipts,Gaia Renewables,Receipt AR-11283,Posted
TX-100440,2026-01-14,GB29NWBK60161331926819,GBP,30964.8,Customer Receipts,Caledonia Rail,Receipt AR-10520,Posted
TX-102866,2026-01-14,FR7630006000011234567890189,EUR,-6305.42,Supplier Payments,Atelier Maintenance,Payment AP-51190,Posted
TX-100913,2026-01-14,FR7630006000011234567890189,EUR,208250.82,Customer Receipts,Forge Manufacturing,Receipt AR-11099,Posted
TX-100609,2026-01-14,US64SVBKUS6S3300958879,USD,305561.53,Customer Receipts,Delphi Aerospace,Receipt AR-10722,Posted
TX-102749,2026-01-15,FR7630006000011234567890189,EUR,-14880.11,Supplier Payments,CloudOps SAS,Payment AP-51044,Posted
TX-101366,2026-01-15,FR7630006000011234567890189,EUR,59909.05,Customer Receipts,Indus Logistics,Receipt AR-11681,Posted
TX-102239,2026-01-15,GB29NWBK60161331926819,GBP,-38826.9,Supplier Payments,Voltage Components Ltd,Payment AP-50438,Posted
TX-101967,2026-01-15,FR7630006000011234567890189,EUR,-82752.02,Supplier Payments,Steelworks Holding,Payment AP-50109,Posted
TX-100289,2026-01-15,FR7630006000011234567890189,EUR,104063.19,Customer Receipts,Borealis Mobility,Receipt AR-10329,Posted
TX-700136,2026-01-15,FR7630006000011234567890189,EUR,-125000.0,Debt Service,Bond Trustee,Senior notes coupon + amortization,Posted
TX-101836,2026-01-16,FR7630006000011234567890189,EUR,16675.75,Customer Receipts,Luma Construction,Receipt AR-12267,Posted
TX-100764,2026-01-16,FR7630006000011234567890189,EUR,4497.04,Customer Receipts,Eos Pharma,Receipt AR-10912,Posted
TX-102364,2026-01-16,US64SVBKUS6S3300958879,USD,-345923.51,Supplier Payments,MicroChip US Inc.,Payment AP-50586,Posted
TX-100444,2026-01-16,GB29NWBK60161331926819,GBP,28513.33,Customer Receipts,Caledonia Rail,Receipt AR-10524,Posted
TX-100437,2026-01-16,GB29NWBK60161331926819,GBP,55685.6,Customer Receipts,Caledonia Rail,Receipt AR-10517,Posted
TX-100605,2026-01-16,US64SVBKUS6S3300958879,USD,200071.92,Customer Receipts,Delphi Aerospace,Receipt AR-10718,Posted
TX-100140,2026-01-17,FR7630006000011234567890189,EUR,158236.96,Customer Receipts,Atlas Energy Group,Receipt AR-10140,Posted
TX-100134,2026-01-17,FR7630006000011234567890189,EUR,188758.14,Customer Receipts,Atlas Energy Group,Receipt AR-10134,Posted
TX-100910,2026-01-17,FR7630006000011234567890189,EUR,168344.18,Customer Receipts,Forge Manufacturing,Receipt AR-11096,Posted
TX-102365,2026-01-18,US64SVBKUS6S3300958879,USD,-158307.76,Supplier Payments,MicroChip US Inc.,Payment AP-50587,Posted
TX-102238,2026-01-18,GB29NWBK60161331926819,GBP,-23621.85,Supplier Payments,Voltage Components Ltd,Payment AP-50437,Posted
TX-100139,2026-01-18,FR7630006000011234567890189,EUR,24656.48,Customer Receipts,Atlas Energy Group,Receipt AR-10139,Posted
TX-102117,2026-01-18,FR7630006000011234567890189,EUR,-51046.24,Supplier Payments,Polymer Industries,Payment AP-50288,Posted
TX-101524,2026-01-19,FR7630006000011234567890189,EUR,76400.7,Customer Receipts,Janus Defence,Receipt AR-11874,Posted
TX-103148,2026-01-19,FR7630006000011234567890189,EUR,-9992.61,Supplier Payments,Audit & Co,Payment AP-51550,Posted
TX-101970,2026-01-19,FR7630006000011234567890189,EUR,-4350.87,Supplier Payments,Steelworks Holding,Payment AP-50112,Posted
TX-101527,2026-01-19,FR7630006000011234567890189,EUR,83228.92,Customer Receipts,Janus Defence,Receipt AR-11877,Posted
TX-700126,2026-01-20,FR7630006000011234567890366,EUR,-395778.63,VAT,DGFiP,VAT 2025-12,Posted
TX-103141,2026-01-20,FR7630006000011234567890189,EUR,-11649.63,Supplier Payments,Audit & Co,Payment AP-51543,Posted
TX-100911,2026-01-20,FR7630006000011234567890189,EUR,111941.48,Customer Receipts,Forge Manufacturing,Receipt AR-11097,Posted
TX-101066,2026-01-20,FR7630006000011234567890189,EUR,121771.53,Customer Receipts,Gaia Renewables,Receipt AR-11292,Posted
TX-100439,2026-01-20,GB29NWBK60161331926819,GBP,82326.5,Customer Receipts,Caledonia Rail,Receipt AR-10519,Posted
TX-100125,2026-01-20,FR7630006000011234567890189,EUR,55644.59,Customer Receipts,Atlas Energy Group,Receipt AR-10125,Posted
TX-103151,2026-01-20,FR7630006000011234567890189,EUR,-2992.68,Supplier Payments,Audit & Co,Payment AP-51553,Posted
TX-102243,2026-01-21,GB29NWBK60161331926819,GBP,-27175.82,Supplier Payments,Voltage Components Ltd,Payment AP-50442,Posted
TX-102875,2026-01-21,FR7630006000011234567890189,EUR,-27128.34,Supplier Payments,Atelier Maintenance,Payment AP-51199,Posted
TX-102242,2026-01-21,GB29NWBK60161331926819,GBP,-8366.06,Supplier Payments,Voltage Components Ltd,Payment AP-50441,Posted
TX-101525,2026-01-22,FR7630006000011234567890189,EUR,186664.16,Customer Receipts,Janus Defence,Receipt AR-11875,Posted
TX-102494,2026-01-22,FR7630006000011234567890189,EUR,-5810.54,Supplier Payments,Logistica Express,Payment AP-50744,Posted
TX-101221,2026-01-22,FR7630006000011234567890189,EUR,113786.41,Customer Receipts,Helios Public Transit,Receipt AR-11485,Posted
TX-100438,2026-01-23,GB29NWBK60161331926819,GBP,23702.88,Customer Receipts,Caledonia Rail,Receipt AR-10518,Posted
TX-100442,2026-01-23,GB29NWBK60161331926819,GBP,24002.61,Customer Receipts,Caledonia Rail,Receipt AR-10522,Posted
TX-100762,2026-01-23,FR7630006000011234567890189,EUR,231149.74,Customer Receipts,Eos Pharma,Receipt AR-10910,Posted
TX-101837,2026-01-23,FR7630006000011234567890189,EUR,9252.58,Customer Receipts,Luma Construction,Receipt AR-12268,Posted
TX-102752,2026-01-23,FR7630006000011234567890189,EUR,-20787.32,Supplier Payments,CloudOps SAS,Payment AP-51047,Posted
TX-101528,2026-01-23,FR7630006000011234567890189,EUR,135780.82,Customer Receipts,Janus Defence,Receipt AR-11878,Posted
TX-101838,2026-01-23,FR7630006000011234567890189,EUR,19026.39,Customer Receipts,Luma Construction,Receipt AR-12269,Posted
TX-101230,2026-01-24,FR7630006000011234567890189,EUR,131286.87,Customer Receipts,Helios Public Transit,Receipt AR-11494,Posted
TX-102112,2026-01-25,FR7630006000011234567890189,EUR,-59043.44,Supplier Payments,Polymer Industries,Payment AP-50283,Posted
TX-100141,2026-01-25,FR7630006000011234567890189,EUR,75447.84,Customer Receipts,Atlas Energy Group,Receipt AR-10141,Posted
TX-102497,2026-01-25,FR7630006000011234567890189,EUR,-29818.03,Supplier Payments,Logistica Express,Payment AP-50747,Posted
TX-103013,2026-01-25,FR7630006000011234567890189,EUR,-8344.27,Supplier Payments,Global Insurance Co,Payment AP-51372,Posted
TX-102623,2026-01-25,FR7630006000011234567890189,EUR,-15408.94,Supplier Payments,EnerGrid,Payment AP-50902,Posted
TX-103152,2026-01-26,FR7630006000011234567890189,EUR,-2361.06,Supplier Payments,Audit & Co,Payment AP-51554,Posted
TX-100443,2026-01-26,GB29NWBK60161331926819,GBP,42108.78,Customer Receipts,Caledonia Rail,Receipt AR-10523,Posted
TX-100763,2026-01-26,FR7630006000011234567890189,EUR,36037.27,Customer Receipts,Eos Pharma,Receipt AR-10911,Posted
TX-100608,2026-01-26,US64SVBKUS6S3300958879,USD,218007.02,Customer Receipts,Delphi Aerospace,Receipt AR-10721,Posted
TX-101966,2026-01-26,FR7630006000011234567890189,EUR,-84153.51,Supplier Payments,Steelworks Holding,Payment AP-50108,Posted
TX-101526,2026-01-27,FR7630006000011234567890189,EUR,306776.67,Customer Receipts,Janus Defence,Receipt AR-11876,Posted
TX-101220,2026-01-27,FR7630006000011234567890189,EUR,93337.4,Customer Receipts,Helios Public Transit,Receipt AR-11484,Posted
TX-102626,2026-01-27,FR7630006000011234567890189,EUR,-30790.14,Supplier Payments,EnerGrid,Payment AP-50905,Posted
TX-100611,2026-01-28,US64SVBKUS6S3300958879,USD,129191.09,Customer Receipts,Delphi Aerospace,Receipt AR-10724,Posted
TX-102240,2026-01-28,GB29NWBK60161331926819,GBP,-36228.56,Supplier Payments,Voltage Components Ltd,Payment AP-50439,Posted
TX-100142,2026-01-28,FR7630006000011234567890189,EUR,38637.48,Customer Receipts,Atlas Energy Group,Receipt AR-10142,Posted
TX-101841,2026-01-28,FR7630006000011234567890189,EUR,46403.0,Customer Receipts,Luma Construction,Receipt AR-12272,Posted
TX-103147,2026-01-28,FR7630006000011234567890189,EUR,-6351.98,Supplier Payments,Audit & Co,Payment AP-51549,Posted
TX-100607,2026-01-29,US64SVBKUS6S3300958879,USD,145595.57,Customer Receipts,Delphi Aerospace,Receipt AR-10720,Posted
TX-100769,2026-01-29,FR7630006000011234567890189,EUR,46713.85,Customer Receipts,Eos Pharma,Receipt AR-10917,Posted
TX-101225,2026-01-29,FR7630006000011234567890189,EUR,52696.08,Customer Receipts,Helios Public Transit,Receipt AR-11489,Posted
TX-103015,2026-01-29,FR7630006000011234567890189,EUR,-9141.21,Supplier Payments,Global Insurance Co,Payment AP-51374,Posted
TX-101968,2026-01-29,FR7630006000011234567890189,EUR,-94690.34,Supplier Payments,Steelworks Holding,Payment AP-50110,Posted
TX-100138,2026-01-30,FR7630006000011234567890189,EUR,39571.55,Customer Receipts,Atlas Energy Group,Receipt AR-10138,Posted
TX-102363,2026-01-30,US64SVBKUS6S3300958879,USD,-62910.43,Supplier Payments,MicroChip US Inc.,Payment AP-50585,Posted
TX-100767,2026-01-30,FR7630006000011234567890189,EUR,50818.52,Customer Receipts,Eos Pharma,Receipt AR-10915,Posted
TX-102495,2026-01-30,FR7630006000011234567890189,EUR,-44077.9,Supplier Payments,Logistica Express,Payment AP-50745,Posted
TX-100606,2026-01-31,US64SVBKUS6S3300958879,USD,32607.29,Customer Receipts,Delphi Aerospace,Receipt AR-10719,Posted
TX-101537,2026-01-31,FR7630006000011234567890189,EUR,27044.15,Customer Receipts,Janus Defence,Receipt AR-11887,Posted
TX-102370,2026-01-31,US64SVBKUS6S3300958879,USD,-23940.54,Supplier Payments,MicroChip US Inc.,Payment AP-50592,Posted
TX-100448,2026-01-31,GB29NWBK60161331926819,GBP,5186.93,Customer Receipts,Caledonia Rail,Receipt AR-10528,Posted
TX-700132,2026-01-31,FR7630006000011234567890245,EUR,-1998000.0,Payroll,Employees,Monthly payroll 2026-01,Posted
TX-700137,2026-01-31,FR7630006000011234567890189,EUR,-4189.61,Bank Fees,BNP Paribas,Banking fees 2026-01,Posted
TX-102113,2026-02-01,FR7630006000011234567890189,EUR,-44276.57,Supplier Payments,Polymer Industries,Payment AP-50284,Posted
TX-101971,2026-02-01,FR7630006000011234567890189,EUR,-71915.51,Supplier Payments,Steelworks Holding,Payment AP-50113,Posted
TX-101067,2026-02-01,FR7630006000011234567890189,EUR,42241.23,Customer Receipts,Gaia Renewables,Receipt AR-11293,Posted
TX-103154,2026-02-01,FR7630006000011234567890189,EUR,-4494.76,Supplier Payments,Audit & Co,Payment AP-51556,Posted
TX-700142,2026-02-01,FR7630006000011234567890189,EUR,-185000.0,Rent,SCI Helios Properties,Office & plant rent 2026-02,Posted
TX-101065,2026-02-03,FR7630006000011234567890189,EUR,104811.63,Customer Receipts,Gaia Renewables,Receipt AR-11291,Posted
TX-102878,2026-02-03,FR7630006000011234567890189,EUR,-12871.18,Supplier Payments,Atelier Maintenance,Payment AP-51202,Posted
TX-101371,2026-02-03,FR7630006000011234567890189,EUR,34307.13,Customer Receipts,Indus Logistics,Receipt AR-11686,Posted
TX-103016,2026-02-04,FR7630006000011234567890189,EUR,-25136.06,Supplier Payments,Global Insurance Co,Payment AP-51375,Posted
TX-102873,2026-02-04,FR7630006000011234567890189,EUR,-10225.07,Supplier Payments,Atelier Maintenance,Payment AP-51197,Posted
TX-102500,2026-02-04,FR7630006000011234567890189,EUR,-36044.94,Supplier Payments,Logistica Express,Payment AP-50750,Posted
TX-101675,2026-02-04,FR7630006000011234567890189,EUR,27997.32,Customer Receipts,Kepler Robotics,Receipt AR-12064,Posted
TX-102251,2026-02-04,GB29NWBK60161331926819,GBP,-34151.83,Supplier Payments,Voltage Components Ltd,Payment AP-50450,Posted
TX-100610,2026-02-04,US64SVBKUS6S3300958879,USD,89600.29,Customer Receipts,Delphi Aerospace,Receipt AR-10723,Posted
TX-101373,2026-02-04,FR7630006000011234567890189,EUR,16949.73,Customer Receipts,Indus Logistics,Receipt AR-11688,Posted
TX-100766,2026-02-04,FR7630006000011234567890189,EUR,63205.22,Customer Receipts,Eos Pharma,Receipt AR-10914,Posted
TX-101674,2026-02-04,FR7630006000011234567890189,EUR,35306.45,Customer Receipts,Kepler Robotics,Receipt AR-12063,Posted
TX-100287,2026-02-04,FR7630006000011234567890189,EUR,54260.51,Customer Receipts,Borealis Mobility,Receipt AR-10327,Posted
TX-103153,2026-02-04,FR7630006000011234567890189,EUR,-3726.23,Supplier Payments,Audit & Co,Payment AP-51555,Posted
TX-101534,2026-02-04,FR7630006000011234567890189,EUR,70552.51,Customer Receipts,Janus Defence,Receipt AR-11884,Posted
TX-100449,2026-02-04,GB29NWBK60161331926819,GBP,119335.21,Customer Receipts,Caledonia Rail,Receipt AR-10529,Posted
TX-100296,2026-02-05,FR7630006000011234567890189,EUR,132203.7,Customer Receipts,Borealis Mobility,Receipt AR-10336,Posted
TX-100136,2026-02-05,FR7630006000011234567890189,EUR,115111.17,Customer Receipts,Atlas Energy Group,Receipt AR-10136,Posted
TX-101229,2026-02-05,FR7630006000011234567890189,EUR,54892.1,Customer Receipts,Helios Public Transit,Receipt AR-11493,Posted
TX-102879,2026-02-05,FR7630006000011234567890189,EUR,-8092.82,Supplier Payments,Atelier Maintenance,Payment AP-51203,Posted
TX-700133,2026-02-05,FR7630006000011234567890366,EUR,-839160.0,Social Charges,URSSAF,Social charges 2026-01,Posted
TX-101227,2026-02-06,FR7630006000011234567890189,EUR,127598.33,Customer Receipts,Helios Public Transit,Receipt AR-11491,Posted
TX-102245,2026-02-06,GB29NWBK60161331926819,GBP,-19428.43,Supplier Payments,Voltage Components Ltd,Payment AP-50444,Posted
TX-102630,2026-02-06,FR7630006000011234567890189,EUR,-82117.83,Supplier Payments,EnerGrid,Payment AP-50909,Posted
TX-101375,2026-02-06,FR7630006000011234567890189,EUR,90664.77,Customer Receipts,Indus Logistics,Receipt AR-11690,Posted
TX-101224,2026-02-06,FR7630006000011234567890189,EUR,51653.53,Customer Receipts,Helios Public Transit,Receipt AR-11488,Posted
TX-102115,2026-02-06,FR7630006000011234567890189,EUR,-86584.35,Supplier Payments,Polymer Industries,Payment AP-50286,Posted
TX-102114,2026-02-06,FR7630006000011234567890189,EUR,-73760.99,Supplier Payments,Polymer Industries,Payment AP-50285,Posted
TX-100137,2026-02-07,FR7630006000011234567890189,EUR,173636.66,Customer Receipts,Atlas Energy Group,Receipt AR-10137,Posted
TX-101678,2026-02-07,FR7630006000011234567890189,EUR,111821.1,Customer Receipts,Kepler Robotics,Receipt AR-12067,Posted
TX-102505,2026-02-07,FR7630006000011234567890189,EUR,-16584.69,Supplier Payments,Logistica Express,Payment AP-50755,Posted
TX-102876,2026-02-07,FR7630006000011234567890189,EUR,-8261.8,Supplier Payments,Atelier Maintenance,Payment AP-51200,Posted
TX-101226,2026-02-07,FR7630006000011234567890189,EUR,16112.91,Customer Receipts,Helios Public Transit,Receipt AR-11490,Posted
TX-101068,2026-02-07,FR7630006000011234567890189,EUR,84409.55,Customer Receipts,Gaia Renewables,Receipt AR-11294,Posted
TX-101835,2026-02-07,FR7630006000011234567890189,EUR,12679.34,Customer Receipts,Luma Construction,Receipt AR-12266,Posted
TX-101529,2026-02-07,FR7630006000011234567890189,EUR,91491.96,Customer Receipts,Janus Defence,Receipt AR-11879,Posted
TX-103150,2026-02-07,FR7630006000011234567890189,EUR,-16329.59,Supplier Payments,Audit & Co,Payment AP-51552,Posted
TX-103017,2026-02-07,FR7630006000011234567890189,EUR,-7295.61,Supplier Payments,Global Insurance Co,Payment AP-51376,Posted
TX-102371,2026-02-08,US64SVBKUS6S3300958879,USD,-68743.84,Supplier Payments,MicroChip US Inc.,Payment AP-50593,Posted
TX-100447,2026-02-08,GB29NWBK60161331926819,GBP,107248.75,Customer Receipts,Caledonia Rail,Receipt AR-10527,Posted
TX-102877,2026-02-08,FR7630006000011234567890189,EUR,-29378.54,Supplier Payments,Atelier Maintenance,Payment AP-51201,Posted
TX-101965,2026-02-08,FR7630006000011234567890189,EUR,-319741.2,Supplier Payments,Steelworks Holding,Payment AP-50107,Posted
TX-101676,2026-02-08,FR7630006000011234567890189,EUR,120933.62,Customer Receipts,Kepler Robotics,Receipt AR-12065,Posted
TX-102248,2026-02-08,GB29NWBK60161331926819,GBP,-30861.4,Supplier Payments,Voltage Components Ltd,Payment AP-50447,Posted
TX-100133,2026-02-08,FR7630006000011234567890189,EUR,37463.53,Customer Receipts,Atlas Energy Group,Receipt AR-10133,Posted
TX-102249,2026-02-08,GB29NWBK60161331926819,GBP,-21559.47,Supplier Payments,Voltage Components Ltd,Payment AP-50448,Posted
TX-102116,2026-02-08,FR7630006000011234567890189,EUR,-67556.72,Supplier Payments,Polymer Industries,Payment AP-50287,Posted
TX-102111,2026-02-09,FR7630006000011234567890189,EUR,-33460.55,Supplier Payments,Polymer Industries,Payment AP-50282,Posted
TX-101972,2026-02-09,FR7630006000011234567890189,EUR,-4183.28,Supplier Payments,Steelworks Holding,Payment AP-50114,Posted
TX-102874,2026-02-09,FR7630006000011234567890189,EUR,-6240.39,Supplier Payments,Atelier Maintenance,Payment AP-51198,Posted
TX-100914,2026-02-09,FR7630006000011234567890189,EUR,91986.48,Customer Receipts,Forge Manufacturing,Receipt AR-11100,Posted
TX-103149,2026-02-10,FR7630006000011234567890189,EUR,-6264.22,Supplier Payments,Audit & Co,Payment AP-51551,Posted
TX-100135,2026-02-10,FR7630006000011234567890189,EUR,119873.56,Customer Receipts,Atlas Energy Group,Receipt AR-10135,Posted
TX-101376,2026-02-10,FR7630006000011234567890189,EUR,48539.67,Customer Receipts,Indus Logistics,Receipt AR-11691,Posted
TX-900028,2026-02-10,FR7630006000011234567890189,EUR,-15858.72,FX Hedging,HSBC FX Desk,FX forward premium,Posted
TX-102372,2026-02-11,US64SVBKUS6S3300958879,USD,-63877.35,Supplier Payments,MicroChip US Inc.,Payment AP-50594,Posted
TX-101969,2026-02-11,FR7630006000011234567890189,EUR,-125910.07,Supplier Payments,Steelworks Holding,Payment AP-50111,Posted
TX-101677,2026-02-11,FR7630006000011234567890189,EUR,13097.39,Customer Receipts,Kepler Robotics,Receipt AR-12066,Posted
TX-101839,2026-02-11,FR7630006000011234567890189,EUR,39132.27,Customer Receipts,Luma Construction,Receipt AR-12270,Posted
TX-102872,2026-02-12,FR7630006000011234567890189,EUR,-1734.07,Supplier Payments,Atelier Maintenance,Payment AP-51196,Posted
TX-101530,2026-02-12,FR7630006000011234567890189,EUR,118377.41,Customer Receipts,Janus Defence,Receipt AR-11880,Posted
TX-100292,2026-02-12,FR7630006000011234567890189,EUR,166148.93,Customer Receipts,Borealis Mobility,Receipt AR-10332,Posted
TX-101840,2026-02-12,FR7630006000011234567890189,EUR,34405.39,Customer Receipts,Luma Construction,Receipt AR-12271,Posted
TX-101372,2026-02-12,FR7630006000011234567890189,EUR,30868.68,Customer Receipts,Indus Logistics,Receipt AR-11687,Posted
TX-101845,2026-02-13,FR7630006000011234567890189,EUR,63628.91,Customer Receipts,Luma Construction,Receipt AR-12276,Posted
TX-102250,2026-02-14,GB29NWBK60161331926819,GBP,-36098.06,Supplier Payments,Voltage Components Ltd,Payment AP-50449,Posted
TX-101535,2026-02-14,FR7630006000011234567890189,EUR,59858.2,Customer Receipts,Janus Defence,Receipt AR-11885,Posted
TX-102885,2026-02-14,FR7630006000011234567890189,EUR,-2382.41,Supplier Payments,Atelier Maintenance,Payment AP-51209,Posted
TX-101532,2026-02-14,FR7630006000011234567890189,EUR,216621.72,Customer Receipts,Janus Defence,Receipt AR-11882,Posted
TX-101673,2026-02-14,FR7630006000011234567890189,EUR,9482.41,Customer Receipts,Kepler Robotics,Receipt AR-12062,Posted
TX-101374,2026-02-15,FR7630006000011234567890189,EUR,15381.11,Customer Receipts,Indus Logistics,Receipt AR-11689,Posted
TX-102502,2026-02-15,FR7630006000011234567890189,EUR,-10738.95,Supplier Payments,Logistica Express,Payment AP-50752,Posted
TX-700143,2026-02-15,FR7630006000011234567890189,EUR,-125000.0,Debt Service,Bond Trustee,Senior notes coupon + amortization,Posted
TX-101842,2026-02-15,FR7630006000011234567890189,EUR,19638.1,Customer Receipts,Luma Construction,Receipt AR-12273,Posted
TX-102498,2026-02-16,FR7630006000011234567890189,EUR,-8150.69,Supplier Payments,Logistica Express,Payment AP-50748,Posted
TX-101536,2026-02-16,FR7630006000011234567890189,EUR,50007.38,Customer Receipts,Janus Defence,Receipt AR-11886,Posted
TX-100144,2026-02-16,FR7630006000011234567890189,EUR,126013.61,Customer Receipts,Atlas Energy Group,Receipt AR-10144,Posted
TX-100295,2026-02-16,FR7630006000011234567890189,EUR,31414.93,Customer Receipts,Borealis Mobility,Receipt AR-10335,Posted
TX-102631,2026-02-16,FR7630006000011234567890189,EUR,-4612.53,Supplier Payments,EnerGrid,Payment AP-50910,Posted
TX-102754,2026-02-16,FR7630006000011234567890189,EUR,-38315.11,Supplier Payments,CloudOps SAS,Payment AP-51049,Posted
TX-101078,2026-02-17,FR7630006000011234567890189,EUR,62458.79,Customer Receipts,Gaia Renewables,Receipt AR-11304,Posted
TX-102757,2026-02-17,FR7630006000011234567890189,EUR,-5235.97,Supplier Payments,CloudOps SAS,Payment AP-51052,Posted
TX-102246,2026-02-17,GB29NWBK60161331926819,GBP,-6247.91,Supplier Payments,Voltage Components Ltd,Payment AP-50445,Posted
TX-100446,2026-02-19,GB29NWBK60161331926819,GBP,103569.81,Customer Receipts,Caledonia Rail,Receipt AR-10526,Posted
TX-101978,2026-02-19,FR7630006000011234567890189,EUR,-68383.2,Supplier Payments,Steelworks Holding,Payment AP-50120,Posted
TX-100297,2026-02-19,FR7630006000011234567890189,EUR,80945.62,Customer Receipts,Borealis Mobility,Receipt AR-10337,Posted
TX-101533,2026-02-19,FR7630006000011234567890189,EUR,69216.78,Customer Receipts,Janus Defence,Receipt AR-11883,Posted
TX-102756,2026-02-19,FR7630006000011234567890189,EUR,-22863.21,Supplier Payments,CloudOps SAS,Payment AP-51051,Posted
TX-102366,2026-02-19,US64SVBKUS6S3300958879,USD,-52628.46,Supplier Payments,MicroChip US Inc.,Payment AP-50588,Posted
TX-102119,2026-02-20,FR7630006000011234567890189,EUR,-24845.55,Supplier Payments,Polymer Industries,Payment AP-50290,Posted
TX-102368,2026-02-20,US64SVBKUS6S3300958879,USD,-105019.98,Supplier Payments,MicroChip US Inc.,Payment AP-50590,Posted
TX-101228,2026-02-20,FR7630006000011234567890189,EUR,102336.91,Customer Receipts,Helios Public Transit,Receipt AR-11492,Posted
TX-700134,2026-02-20,FR7630006000011234567890366,EUR,-360022.05,VAT,DGFiP,VAT 2026-01,Posted
TX-101071,2026-02-20,FR7630006000011234567890189,EUR,26446.97,Customer Receipts,Gaia Renewables,Receipt AR-11297,Posted
TX-100917,2026-02-21,FR7630006000011234567890189,EUR,163011.43,Customer Receipts,Forge Manufacturing,Receipt AR-11103,Posted
TX-102367,2026-02-21,US64SVBKUS6S3300958879,USD,-15440.34,Supplier Payments,MicroChip US Inc.,Payment AP-50589,Posted
TX-100294,2026-02-21,FR7630006000011234567890189,EUR,135570.04,Customer Receipts,Borealis Mobility,Receipt AR-10334,Posted
TX-101531,2026-02-21,FR7630006000011234567890189,EUR,69529.16,Customer Receipts,Janus Defence,Receipt AR-11881,Posted
TX-100768,2026-02-22,FR7630006000011234567890189,EUR,36942.17,Customer Receipts,Eos Pharma,Receipt AR-10916,Posted
TX-100293,2026-02-22,FR7630006000011234567890189,EUR,54994.2,Customer Receipts,Borealis Mobility,Receipt AR-10333,Posted
TX-100148,2026-02-23,FR7630006000011234567890189,EUR,49729.78,Customer Receipts,Atlas Energy Group,Receipt AR-10148,Posted
TX-102499,2026-02-23,FR7630006000011234567890189,EUR,-23102.34,Supplier Payments,Logistica Express,Payment AP-50749,Posted
TX-102501,2026-02-23,FR7630006000011234567890189,EUR,-36370.49,Supplier Payments,Logistica Express,Payment AP-50751,Posted
TX-102503,2026-02-23,FR7630006000011234567890189,EUR,-11230.57,Supplier Payments,Logistica Express,Payment AP-50753,Posted
TX-100916,2026-02-23,FR7630006000011234567890189,EUR,107560.24,Customer Receipts,Forge Manufacturing,Receipt AR-11102,Posted
TX-101679,2026-02-23,FR7630006000011234567890189,EUR,12518.54,Customer Receipts,Kepler Robotics,Receipt AR-12068,Posted
TX-102120,2026-02-23,FR7630006000011234567890189,EUR,-53323.62,Supplier Payments,Polymer Industries,Payment AP-50291,Posted
TX-100291,2026-02-24,FR7630006000011234567890189,EUR,70237.71,Customer Receipts,Borealis Mobility,Receipt AR-10331,Posted
TX-100918,2026-02-24,FR7630006000011234567890189,EUR,23358.24,Customer Receipts,Forge Manufacturing,Receipt AR-11104,Posted
TX-102755,2026-02-24,FR7630006000011234567890189,EUR,-3935.36,Supplier Payments,CloudOps SAS,Payment AP-51050,Posted
TX-100149,2026-02-24,FR7630006000011234567890189,EUR,244888.81,Customer Receipts,Atlas Energy Group,Receipt AR-10149,Posted
TX-102883,2026-02-24,FR7630006000011234567890189,EUR,-10901.0,Supplier Payments,Atelier Maintenance,Payment AP-51207,Posted
TX-103160,2026-02-25,FR7630006000011234567890189,EUR,-5901.6,Supplier Payments,Audit & Co,Payment AP-51562,Posted
TX-101847,2026-02-25,FR7630006000011234567890189,EUR,5960.03,Customer Receipts,Luma Construction,Receipt AR-12278,Posted
TX-700145,2026-02-25,FR7630006000011234567890189,EUR,-232421.41,Capex,Various Equipment Vendors,Plant capex,Posted
TX-101844,2026-02-25,FR7630006000011234567890189,EUR,103524.16,Customer Receipts,Luma Construction,Receipt AR-12275,Posted
TX-102504,2026-02-25,FR7630006000011234567890189,EUR,-18995.27,Supplier Payments,Logistica Express,Payment AP-50754,Posted
TX-102629,2026-02-25,FR7630006000011234567890189,EUR,-9358.59,Supplier Payments,EnerGrid,Payment AP-50908,Posted
TX-102244,2026-02-25,GB29NWBK60161331926819,GBP,-12267.82,Supplier Payments,Voltage Components Ltd,Payment AP-50443,Posted
TX-101069,2026-02-25,FR7630006000011234567890189,EUR,6382.19,Customer Receipts,Gaia Renewables,Receipt AR-11295,Posted
TX-100765,2026-02-26,FR7630006000011234567890189,EUR,68620.21,Customer Receipts,Eos Pharma,Receipt AR-10913,Posted
TX-102882,2026-02-26,FR7630006000011234567890189,EUR,-10750.83,Supplier Payments,Atelier Maintenance,Payment AP-51206,Posted
TX-101976,2026-02-26,FR7630006000011234567890189,EUR,-161051.64,Supplier Payments,Steelworks Holding,Payment AP-50118,Posted
TX-101684,2026-02-26,FR7630006000011234567890189,EUR,24705.65,Customer Receipts,Kepler Robotics,Receipt AR-12073,Posted
TX-102632,2026-02-26,FR7630006000011234567890189,EUR,-16275.08,Supplier Payments,EnerGrid,Payment AP-50911,Posted
TX-101076,2026-02-27,FR7630006000011234567890189,EUR,26233.72,Customer Receipts,Gaia Renewables,Receipt AR-11302,Posted
TX-102887,2026-02-28,FR7630006000011234567890189,EUR,-6341.08,Supplier Payments,Atelier Maintenance,Payment AP-51211,Posted
TX-102886,2026-02-28,FR7630006000011234567890189,EUR,-20376.96,Supplier Payments,Atelier Maintenance,Payment AP-51210,Posted
TX-103156,2026-02-28,FR7630006000011234567890189,EUR,-684.24,Supplier Payments,Audit & Co,Payment AP-51558,Posted
TX-700139,2026-02-28,FR7630006000011234567890245,EUR,-2005400.0,Payroll,Employees,Monthly payroll 2026-02,Posted
TX-102247,2026-02-28,GB29NWBK60161331926819,GBP,-38709.09,Supplier Payments,Voltage Components Ltd,Payment AP-50446,Posted
TX-101070,2026-02-28,FR7630006000011234567890189,EUR,46093.55,Customer Receipts,Gaia Renewables,Receipt AR-11296,Posted
TX-700144,2026-02-28,FR7630006000011234567890189,EUR,-4468.58,Bank Fees,BNP Paribas,Banking fees 2026-02,Posted
TX-100915,2026-02-28,FR7630006000011234567890189,EUR,210165.9,Customer Receipts,Forge Manufacturing,Receipt AR-11101,Posted
TX-100146,2026-02-28,FR7630006000011234567890189,EUR,104234.84,Customer Receipts,Atlas Energy Group,Receipt AR-10146,Posted
TX-101075,2026-03-01,FR7630006000011234567890189,EUR,26370.03,Customer Receipts,Gaia Renewables,Receipt AR-11301,Posted
TX-700149,2026-03-01,FR7630006000011234567890189,EUR,-185000.0,Rent,SCI Helios Properties,Office & plant rent 2026-03,Posted
TX-100145,2026-03-01,FR7630006000011234567890189,EUR,49897.96,Customer Receipts,Atlas Energy Group,Receipt AR-10145,Posted
TX-101073,2026-03-01,FR7630006000011234567890189,EUR,8754.64,Customer Receipts,Gaia Renewables,Receipt AR-11299,Posted
TX-102881,2026-03-01,FR7630006000011234567890189,EUR,-13259.23,Supplier Payments,Atelier Maintenance,Payment AP-51205,Posted
TX-100143,2026-03-02,FR7630006000011234567890189,EUR,133915.63,Customer Receipts,Atlas Energy Group,Receipt AR-10143,Posted
TX-102123,2026-03-02,FR7630006000011234567890189,EUR,-74997.61,Supplier Payments,Polymer Industries,Payment AP-50294,Posted
TX-102369,2026-03-03,US64SVBKUS6S3300958879,USD,-176866.96,Supplier Payments,MicroChip US Inc.,Payment AP-50591,Posted
TX-101686,2026-03-03,FR7630006000011234567890189,EUR,14697.69,Customer Receipts,Kepler Robotics,Receipt AR-12075,Posted
TX-102373,2026-03-03,US64SVBKUS6S3300958879,USD,-84319.8,Supplier Payments,MicroChip US Inc.,Payment AP-50595,Posted
TX-100298,2026-03-03,FR7630006000011234567890189,EUR,57029.88,Customer Receipts,Borealis Mobility,Receipt AR-10338,Posted
TX-103158,2026-03-03,FR7630006000011234567890189,EUR,-8617.37,Supplier Payments,Audit & Co,Payment AP-51560,Posted
TX-102376,2026-03-03,US64SVBKUS6S3300958879,USD,-52976.81,Supplier Payments,MicroChip US Inc.,Payment AP-50598,Posted
TX-103159,2026-03-03,FR7630006000011234567890189,EUR,-6653.17,Supplier Payments,Audit & Co,Payment AP-51561,Posted
TX-100927,2026-03-04,FR7630006000011234567890189,EUR,4420.67,Customer Receipts,Forge Manufacturing,Receipt AR-11113,Posted
TX-101979,2026-03-04,FR7630006000011234567890189,EUR,-197039.54,Supplier Payments,Steelworks Holding,Payment AP-50121,Posted
TX-101540,2026-03-04,FR7630006000011234567890189,EUR,122695.82,Customer Receipts,Janus Defence,Receipt AR-11890,Posted
TX-700140,2026-03-05,FR7630006000011234567890366,EUR,-842268.0,Social Charges,URSSAF,Social charges 2026-02,Posted
TX-100614,2026-03-05,US64SVBKUS6S3300958879,USD,275160.06,Customer Receipts,Delphi Aerospace,Receipt AR-10727,Posted
TX-100615,2026-03-06,US64SVBKUS6S3300958879,USD,191770.47,Customer Receipts,Delphi Aerospace,Receipt AR-10728,Posted
TX-101685,2026-03-06,FR7630006000011234567890189,EUR,31176.89,Customer Receipts,Kepler Robotics,Receipt AR-12074,Posted
TX-103157,2026-03-06,FR7630006000011234567890189,EUR,-3285.98,Supplier Payments,Audit & Co,Payment AP-51559,Posted
TX-101231,2026-03-06,FR7630006000011234567890189,EUR,144052.78,Customer Receipts,Helios Public Transit,Receipt AR-11495,Posted
TX-100456,2026-03-07,GB29NWBK60161331926819,GBP,20019.27,Customer Receipts,Caledonia Rail,Receipt AR-10536,Posted
TX-100457,2026-03-07,GB29NWBK60161331926819,GBP,27698.01,Customer Receipts,Caledonia Rail,Receipt AR-10537,Posted
TX-101682,2026-03-07,FR7630006000011234567890189,EUR,31606.54,Customer Receipts,Kepler Robotics,Receipt AR-12071,Posted
TX-101235,2026-03-07,FR7630006000011234567890189,EUR,29910.68,Customer Receipts,Helios Public Transit,Receipt AR-11499,Posted
TX-102884,2026-03-07,FR7630006000011234567890189,EUR,-12774.24,Supplier Payments,Atelier Maintenance,Payment AP-51208,Posted
TX-102377,2026-03-07,US64SVBKUS6S3300958879,USD,-30642.94,Supplier Payments,MicroChip US Inc.,Payment AP-50599,Posted
TX-102121,2026-03-08,FR7630006000011234567890189,EUR,-79519.45,Supplier Payments,Polymer Industries,Payment AP-50292,Posted
TX-101974,2026-03-08,FR7630006000011234567890189,EUR,-72823.12,Supplier Payments,Steelworks Holding,Payment AP-50116,Posted
TX-102375,2026-03-09,US64SVBKUS6S3300958879,USD,-25038.93,Supplier Payments,MicroChip US Inc.,Payment AP-50597,Posted
TX-101973,2026-03-09,FR7630006000011234567890189,EUR,-151512.15,Supplier Payments,Steelworks Holding,Payment AP-50115,Posted
TX-102118,2026-03-09,FR7630006000011234567890189,EUR,-86997.04,Supplier Payments,Polymer Industries,Payment AP-50289,Posted
TX-101380,2026-03-09,FR7630006000011234567890189,EUR,66716.87,Customer Receipts,Indus Logistics,Receipt AR-11695,Posted
TX-101975,2026-03-09,FR7630006000011234567890189,EUR,-26470.47,Supplier Payments,Steelworks Holding,Payment AP-50117,Posted
TX-100613,2026-03-10,US64SVBKUS6S3300958879,USD,260563.83,Customer Receipts,Delphi Aerospace,Receipt AR-10726,Posted
TX-101222,2026-03-10,FR7630006000011234567890189,EUR,112704.86,Customer Receipts,Helios Public Transit,Receipt AR-11486,Posted
TX-101077,2026-03-10,FR7630006000011234567890189,EUR,22989.41,Customer Receipts,Gaia Renewables,Receipt AR-11303,Posted
TX-900030,2026-03-10,FR7630006000011234567890189,EUR,-15690.61,FX Hedging,HSBC FX Desk,FX forward premium,Posted
TX-100612,2026-03-10,US64SVBKUS6S3300958879,USD,273793.53,Customer Receipts,Delphi Aerospace,Receipt AR-10725,Posted
TX-101223,2026-03-10,FR7630006000011234567890189,EUR,104668.41,Customer Receipts,Helios Public Transit,Receipt AR-11487,Posted
TX-101382,2026-03-12,FR7630006000011234567890189,EUR,21840.18,Customer Receipts,Indus Logistics,Receipt AR-11697,Posted
TX-101683,2026-03-12,FR7630006000011234567890189,EUR,63993.37,Customer Receipts,Kepler Robotics,Receipt AR-12072,Posted
TX-101681,2026-03-12,FR7630006000011234567890189,EUR,29027.41,Customer Receipts,Kepler Robotics,Receipt AR-12070,Posted
TX-102122,2026-03-12,FR7630006000011234567890189,EUR,-51606.55,Supplier Payments,Polymer Industries,Payment AP-50293,Posted
TX-101977,2026-03-13,FR7630006000011234567890189,EUR,-26216.39,Supplier Payments,Steelworks Holding,Payment AP-50119,Posted
TX-101232,2026-03-13,FR7630006000011234567890189,EUR,20772.19,Customer Receipts,Helios Public Transit,Receipt AR-11496,Posted
TX-102758,2026-03-13,FR7630006000011234567890189,EUR,-22948.48,Supplier Payments,CloudOps SAS,Payment AP-51053,Posted
TX-101072,2026-03-13,FR7630006000011234567890189,EUR,81785.5,Customer Receipts,Gaia Renewables,Receipt AR-11298,Posted
TX-103019,2026-03-13,FR7630006000011234567890189,EUR,-7254.29,Supplier Payments,Global Insurance Co,Payment AP-51378,Posted
TX-100616,2026-03-14,US64SVBKUS6S3300958879,USD,309042.1,Customer Receipts,Delphi Aerospace,Receipt AR-10729,Posted
TX-700153,2026-03-14,FR7630006000011234567890189,EUR,-482340.5,Capex,Various Equipment Vendors,Plant capex,Posted
TX-102255,2026-03-14,GB29NWBK60161331926819,GBP,-83882.99,Supplier Payments,Voltage Components Ltd,Payment AP-50454,Posted
TX-100147,2026-03-14,FR7630006000011234567890189,EUR,159260.01,Customer Receipts,Atlas Energy Group,Receipt AR-10147,Posted
TX-101381,2026-03-14,FR7630006000011234567890189,EUR,17422.64,Customer Receipts,Indus Logistics,Receipt AR-11696,Posted
TX-103020,2026-03-14,FR7630006000011234567890189,EUR,-8302.48,Supplier Payments,Global Insurance Co,Payment AP-51379,Posted
TX-103022,2026-03-14,FR7630006000011234567890189,EUR,-12671.83,Supplier Payments,Global Insurance Co,Payment AP-51381,Posted
TX-101843,2026-03-15,FR7630006000011234567890189,EUR,5211.25,Customer Receipts,Luma Construction,Receipt AR-12274,Posted
TX-103018,2026-03-15,FR7630006000011234567890189,EUR,-1736.06,Supplier Payments,Global Insurance Co,Payment AP-51377,Posted
TX-100921,2026-03-15,FR7630006000011234567890189,EUR,131797.88,Customer Receipts,Forge Manufacturing,Receipt AR-11107,Posted
TX-700150,2026-03-15,FR7630006000011234567890189,EUR,-125000.0,Debt Service,Bond Trustee,Senior notes coupon + amortization,Posted
TX-700152,2026-03-15,FR7630006000011234567890366,EUR,-527889.21,Corporate Tax,DGFiP,IS quarterly instalment 2026-03,Posted
TX-100770,2026-03-16,FR7630006000011234567890189,EUR,147573.51,Customer Receipts,Eos Pharma,Receipt AR-10918,Posted
TX-101074,2026-03-16,FR7630006000011234567890189,EUR,8099.98,Customer Receipts,Gaia Renewables,Receipt AR-11300,Posted
TX-102880,2026-03-16,FR7630006000011234567890189,EUR,-16036.69,Supplier Payments,Atelier Maintenance,Payment AP-51204,Posted
TX-101688,2026-03-16,FR7630006000011234567890189,EUR,4035.55,Customer Receipts,Kepler Robotics,Receipt AR-12077,Posted
TX-100926,2026-03-16,FR7630006000011234567890189,EUR,17786.76,Customer Receipts,Forge Manufacturing,Receipt AR-11112,Posted
TX-101687,2026-03-16,FR7630006000011234567890189,EUR,69814.16,Customer Receipts,Kepler Robotics,Receipt AR-12076,Posted
TX-100919,2026-03-17,FR7630006000011234567890189,EUR,61446.73,Customer Receipts,Forge Manufacturing,Receipt AR-11105,Posted
TX-103155,2026-03-17,FR7630006000011234567890189,EUR,-21757.41,Supplier Payments,Audit & Co,Payment AP-51557,Posted
TX-102254,2026-03-17,GB29NWBK60161331926819,GBP,-38038.4,Supplier Payments,Voltage Components Ltd,Payment AP-50453,Posted
TX-101680,2026-03-17,FR7630006000011234567890189,EUR,26831.6,Customer Receipts,Kepler Robotics,Receipt AR-12069,Posted
TX-101384,2026-03-18,FR7630006000011234567890189,EUR,67007.97,Customer Receipts,Indus Logistics,Receipt AR-11699,Posted
TX-101379,2026-03-18,FR7630006000011234567890189,EUR,23570.86,Customer Receipts,Indus Logistics,Receipt AR-11694,Posted
TX-102252,2026-03-18,GB29NWBK60161331926819,GBP,-18399.37,Supplier Payments,Voltage Components Ltd,Payment AP-50451,Posted
TX-102378,2026-03-18,US64SVBKUS6S3300958879,USD,-24484.98,Supplier Payments,MicroChip US Inc.,Payment AP-50600,Posted
TX-101846,2026-03-18,FR7630006000011234567890189,EUR,14850.47,Customer Receipts,Luma Construction,Receipt AR-12277,Posted
TX-101083,2026-03-19,FR7630006000011234567890189,EUR,152730.22,Customer Receipts,Gaia Renewables,Receipt AR-11309,Posted
TX-100773,2026-03-19,FR7630006000011234567890189,EUR,34305.56,Customer Receipts,Eos Pharma,Receipt AR-10921,Posted
TX-102634,2026-03-19,FR7630006000011234567890189,EUR,-88862.95,Supplier Payments,EnerGrid,Payment AP-50913,Posted
TX-101378,2026-03-19,FR7630006000011234567890189,EUR,7303.59,Customer Receipts,Indus Logistics,Receipt AR-11693,Posted
TX-101854,2026-03-20,FR7630006000011234567890189,EUR,17514.32,Customer Receipts,Luma Construction,Receipt AR-12285,Posted
TX-101985,2026-03-20,FR7630006000011234567890189,EUR,-147416.4,Supplier Payments,Steelworks Holding,Payment AP-50127,Posted
TX-100772,2026-03-20,FR7630006000011234567890189,EUR,64318.6,Customer Receipts,Eos Pharma,Receipt AR-10920,Posted
TX-101383,2026-03-20,FR7630006000011234567890189,EUR,12478.54,Customer Receipts,Indus Logistics,Receipt AR-11698,Posted
TX-700141,2026-03-20,FR7630006000011234567890366,EUR,-345749.28,VAT,DGFiP,VAT 2026-02,Posted
TX-100455,2026-03-21,GB29NWBK60161331926819,GBP,23131.66,Customer Receipts,Caledonia Rail,Receipt AR-10535,Posted
TX-100151,2026-03-21,FR7630006000011234567890189,EUR,26083.34,Customer Receipts,Atlas Energy Group,Receipt AR-10151,Posted
TX-100153,2026-03-21,FR7630006000011234567890189,EUR,56982.63,Customer Receipts,Atlas Energy Group,Receipt AR-10153,Posted
TX-100154,2026-03-21,FR7630006000011234567890189,EUR,102523.13,Customer Receipts,Atlas Energy Group,Receipt AR-10154,Posted
TX-101981,2026-03-21,FR7630006000011234567890189,EUR,-54543.74,Supplier Payments,Steelworks Holding,Payment AP-50123,Posted
TX-101233,2026-03-21,FR7630006000011234567890189,EUR,143698.36,Customer Receipts,Helios Public Transit,Receipt AR-11497,Posted
TX-103023,2026-03-22,FR7630006000011234567890189,EUR,-2936.22,Supplier Payments,Global Insurance Co,Payment AP-51382,Posted
TX-101541,2026-03-22,FR7630006000011234567890189,EUR,101751.51,Customer Receipts,Janus Defence,Receipt AR-11891,Posted
TX-101538,2026-03-22,FR7630006000011234567890189,EUR,46334.55,Customer Receipts,Janus Defence,Receipt AR-11888,Posted
TX-100923,2026-03-22,FR7630006000011234567890189,EUR,92101.49,Customer Receipts,Forge Manufacturing,Receipt AR-11109,Posted
TX-100303,2026-03-22,FR7630006000011234567890189,EUR,94770.85,Customer Receipts,Borealis Mobility,Receipt AR-10343,Posted
TX-100623,2026-03-22,US64SVBKUS6S3300958879,USD,88351.78,Customer Receipts,Delphi Aerospace,Receipt AR-10736,Posted
TX-101850,2026-03-23,FR7630006000011234567890189,EUR,37223.6,Customer Receipts,Luma Construction,Receipt AR-12281,Posted
TX-102127,2026-03-23,FR7630006000011234567890189,EUR,-17634.71,Supplier Payments,Polymer Industries,Payment AP-50298,Posted
TX-101377,2026-03-23,FR7630006000011234567890189,EUR,26141.53,Customer Receipts,Indus Logistics,Receipt AR-11692,Posted
TX-102759,2026-03-23,FR7630006000011234567890189,EUR,-4048.58,Supplier Payments,CloudOps SAS,Payment AP-51054,Posted
TX-101234,2026-03-23,FR7630006000011234567890189,EUR,79229.28,Customer Receipts,Helios Public Transit,Receipt AR-11498,Posted
TX-100450,2026-03-24,GB29NWBK60161331926819,GBP,38701.64,Customer Receipts,Caledonia Rail,Receipt AR-10530,Posted
TX-102374,2026-03-25,US64SVBKUS6S3300958879,USD,-145295.02,Supplier Payments,MicroChip US Inc.,Payment AP-50596,Posted
TX-102379,2026-03-25,US64SVBKUS6S3300958879,USD,-104204.45,Supplier Payments,MicroChip US Inc.,Payment AP-50601,Posted
TX-100299,2026-03-25,FR7630006000011234567890189,EUR,322047.14,Customer Receipts,Borealis Mobility,Receipt AR-10339,Posted
TX-100619,2026-03-25,US64SVBKUS6S3300958879,USD,38663.68,Customer Receipts,Delphi Aerospace,Receipt AR-10732,Posted
TX-100922,2026-03-25,FR7630006000011234567890189,EUR,81994.2,Customer Receipts,Forge Manufacturing,Receipt AR-11108,Posted
TX-100451,2026-03-25,GB29NWBK60161331926819,GBP,20530.07,Customer Receipts,Caledonia Rail,Receipt AR-10531,Posted
TX-101237,2026-03-25,FR7630006000011234567890189,EUR,351077.32,Customer Receipts,Helios Public Transit,Receipt AR-11501,Posted
TX-102889,2026-03-26,FR7630006000011234567890189,EUR,-7507.28,Supplier Payments,Atelier Maintenance,Payment AP-51213,Posted
TX-102633,2026-03-26,FR7630006000011234567890189,EUR,-6912.31,Supplier Payments,EnerGrid,Payment AP-50912,Posted
TX-103161,2026-03-26,FR7630006000011234567890189,EUR,-24464.93,Supplier Payments,Audit & Co,Payment AP-51563,Posted
TX-100621,2026-03-26,US64SVBKUS6S3300958879,USD,75690.17,Customer Receipts,Delphi Aerospace,Receipt AR-10734,Posted
TX-102380,2026-03-26,US64SVBKUS6S3300958879,USD,-51675.6,Supplier Payments,MicroChip US Inc.,Payment AP-50602,Posted
TX-101079,2026-03-26,FR7630006000011234567890189,EUR,19511.54,Customer Receipts,Gaia Renewables,Receipt AR-11305,Posted
TX-102509,2026-03-27,FR7630006000011234567890189,EUR,-44784.66,Supplier Payments,Logistica Express,Payment AP-50759,Posted
TX-101691,2026-03-27,FR7630006000011234567890189,EUR,4857.91,Customer Receipts,Kepler Robotics,Receipt AR-12080,Posted
TX-102506,2026-03-27,FR7630006000011234567890189,EUR,-51041.66,Supplier Payments,Logistica Express,Payment AP-50756,Posted
TX-101984,2026-03-27,FR7630006000011234567890189,EUR,-20880.38,Supplier Payments,Steelworks Holding,Payment AP-50126,Posted
TX-102635,2026-03-28,FR7630006000011234567890189,EUR,-19277.66,Supplier Payments,EnerGrid,Payment AP-50914,Posted
TX-900029,2026-03-28,FR7630006000011234567899001,EUR,16250.0,Interest Income,BNP Paribas,Term deposit interest,Posted
TX-101696,2026-03-28,FR7630006000011234567890189,EUR,63174.51,Customer Receipts,Kepler Robotics,Receipt AR-12085,Posted
TX-101539,2026-03-28,FR7630006000011234567890189,EUR,419625.44,Customer Receipts,Janus Defence,Receipt AR-11889,Posted
TX-100771,2026-03-29,FR7630006000011234567890189,EUR,26594.77,Customer Receipts,Eos Pharma,Receipt AR-10919,Posted
TX-100459,2026-03-29,GB29NWBK60161331926819,GBP,34015.76,Customer Receipts,Caledonia Rail,Receipt AR-10539,Posted
TX-100458,2026-03-29,GB29NWBK60161331926819,GBP,27824.92,Customer Receipts,Caledonia Rail,Receipt AR-10538,Posted
TX-100452,2026-03-29,GB29NWBK60161331926819,GBP,22566.36,Customer Receipts,Caledonia Rail,Receipt AR-10532,Posted
TX-102891,2026-03-29,FR7630006000011234567890189,EUR,-15617.37,Supplier Payments,Atelier Maintenance,Payment AP-51215,Posted
TX-102888,2026-03-29,FR7630006000011234567890189,EUR,-21587.93,Supplier Payments,Atelier Maintenance,Payment AP-51212,Posted
TX-102892,2026-03-29,FR7630006000011234567890189,EUR,-18863.43,Supplier Payments,Atelier Maintenance,Payment AP-51216,Posted
TX-100454,2026-03-30,GB29NWBK60161331926819,GBP,90218.87,Customer Receipts,Caledonia Rail,Receipt AR-10534,Posted
TX-100625,2026-03-30,US64SVBKUS6S3300958879,USD,40316.0,Customer Receipts,Delphi Aerospace,Receipt AR-10738,Posted
TX-102125,2026-03-30,FR7630006000011234567890189,EUR,-60878.03,Supplier Payments,Polymer Industries,Payment AP-50296,Posted
TX-100924,2026-03-30,FR7630006000011234567890189,EUR,75667.76,Customer Receipts,Forge Manufacturing,Receipt AR-11110,Posted
TX-101239,2026-03-30,FR7630006000011234567890189,EUR,53858.36,Customer Receipts,Helios Public Transit,Receipt AR-11503,Posted
TX-101693,2026-03-31,FR7630006000011234567890189,EUR,18705.21,Customer Receipts,Kepler Robotics,Receipt AR-12082,Posted
TX-101080,2026-03-31,FR7630006000011234567890189,EUR,19310.3,Customer Receipts,Gaia Renewables,Receipt AR-11306,Posted
TX-101690,2026-03-31,FR7630006000011234567890189,EUR,42418.65,Customer Receipts,Kepler Robotics,Receipt AR-12079,Posted
TX-101544,2026-03-31,FR7630006000011234567890189,EUR,247459.66,Customer Receipts,Janus Defence,Receipt AR-11894,Posted
TX-700146,2026-03-31,FR7630006000011234567890245,EUR,-2012800.0,Payroll,Employees,Monthly payroll 2026-03,Posted
TX-700151,2026-03-31,FR7630006000011234567890189,EUR,-3856.51,Bank Fees,BNP Paribas,Banking fees 2026-03,Posted
TX-102513,2026-04-01,FR7630006000011234567890189,EUR,-11483.81,Supplier Payments,Logistica Express,Payment AP-50763,Posted
TX-100925,2026-04-01,FR7630006000011234567890189,EUR,33468.99,Customer Receipts,Forge Manufacturing,Receipt AR-11111,Posted
TX-700156,2026-04-01,FR7630006000011234567890189,EUR,-185000.0,Rent,SCI Helios Properties,Office & plant rent 2026-04,Posted
TX-100155,2026-04-02,FR7630006000011234567890189,EUR,308100.48,Customer Receipts,Atlas Energy Group,Receipt AR-10155,Posted
TX-100152,2026-04-02,FR7630006000011234567890189,EUR,129803.24,Customer Receipts,Atlas Energy Group,Receipt AR-10152,Posted
TX-102508,2026-04-02,FR7630006000011234567890189,EUR,-38962.79,Supplier Payments,Logistica Express,Payment AP-50758,Posted
TX-100156,2026-04-02,FR7630006000011234567890189,EUR,68936.2,Customer Receipts,Atlas Energy Group,Receipt AR-10156,Posted
TX-103021,2026-04-02,FR7630006000011234567890189,EUR,-4228.1,Supplier Payments,Global Insurance Co,Payment AP-51380,Posted
TX-102760,2026-04-02,FR7630006000011234567890189,EUR,-45036.06,Supplier Payments,CloudOps SAS,Payment AP-51055,Posted
TX-102253,2026-04-02,GB29NWBK60161331926819,GBP,-63773.1,Supplier Payments,Voltage Components Ltd,Payment AP-50452,Posted
TX-101689,2026-04-02,FR7630006000011234567890189,EUR,8911.07,Customer Receipts,Kepler Robotics,Receipt AR-12078,Posted
TX-101082,2026-04-02,FR7630006000011234567890189,EUR,10218.1,Customer Receipts,Gaia Renewables,Receipt AR-11308,Posted
TX-100622,2026-04-02,US64SVBKUS6S3300958879,USD,15637.87,Customer Receipts,Delphi Aerospace,Receipt AR-10735,Posted
TX-101848,2026-04-02,FR7630006000011234567890189,EUR,22093.06,Customer Receipts,Luma Construction,Receipt AR-12279,Posted
TX-103024,2026-04-03,FR7630006000011234567890189,EUR,-5203.81,Supplier Payments,Global Insurance Co,Payment AP-51383,Posted
TX-102129,2026-04-03,FR7630006000011234567890189,EUR,-72917.44,Supplier Payments,Polymer Industries,Payment AP-50300,Posted
TX-100620,2026-04-03,US64SVBKUS6S3300958879,USD,114617.0,Customer Receipts,Delphi Aerospace,Receipt AR-10733,Posted
TX-100453,2026-04-03,GB29NWBK60161331926819,GBP,38809.85,Customer Receipts,Caledonia Rail,Receipt AR-10533,Posted
TX-101245,2026-04-04,FR7630006000011234567890189,EUR,30042.89,Customer Receipts,Helios Public Transit,Receipt AR-11509,Posted
TX-100300,2026-04-04,FR7630006000011234567890189,EUR,111621.1,Customer Receipts,Borealis Mobility,Receipt AR-10340,Posted
TX-101852,2026-04-04,FR7630006000011234567890189,EUR,7867.73,Customer Receipts,Luma Construction,Receipt AR-12283,Posted
TX-103162,2026-04-04,FR7630006000011234567890189,EUR,-7914.51,Supplier Payments,Audit & Co,Payment AP-51564,Posted
TX-102515,2026-04-04,FR7630006000011234567890189,EUR,-12017.33,Supplier Payments,Logistica Express,Payment AP-50765,Posted
TX-101392,2026-04-04,FR7630006000011234567890189,EUR,59893.69,Customer Receipts,Indus Logistics,Receipt AR-11707,Posted
TX-102128,2026-04-04,FR7630006000011234567890189,EUR,-8978.19,Supplier Payments,Polymer Industries,Payment AP-50299,Posted
TX-101385,2026-04-04,FR7630006000011234567890189,EUR,13229.36,Customer Receipts,Indus Logistics,Receipt AR-11700,Posted
TX-100920,2026-04-04,FR7630006000011234567890189,EUR,33915.46,Customer Receipts,Forge Manufacturing,Receipt AR-11106,Posted
TX-102893,2026-04-05,FR7630006000011234567890189,EUR,-17105.5,Supplier Payments,Atelier Maintenance,Payment AP-51217,Posted
TX-700147,2026-04-05,FR7630006000011234567890366,EUR,-845376.0,Social Charges,URSSAF,Social charges 2026-03,Posted
TX-101238,2026-04-05,FR7630006000011234567890189,EUR,151350.31,Customer Receipts,Helios Public Transit,Receipt AR-11502,Posted
TX-101236,2026-04-05,FR7630006000011234567890189,EUR,81228.57,Customer Receipts,Helios Public Transit,Receipt AR-11500,Posted
TX-102890,2026-04-05,FR7630006000011234567890189,EUR,-4267.16,Supplier Payments,Atelier Maintenance,Payment AP-51214,Posted
TX-100617,2026-04-06,US64SVBKUS6S3300958879,USD,135009.75,Customer Receipts,Delphi Aerospace,Receipt AR-10730,Posted
TX-102761,2026-04-06,FR7630006000011234567890189,EUR,-10691.68,Supplier Payments,CloudOps SAS,Payment AP-51056,Posted
TX-102763,2026-04-06,FR7630006000011234567890189,EUR,-14938.61,Supplier Payments,CloudOps SAS,Payment AP-51058,Posted
TX-100618,2026-04-06,US64SVBKUS6S3300958879,USD,139580.46,Customer Receipts,Delphi Aerospace,Receipt AR-10731,Posted
TX-102507,2026-04-06,FR7630006000011234567890189,EUR,-30286.82,Supplier Payments,Logistica Express,Payment AP-50757,Posted
TX-700159,2026-04-06,FR7630006000011234567890189,EUR,-321252.54,Capex,Various Equipment Vendors,Plant capex,Posted
TX-100302,2026-04-06,FR7630006000011234567890189,EUR,78733.6,Customer Receipts,Borealis Mobility,Receipt AR-10342,Posted
TX-101853,2026-04-06,FR7630006000011234567890189,EUR,20045.28,Customer Receipts,Luma Construction,Receipt AR-12284,Posted
TX-100461,2026-04-06,GB29NWBK60161331926819,GBP,36001.37,Customer Receipts,Caledonia Rail,Receipt AR-10541,Posted
TX-103164,2026-04-07,FR7630006000011234567890189,EUR,-8491.23,Supplier Payments,Audit & Co,Payment AP-51566,Posted
TX-101692,2026-04-07,FR7630006000011234567890189,EUR,67346.43,Customer Receipts,Kepler Robotics,Receipt AR-12081,Posted
TX-101390,2026-04-07,FR7630006000011234567890189,EUR,51724.33,Customer Receipts,Indus Logistics,Receipt AR-11705,Posted
TX-101697,2026-04-08,FR7630006000011234567890189,EUR,51652.33,Customer Receipts,Kepler Robotics,Receipt AR-12086,Posted
TX-101983,2026-04-08,FR7630006000011234567890189,EUR,-171676.76,Supplier Payments,Steelworks Holding,Payment AP-50125,Posted
TX-101081,2026-04-08,FR7630006000011234567890189,EUR,60449.07,Customer Receipts,Gaia Renewables,Receipt AR-11307,Posted
TX-101388,2026-04-08,FR7630006000011234567890189,EUR,29393.39,Customer Receipts,Indus Logistics,Receipt AR-11703,Posted
TX-100301,2026-04-08,FR7630006000011234567890189,EUR,43782.8,Customer Receipts,Borealis Mobility,Receipt AR-10341,Posted
TX-100777,2026-04-08,FR7630006000011234567890189,EUR,55761.06,Customer Receipts,Eos Pharma,Receipt AR-10925,Posted
TX-102762,2026-04-09,FR7630006000011234567890189,EUR,-31568.9,Supplier Payments,CloudOps SAS,Payment AP-51057,Posted
TX-101849,2026-04-09,FR7630006000011234567890189,EUR,24415.22,Customer Receipts,Luma Construction,Receipt AR-12280,Posted
TX-100932,2026-04-09,FR7630006000011234567890189,EUR,74062.55,Customer Receipts,Forge Manufacturing,Receipt AR-11119,Posted
TX-103025,2026-04-09,FR7630006000011234567890189,EUR,-5533.22,Supplier Payments,Global Insurance Co,Payment AP-51384,Posted
TX-101987,2026-04-09,FR7630006000011234567890189,EUR,-40997.39,Supplier Payments,Steelworks Holding,Payment AP-50129,Posted
TX-103030,2026-04-09,FR7630006000011234567890189,EUR,-4056.39,Supplier Payments,Global Insurance Co,Payment AP-51389,Posted
TX-102639,2026-04-09,FR7630006000011234567890189,EUR,-23194.22,Supplier Payments,EnerGrid,Payment AP-50918,Posted
TX-900031,2026-04-10,FR7630006000011234567890189,EUR,-11503.18,FX Hedging,HSBC FX Desk,FX forward premium,Posted
TX-100468,2026-04-10,GB29NWBK60161331926819,GBP,7978.2,Customer Receipts,Caledonia Rail,Receipt AR-10548,Posted
TX-103029,2026-04-10,FR7630006000011234567890189,EUR,-3735.89,Supplier Payments,Global Insurance Co,Payment AP-51388,Posted
TX-100465,2026-04-10,GB29NWBK60161331926819,GBP,41890.62,Customer Receipts,Caledonia Rail,Receipt AR-10545,Posted
TX-102381,2026-04-11,US64SVBKUS6S3300958879,USD,-42403.78,Supplier Payments,MicroChip US Inc.,Payment AP-50603,Posted
TX-101241,2026-04-11,FR7630006000011234567890189,EUR,88188.43,Customer Receipts,Helios Public Transit,Receipt AR-11505,Posted
TX-100624,2026-04-11,US64SVBKUS6S3300958879,USD,68790.77,Customer Receipts,Delphi Aerospace,Receipt AR-10737,Posted
TX-102256,2026-04-11,GB29NWBK60161331926819,GBP,-72220.84,Supplier Payments,Voltage Components Ltd,Payment AP-50455,Posted
TX-101982,2026-04-11,FR7630006000011234567890189,EUR,-37356.63,Supplier Payments,Steelworks Holding,Payment AP-50124,Posted
TX-102126,2026-04-11,FR7630006000011234567890189,EUR,-44261.19,Supplier Payments,Polymer Industries,Payment AP-50297,Posted
TX-102512,2026-04-11,FR7630006000011234567890189,EUR,-14773.73,Supplier Payments,Logistica Express,Payment AP-50762,Posted
TX-102636,2026-04-12,FR7630006000011234567890189,EUR,-4510.54,Supplier Payments,EnerGrid,Payment AP-50915,Posted
TX-102894,2026-04-12,FR7630006000011234567890189,EUR,-10095.04,Supplier Payments,Atelier Maintenance,Payment AP-51218,Posted
TX-103163,2026-04-12,FR7630006000011234567890189,EUR,-7151.42,Supplier Payments,Audit & Co,Payment AP-51565,Posted
TX-102383,2026-04-13,US64SVBKUS6S3300958879,USD,-276976.26,Supplier Payments,MicroChip US Inc.,Payment AP-50605,Posted
TX-101247,2026-04-13,FR7630006000011234567890189,EUR,72399.3,Customer Receipts,Helios Public Transit,Receipt AR-11511,Posted
TX-100460,2026-04-14,GB29NWBK60161331926819,GBP,71290.74,Customer Receipts,Caledonia Rail,Receipt AR-10540,Posted
TX-103027,2026-04-14,FR7630006000011234567890189,EUR,-11237.54,Supplier Payments,Global Insurance Co,Payment AP-51386,Posted
TX-101980,2026-04-15,FR7630006000011234567890189,EUR,-114642.25,Supplier Payments,Steelworks Holding,Payment AP-50122,Posted
TX-700157,2026-04-15,FR7630006000011234567890189,EUR,-125000.0,Debt Service,Bond Trustee,Senior notes coupon + amortization,Posted
TX-101986,2026-04-15,FR7630006000011234567890189,EUR,-132817.75,Supplier Payments,Steelworks Holding,Payment AP-50128,Posted
TX-101084,2026-04-15,FR7630006000011234567890189,EUR,61090.34,Customer Receipts,Gaia Renewables,Receipt AR-11310,Posted
TX-101543,2026-04-15,FR7630006000011234567890189,EUR,69748.84,Customer Receipts,Janus Defence,Receipt AR-11893,Posted
TX-102638,2026-04-15,FR7630006000011234567890189,EUR,-23695.64,Supplier Payments,EnerGrid,Payment AP-50917,Posted
TX-102124,2026-04-17,FR7630006000011234567890189,EUR,-175505.28,Supplier Payments,Polymer Industries,Payment AP-50295,Posted
TX-100774,2026-04-17,FR7630006000011234567890189,EUR,19811.73,Customer Receipts,Eos Pharma,Receipt AR-10922,Posted
TX-101694,2026-04-17,FR7630006000011234567890189,EUR,12143.01,Customer Receipts,Kepler Robotics,Receipt AR-12083,Posted
TX-102637,2026-04-17,FR7630006000011234567890189,EUR,-17099.51,Supplier Payments,EnerGrid,Payment AP-50916,Posted
TX-101386,2026-04-17,FR7630006000011234567890189,EUR,1476.03,Customer Receipts,Indus Logistics,Receipt AR-11701,Posted
TX-100775,2026-04-18,FR7630006000011234567890189,EUR,12900.85,Customer Receipts,Eos Pharma,Receipt AR-10923,Posted
TX-100467,2026-04-18,GB29NWBK60161331926819,GBP,42103.35,Customer Receipts,Caledonia Rail,Receipt AR-10547,Posted
TX-100929,2026-04-18,FR7630006000011234567890189,EUR,114386.93,Customer Receipts,Forge Manufacturing,Receipt AR-11115,Posted
TX-100627,2026-04-18,US64SVBKUS6S3300958879,USD,166684.38,Customer Receipts,Delphi Aerospace,Receipt AR-10740,Posted
TX-102257,2026-04-18,GB29NWBK60161331926819,GBP,-84255.49,Supplier Payments,Voltage Components Ltd,Payment AP-50456,Posted
TX-100463,2026-04-19,GB29NWBK60161331926819,GBP,4071.61,Customer Receipts,Caledonia Rail,Receipt AR-10543,Posted
TX-100776,2026-04-19,FR7630006000011234567890189,EUR,56711.61,Customer Receipts,Eos Pharma,Receipt AR-10924,Posted
TX-101698,2026-04-19,FR7630006000011234567890189,EUR,30448.39,Customer Receipts,Kepler Robotics,Receipt AR-12087,Posted
TX-101702,2026-04-19,FR7630006000011234567890189,EUR,43472.16,Customer Receipts,Kepler Robotics,Receipt AR-12095,Posted
TX-102516,2026-04-19,FR7630006000011234567890189,EUR,-51200.71,Supplier Payments,Logistica Express,Payment AP-50766,Posted
TX-100150,2026-04-20,FR7630006000011234567890189,EUR,196672.28,Customer Receipts,Atlas Energy Group,Receipt AR-10150,Posted
TX-101695,2026-04-20,FR7630006000011234567890189,EUR,3445.19,Customer Receipts,Kepler Robotics,Receipt AR-12084,Posted
TX-102641,2026-04-20,FR7630006000011234567890189,EUR,-16761.37,Supplier Payments,EnerGrid,Payment AP-50920,Posted
TX-700148,2026-04-20,FR7630006000011234567890366,EUR,-388151.25,VAT,DGFiP,VAT 2026-03,Posted
TX-100304,2026-04-20,FR7630006000011234567890189,EUR,139851.53,Customer Receipts,Borealis Mobility,Receipt AR-10344,Posted
TX-103026,2026-04-20,FR7630006000011234567890189,EUR,-2796.46,Supplier Payments,Global Insurance Co,Payment AP-51385,Posted
TX-101542,2026-04-20,FR7630006000011234567890189,EUR,81755.78,Customer Receipts,Janus Defence,Receipt AR-11892,Posted
TX-101391,2026-04-21,FR7630006000011234567890189,EUR,18488.24,Customer Receipts,Indus Logistics,Receipt AR-11706,Posted
TX-101989,2026-04-21,FR7630006000011234567890189,EUR,-104447.75,Supplier Payments,Steelworks Holding,Payment AP-50131,Posted
TX-100629,2026-04-21,US64SVBKUS6S3300958879,USD,81767.31,Customer Receipts,Delphi Aerospace,Receipt AR-10743,Posted
TX-102517,2026-04-21,FR7630006000011234567890189,EUR,-11986.09,Supplier Payments,Logistica Express,Payment AP-50767,Posted
TX-102514,2026-04-21,FR7630006000011234567890189,EUR,-28072.08,Supplier Payments,Logistica Express,Payment AP-50764,Posted
TX-101243,2026-04-22,FR7630006000011234567890189,EUR,46646.94,Customer Receipts,Helios Public Transit,Receipt AR-11507,Posted
TX-100159,2026-04-22,FR7630006000011234567890189,EUR,137379.97,Customer Receipts,Atlas Energy Group,Receipt AR-10160,Posted
TX-101545,2026-04-22,FR7630006000011234567890189,EUR,124187.39,Customer Receipts,Janus Defence,Receipt AR-11895,Posted
TX-100157,2026-04-22,FR7630006000011234567890189,EUR,168107.15,Customer Receipts,Atlas Energy Group,Receipt AR-10157,Posted
TX-100462,2026-04-22,GB29NWBK60161331926819,GBP,71345.78,Customer Receipts,Caledonia Rail,Receipt AR-10542,Posted
TX-101389,2026-04-22,FR7630006000011234567890189,EUR,35791.18,Customer Receipts,Indus Logistics,Receipt AR-11704,Posted
TX-101085,2026-04-22,FR7630006000011234567890189,EUR,22916.38,Customer Receipts,Gaia Renewables,Receipt AR-11311,Posted
TX-103167,2026-04-22,FR7630006000011234567890189,EUR,-20337.99,Supplier Payments,Audit & Co,Payment AP-51569,Posted
TX-102640,2026-04-22,FR7630006000011234567890189,EUR,-11275.95,Supplier Payments,EnerGrid,Payment AP-50919,Posted
TX-101701,2026-04-23,FR7630006000011234567890189,EUR,45968.95,Customer Receipts,Kepler Robotics,Receipt AR-12094,Posted
TX-101248,2026-04-23,FR7630006000011234567890189,EUR,123419.42,Customer Receipts,Helios Public Transit,Receipt AR-11517,Posted
TX-100778,2026-04-23,FR7630006000011234567890189,EUR,55400.08,Customer Receipts,Eos Pharma,Receipt AR-10926,Posted
TX-101088,2026-04-23,FR7630006000011234567890189,EUR,70372.93,Customer Receipts,Gaia Renewables,Receipt AR-11314,Posted
TX-101090,2026-04-23,FR7630006000011234567890189,EUR,15857.43,Customer Receipts,Gaia Renewables,Receipt AR-11316,Posted
TX-100780,2026-04-24,FR7630006000011234567890189,EUR,22063.36,Customer Receipts,Eos Pharma,Receipt AR-10928,Posted
TX-102764,2026-04-24,FR7630006000011234567890189,EUR,-17480.37,Supplier Payments,CloudOps SAS,Payment AP-51059,Posted
TX-100307,2026-04-25,FR7630006000011234567890189,EUR,90540.7,Customer Receipts,Borealis Mobility,Receipt AR-10347,Posted
TX-101087,2026-04-25,FR7630006000011234567890189,EUR,26287.95,Customer Receipts,Gaia Renewables,Receipt AR-11313,Posted
TX-100161,2026-04-25,FR7630006000011234567890189,EUR,45109.44,Customer Receipts,Atlas Energy Group,Receipt AR-10163,Posted
TX-101700,2026-04-25,FR7630006000011234567890189,EUR,7279.95,Customer Receipts,Kepler Robotics,Receipt AR-12092,Posted
TX-100466,2026-04-26,GB29NWBK60161331926819,GBP,72436.46,Customer Receipts,Caledonia Rail,Receipt AR-10546,Posted
TX-101246,2026-04-26,FR7630006000011234567890189,EUR,54819.28,Customer Receipts,Helios Public Transit,Receipt AR-11510,Posted
TX-101092,2026-04-26,FR7630006000011234567890189,EUR,61673.01,Customer Receipts,Gaia Renewables,Receipt AR-11318,Posted
TX-101387,2026-04-26,FR7630006000011234567890189,EUR,41504.35,Customer Receipts,Indus Logistics,Receipt AR-11702,Posted
TX-102510,2026-04-26,FR7630006000011234567890189,EUR,-941.89,Supplier Payments,Logistica Express,Payment AP-50760,Posted
TX-101089,2026-04-26,FR7630006000011234567890189,EUR,26322.28,Customer Receipts,Gaia Renewables,Receipt AR-11315,Posted
TX-102896,2026-04-27,FR7630006000011234567890189,EUR,-12824.64,Supplier Payments,Atelier Maintenance,Payment AP-51221,Posted
TX-102259,2026-04-27,GB29NWBK60161331926819,GBP,-6106.85,Supplier Payments,Voltage Components Ltd,Payment AP-50458,Posted
TX-101091,2026-04-27,FR7630006000011234567890189,EUR,89369.31,Customer Receipts,Gaia Renewables,Receipt AR-11317,Posted
TX-103165,2026-04-27,FR7630006000011234567890189,EUR,-6681.29,Supplier Payments,Audit & Co,Payment AP-51567,Posted
TX-101855,2026-04-27,FR7630006000011234567890189,EUR,69876.96,Customer Receipts,Luma Construction,Receipt AR-12288,Posted
TX-103166,2026-04-27,FR7630006000011234567890189,EUR,-4939.01,Supplier Payments,Audit & Co,Payment AP-51568,Posted
TX-102511,2026-04-27,FR7630006000011234567890189,EUR,-40665.0,Supplier Payments,Logistica Express,Payment AP-50761,Posted
TX-101240,2026-04-27,FR7630006000011234567890189,EUR,20594.36,Customer Receipts,Helios Public Transit,Receipt AR-11504,Posted
TX-102384,2026-04-27,US64SVBKUS6S3300958879,USD,-84036.22,Supplier Payments,MicroChip US Inc.,Payment AP-50606,Posted
TX-101093,2026-04-28,FR7630006000011234567890189,EUR,19991.85,Customer Receipts,Gaia Renewables,Receipt AR-11319,Posted
TX-101546,2026-04-28,FR7630006000011234567890189,EUR,184088.0,Customer Receipts,Janus Defence,Receipt AR-11896,Posted
TX-102642,2026-04-28,FR7630006000011234567890189,EUR,-22742.61,Supplier Payments,EnerGrid,Payment AP-50921,Posted
TX-101851,2026-04-28,FR7630006000011234567890189,EUR,43442.63,Customer Receipts,Luma Construction,Receipt AR-12282,Posted
TX-101857,2026-04-28,FR7630006000011234567890189,EUR,2374.47,Customer Receipts,Luma Construction,Receipt AR-12290,Posted
TX-101244,2026-04-28,FR7630006000011234567890189,EUR,118393.32,Customer Receipts,Helios Public Transit,Receipt AR-11508,Posted
TX-101991,2026-04-29,FR7630006000011234567890189,EUR,-15493.5,Supplier Payments,Steelworks Holding,Payment AP-50136,Posted
TX-103169,2026-04-29,FR7630006000011234567890189,EUR,-5806.75,Supplier Payments,Audit & Co,Payment AP-51572,Posted
TX-100928,2026-04-29,FR7630006000011234567890189,EUR,36278.41,Customer Receipts,Forge Manufacturing,Receipt AR-11114,Posted
TX-100632,2026-04-29,US64SVBKUS6S3300958879,USD,88619.32,Customer Receipts,Delphi Aerospace,Receipt AR-10747,Posted
TX-103028,2026-04-29,FR7630006000011234567890189,EUR,-5454.17,Supplier Payments,Global Insurance Co,Payment AP-51387,Posted
TX-100931,2026-04-29,FR7630006000011234567890189,EUR,59882.3,Customer Receipts,Forge Manufacturing,Receipt AR-11118,Posted
TX-102131,2026-04-29,FR7630006000011234567890189,EUR,-66217.99,Supplier Payments,Polymer Industries,Payment AP-50303,Posted
TX-102519,2026-04-29,FR7630006000011234567890189,EUR,-8859.34,Supplier Payments,Logistica Express,Payment AP-50774,Posted
TX-100626,2026-04-29,US64SVBKUS6S3300958879,USD,209718.11,Customer Receipts,Delphi Aerospace,Receipt AR-10739,Posted
TX-100464,2026-04-29,GB29NWBK60161331926819,GBP,9174.35,Customer Receipts,Caledonia Rail,Receipt AR-10544,Posted
TX-103031,2026-04-30,FR7630006000011234567890189,EUR,-9861.31,Supplier Payments,Global Insurance Co,Payment AP-51395,Posted
TX-103168,2026-04-30,FR7630006000011234567890189,EUR,-1099.5,Supplier Payments,Audit & Co,Payment AP-51570,Posted
TX-102130,2026-04-30,FR7630006000011234567890189,EUR,-42156.9,Supplier Payments,Polymer Industries,Payment AP-50301,Posted
TX-100306,2026-04-30,FR7630006000011234567890189,EUR,271927.63,Customer Receipts,Borealis Mobility,Receipt AR-10346,Posted
TX-101242,2026-04-30,FR7630006000011234567890189,EUR,123154.87,Customer Receipts,Helios Public Transit,Receipt AR-11506,Posted
TX-100628,2026-04-30,US64SVBKUS6S3300958879,USD,51487.32,Customer Receipts,Delphi Aerospace,Receipt AR-10741,Posted
TX-700154,2026-04-30,FR7630006000011234567890245,EUR,-2020200.0,Payroll,Employees,Monthly payroll 2026-04,Posted
TX-101086,2026-04-30,FR7630006000011234567890189,EUR,2542.94,Customer Receipts,Gaia Renewables,Receipt AR-11312,Posted
TX-100930,2026-04-30,FR7630006000011234567890189,EUR,57607.67,Customer Receipts,Forge Manufacturing,Receipt AR-11116,Posted
TX-700158,2026-04-30,FR7630006000011234567890189,EUR,-4428.9,Bank Fees,BNP Paribas,Banking fees 2026-04,Posted
TX-101856,2026-04-30,FR7630006000011234567890189,EUR,12059.13,Customer Receipts,Luma Construction,Receipt AR-12289,Posted
TX-102382,2026-05-01,US64SVBKUS6S3300958879,USD,-134276.55,Supplier Payments,MicroChip US Inc.,Payment AP-50604,Posted
TX-100779,2026-05-01,FR7630006000011234567890189,EUR,60289.43,Customer Receipts,Eos Pharma,Receipt AR-10927,Posted
TX-100631,2026-05-01,US64SVBKUS6S3300958879,USD,113027.17,Customer Receipts,Delphi Aerospace,Receipt AR-10746,Posted
TX-700160,2026-05-01,FR7630006000011234567890189,EUR,-185000.0,Rent,SCI Helios Properties,Office & plant rent 2026-05,Posted
TX-100469,2026-05-02,GB29NWBK60161331926819,GBP,57737.95,Customer Receipts,Caledonia Rail,Receipt AR-10550,Posted
TX-102518,2026-05-02,FR7630006000011234567890189,EUR,-34117.1,Supplier Payments,Logistica Express,Payment AP-50769,Posted
TX-101393,2026-05-02,FR7630006000011234567890189,EUR,69791.08,Customer Receipts,Indus Logistics,Receipt AR-11712,Posted
TX-100305,2026-05-02,FR7630006000011234567890189,EUR,164506.11,Customer Receipts,Borealis Mobility,Receipt AR-10345,Posted
TX-100158,2026-05-02,FR7630006000011234567890189,EUR,207069.92,Customer Receipts,Atlas Energy Group,Receipt AR-10158,Posted
TX-101988,2026-05-02,FR7630006000011234567890189,EUR,-247491.77,Supplier Payments,Steelworks Holding,Payment AP-50130,Posted
TX-100470,2026-05-02,GB29NWBK60161331926819,GBP,39672.77,Customer Receipts,Caledonia Rail,Receipt AR-10555,Posted
TX-102258,2026-05-02,GB29NWBK60161331926819,GBP,-49008.89,Supplier Payments,Voltage Components Ltd,Payment AP-50457,Posted
TX-100935,2026-05-03,FR7630006000011234567890189,EUR,27485.19,Customer Receipts,Forge Manufacturing,Receipt AR-11122,Posted
TX-100934,2026-05-03,FR7630006000011234567890189,EUR,109130.23,Customer Receipts,Forge Manufacturing,Receipt AR-11121,Posted
TX-101395,2026-05-03,FR7630006000011234567890189,EUR,25459.65,Customer Receipts,Indus Logistics,Receipt AR-11714,Posted
TX-100630,2026-05-04,US64SVBKUS6S3300958879,USD,2523.28,Customer Receipts,Delphi Aerospace,Receipt AR-10745,Posted
TX-102895,2026-05-04,FR7630006000011234567890189,EUR,-24588.76,Supplier Payments,Atelier Maintenance,Payment AP-51220,Posted
TX-101990,2026-05-04,FR7630006000011234567890189,EUR,-51728.77,Supplier Payments,Steelworks Holding,Payment AP-50133,Posted
TX-102643,2026-05-04,FR7630006000011234567890189,EUR,-14452.02,Supplier Payments,EnerGrid,Payment AP-50924,Posted
TX-100160,2026-05-04,FR7630006000011234567890189,EUR,154120.51,Customer Receipts,Atlas Energy Group,Receipt AR-10161,Posted
TX-101394,2026-05-05,FR7630006000011234567890189,EUR,38000.82,Customer Receipts,Indus Logistics,Receipt AR-11713,Posted
TX-700155,2026-05-05,FR7630006000011234567890366,EUR,-848484.0,Social Charges,URSSAF,Social charges 2026-04,Posted
TX-100781,2026-05-05,FR7630006000011234567890189,EUR,17168.83,Customer Receipts,Eos Pharma,Receipt AR-10935,Posted
TX-101699,2026-05-05,FR7630006000011234567890189,EUR,63383.43,Customer Receipts,Kepler Robotics,Receipt AR-12091,Posted
TX-100933,2026-05-05,FR7630006000011234567890189,EUR,38615.11,Customer Receipts,Forge Manufacturing,Receipt AR-11120,Posted
